#
# A fatal error has been detected by the Java Runtime Environment:
#
#  SIGSEGV (0xb) at pc=0x0000750ac0a89fc1, pid=17287, tid=17288
#
# JRE version: OpenJDK Runtime Environment Temurin-21.0.5+11 (21.0.5+11) (build 21.0.5+11-LTS)
# Java VM: OpenJDK 64-Bit Server VM Temurin-21.0.5+11 (21.0.5+11-LTS, mixed mode, tiered, compressed oops, compressed class ptrs, g1 gc, linux-amd64)
# Problematic frame:
# C  [libgobject-2.0.so.0+0x3dfc1]  g_type_check_instance_is_fundamentally_a+0x11
#
# Core dump will be written. Default location: core.17287 (may not exist)
#
# If you would like to submit a bug report, please visit:
#   https://github.com/adoptium/adoptium-support/issues
# The crash happened outside the Java Virtual Machine in native code.
# See problematic frame for where to report the bug.
#

---------------  S U M M A R Y ------------

Command Line: -XX:+IgnoreUnrecognizedVMOptions -Dosgi.requiredJavaVersion=17 -Dfile.encoding=UTF-8 --add-opens=java.base/java.io=ALL-UNNAMED --add-opens=java.base/java.lang=ALL-UNNAMED --add-opens=java.base/java.lang.reflect=ALL-UNNAMED --add-opens=java.base/java.net=ALL-UNNAMED --add-opens=java.base/java.nio=ALL-UNNAMED --add-opens=java.base/java.nio.charset=ALL-UNNAMED --add-opens=java.base/java.text=ALL-UNNAMED --add-opens=java.base/java.time=ALL-UNNAMED --add-opens=java.base/java.util=ALL-UNNAMED --add-opens=java.base/java.util.concurrent=ALL-UNNAMED --add-opens=java.base/java.util.concurrent.atomic=ALL-UNNAMED --add-opens=java.base/jdk.internal.vm=ALL-UNNAMED --add-opens=java.base/jdk.internal.misc=ALL-UNNAMED --add-opens=java.base/sun.nio.ch=ALL-UNNAMED --add-opens=java.base/sun.nio.fs=ALL-UNNAMED --add-opens=java.base/sun.security.ssl=ALL-UNNAMED --add-opens=java.base/sun.security.action=ALL-UNNAMED --add-opens=java.base/sun.security.util=ALL-UNNAMED --add-opens=java.security.jgss/sun.security.jgss=ALL-UNNAMED --add-opens=java.security.jgss/sun.security.krb5=ALL-UNNAMED --add-opens=java.desktop/java.awt=ALL-UNNAMED --add-opens=java.desktop/java.awt.peer=ALL-UNNAMED --add-opens=java.sql/java.sql=ALL-UNNAMED -Xms64m -Xmx1024m -Ddbeaver.distribution.type=deb -Duser.home=/home/fourandhalf/snap/dbeaver-ce/370 -Dorg.eclipse.swt.browser.DefaultType=webkit -Dorg.eclipse.swt.browser.UseWebKitGTK=true -Ddbeaver.io.tmpdir=/home/fourandhalf/Downloads /snap/dbeaver-ce/370/usr/share/dbeaver-ce//plugins/org.jkiss.dbeaver.launcher_1.0.28.202505041731.jar -os linux -ws gtk -arch x86_64 -showsplash -launcher /snap/dbeaver-ce/370/usr/share/dbeaver-ce/dbeaver -name Dbeaver --launcher.library /snap/dbeaver-ce/370/usr/share/dbeaver-ce//plugins/org.eclipse.equinox.launcher.gtk.linux.x86_64_1.2.1300.v20250212-0927/eclipse_11909.so -startup /snap/dbeaver-ce/370/usr/share/dbeaver-ce//plugins/org.jkiss.dbeaver.launcher_1.0.28.202505041731.jar --launcher.overrideVmargs -exitdata 801e -vm /snap/dbeaver-ce/370/usr/share/dbeaver-ce/jre/bin/java -vmargs -XX:+IgnoreUnrecognizedVMOptions -Dosgi.requiredJavaVersion=17 -Dfile.encoding=UTF-8 --add-opens=java.base/java.io=ALL-UNNAMED --add-opens=java.base/java.lang=ALL-UNNAMED --add-opens=java.base/java.lang.reflect=ALL-UNNAMED --add-opens=java.base/java.net=ALL-UNNAMED --add-opens=java.base/java.nio=ALL-UNNAMED --add-opens=java.base/java.nio.charset=ALL-UNNAMED --add-opens=java.base/java.text=ALL-UNNAMED --add-opens=java.base/java.time=ALL-UNNAMED --add-opens=java.base/java.util=ALL-UNNAMED --add-opens=java.base/java.util.concurrent=ALL-UNNAMED --add-opens=java.base/java.util.concurrent.atomic=ALL-UNNAMED --add-opens=java.base/jdk.internal.vm=ALL-UNNAMED --add-opens=java.base/jdk.internal.misc=ALL-UNNAMED --add-opens=java.base/sun.nio.ch=ALL-UNNAMED --add-opens=java.base/sun.nio.fs=ALL-UNNAMED --add-opens=java.base/sun.security.ssl=ALL-UNNAMED --add-opens=java.base/sun.security.action=ALL-UNNAMED --add-opens=java.base/sun.security.util=ALL-UNNAMED --add-opens=java.security.jgss/sun.security.jgss=ALL-UNNAMED --add-opens=java.security.jgss/sun.security.krb5=ALL-UNNAMED --add-opens=java.desktop/java.awt=ALL-UNNAMED --add-opens=java.desktop/java.awt.peer=ALL-UNNAMED --add-opens=java.sql/java.sql=ALL-UNNAMED -Xms64m -Xmx1024m -Ddbeaver.distribution.type=deb -jar /snap/dbeaver-ce/370/usr/share/dbeaver-ce//plugins/org.jkiss.dbeaver.launcher_1.0.28.202505041731.jar

Host: AMD Ryzen 5 3550H with Radeon Vega Mobile Gfx, 8 cores, 7G, AMD Ryzen 5 3550H with Radeon Vega Mobile Gfx
Time: Sat May 10 14:15:18 2025 IST elapsed time: 12850.484669 seconds (0d 3h 34m 10s)

---------------  T H R E A D  ---------------

Current thread (0x0000750ad402ed00):  JavaThread "main"             [_thread_in_native, id=17288, stack(0x0000750ad9792000,0x0000750ad9893000) (1028K)]

Stack: [0x0000750ad9792000,0x0000750ad9893000],  sp=0x0000750ad988ae78,  free space=995k
Native frames: (J=compiled Java code, j=interpreted, Vv=VM code, C=native code)
C  [libgobject-2.0.so.0+0x3dfc1]  g_type_check_instance_is_fundamentally_a+0x11
Java frames: (J=compiled Java code, j=interpreted, Vv=VM code)
j  org.eclipse.swt.internal.gtk.OS.g_object_set(J[BJJ)V+0
j  org.eclipse.swt.widgets.Tree.cellDataProc(JJJJJ)J+289
j  org.eclipse.swt.widgets.Display.cellDataProc(JJJJJ)J+25
v  ~StubRoutines::call_stub 0x0000750aca537cc6
J 7442  org.eclipse.swt.internal.gtk3.GTK3.gtk_widget_size_allocate(JLorg/eclipse/swt/internal/gtk/GtkAllocation;)V (0 bytes) @ 0x0000750acaecac85 [0x0000750acaecac20+0x0000000000000065]
J 9448 c1 org.eclipse.swt.widgets.Control.setBounds(IIIIZZ)I (841 bytes) @ 0x0000750ac3a82904 [0x0000750ac3a81400+0x0000000000001504]
J 7862 c1 org.eclipse.swt.widgets.Composite.setBounds(IIIIZZ)I (113 bytes) @ 0x0000750ac3e69bb4 [0x0000750ac3e696a0+0x0000000000000514]
J 12900 c1 org.eclipse.swt.widgets.Control.setBounds(Lorg/eclipse/swt/graphics/Rectangle;)V (50 bytes) @ 0x0000750ac3a14884 [0x0000750ac3a143a0+0x00000000000004e4]
j  org.eclipse.swt.custom.CTabFolder.setSelection(I)V+152
j  org.eclipse.swt.custom.CTabFolder.setSelection(Lorg/eclipse/swt/custom/CTabItem;)V+20
j  org.eclipse.e4.ui.workbench.renderers.swt.StackRenderer.showTab(Lorg/eclipse/e4/ui/model/application/ui/MUIElement;)V+160
j  org.eclipse.e4.ui.workbench.renderers.swt.LazyStackRenderer.lambda$0(Lorg/osgi/service/event/Event;)V+99
j  org.eclipse.e4.ui.workbench.renderers.swt.LazyStackRenderer$$Lambda+0x00000001005ea880.handleEvent(Lorg/osgi/service/event/Event;)V+5
J 7005 c1 org.eclipse.e4.ui.services.internal.events.UIEventHandler$$Lambda+0x000000010051c000.run()V (12 bytes) @ 0x0000750ac385d20c [0x0000750ac385d0c0+0x000000000000014c]
J 11337 c2 org.eclipse.swt.widgets.Display.syncExec(Ljava/lang/Runnable;)V (102 bytes) @ 0x0000750acb0cdb40 [0x0000750acb0cd3c0+0x0000000000000780]
J 6896 c1 org.eclipse.e4.ui.services.internal.events.UIEventHandler.handleEvent(Lorg/osgi/service/event/Event;)V (35 bytes) @ 0x0000750ac35fd96c [0x0000750ac35fd3c0+0x00000000000005ac]
J 9355 c2 org.eclipse.equinox.internal.event.EventHandlerTracker.dispatchEvent(Ljava/lang/Object;Ljava/lang/Object;ILjava/lang/Object;)V (19 bytes) @ 0x0000750acad406bc [0x0000750acad40380+0x000000000000033c]
J 14543 c2 org.eclipse.osgi.framework.eventmgr.ListenerQueue.dispatchEventSynchronous(ILjava/lang/Object;)V (81 bytes) @ 0x0000750acb07a7dc [0x0000750acb07a400+0x00000000000003dc]
J 6744 c1 org.eclipse.equinox.internal.event.EventAdminImpl.dispatchEvent(Lorg/osgi/service/event/Event;Z)V (228 bytes) @ 0x0000750ac32e1b94 [0x0000750ac32e0d40+0x0000000000000e54]
J 7065 c1 org.eclipse.equinox.internal.event.EventComponent.sendEvent(Lorg/osgi/service/event/Event;)V (9 bytes) @ 0x0000750ac3ca4114 [0x0000750ac3ca4040+0x00000000000000d4]
J 6719 c1 org.eclipse.e4.ui.internal.workbench.UIEventPublisher.notifyChanged(Lorg/eclipse/emf/common/notify/Notification;)V (61 bytes) @ 0x0000750ac3569234 [0x0000750ac3568760+0x0000000000000ad4]
J 4917 c1 org.eclipse.emf.common.notify.impl.BasicNotifierImpl.eNotify(Lorg/eclipse/emf/common/notify/Notification;)V (44 bytes) @ 0x0000750ac3924ddc [0x0000750ac3924ae0+0x00000000000002fc]
j  org.eclipse.e4.ui.model.application.ui.impl.ElementContainerImpl.setSelectedElementGen(Lorg/eclipse/e4/ui/model/application/ui/MUIElement;)V+34
j  org.eclipse.e4.ui.model.application.ui.impl.ElementContainerImpl.setSelectedElement(Lorg/eclipse/e4/ui/model/application/ui/MUIElement;)V+63
j  org.eclipse.e4.ui.workbench.renderers.swt.LazyStackRenderer.postProcess(Lorg/eclipse/e4/ui/model/application/ui/MUIElement;)V+112
j  org.eclipse.e4.ui.internal.workbench.swt.PartRenderingEngine.safeCreateGui(Lorg/eclipse/e4/ui/model/application/ui/MUIElement;Ljava/lang/Object;Lorg/eclipse/e4/core/contexts/IEclipseContext;)Ljava/lang/Object;+609
j  org.eclipse.e4.ui.internal.workbench.swt.PartRenderingEngine.safeCreateGui(Lorg/eclipse/e4/ui/model/application/ui/MUIElement;)Ljava/lang/Object;+168
j  org.eclipse.e4.ui.internal.workbench.swt.PartRenderingEngine$2.run()V+13
J 7966 c2 org.eclipse.core.runtime.SafeRunner.run(Lorg/eclipse/core/runtime/ISafeRunnable;)V (20 bytes) @ 0x0000750acaf198d4 [0x0000750acaf198a0+0x0000000000000034]
j  org.eclipse.e4.ui.internal.workbench.swt.PartRenderingEngine.createGui(Lorg/eclipse/e4/ui/model/application/ui/MUIElement;)Ljava/lang/Object;+15
j  org.eclipse.e4.ui.workbench.renderers.swt.SWTPartRenderer.processContents(Lorg/eclipse/e4/ui/model/application/ui/MElementContainer;)V+53
j  org.eclipse.e4.ui.workbench.renderers.swt.SashRenderer.processContents(Lorg/eclipse/e4/ui/model/application/ui/MElementContainer;)V+12
j  org.eclipse.e4.ui.internal.workbench.swt.PartRenderingEngine.safeCreateGui(Lorg/eclipse/e4/ui/model/application/ui/MUIElement;Ljava/lang/Object;Lorg/eclipse/e4/core/contexts/IEclipseContext;)Ljava/lang/Object;+603
j  org.eclipse.e4.ui.internal.workbench.swt.PartRenderingEngine.safeCreateGui(Lorg/eclipse/e4/ui/model/application/ui/MUIElement;)Ljava/lang/Object;+168
j  org.eclipse.e4.ui.internal.workbench.swt.PartRenderingEngine$2.run()V+13
J 7966 c2 org.eclipse.core.runtime.SafeRunner.run(Lorg/eclipse/core/runtime/ISafeRunnable;)V (20 bytes) @ 0x0000750acaf198d4 [0x0000750acaf198a0+0x0000000000000034]
j  org.eclipse.e4.ui.internal.workbench.swt.PartRenderingEngine.createGui(Lorg/eclipse/e4/ui/model/application/ui/MUIElement;)Ljava/lang/Object;+15
j  org.eclipse.e4.ui.workbench.renderers.swt.SWTPartRenderer.processContents(Lorg/eclipse/e4/ui/model/application/ui/MElementContainer;)V+53
j  org.eclipse.e4.ui.workbench.renderers.swt.SashRenderer.processContents(Lorg/eclipse/e4/ui/model/application/ui/MElementContainer;)V+12
j  org.eclipse.e4.ui.internal.workbench.swt.PartRenderingEngine.safeCreateGui(Lorg/eclipse/e4/ui/model/application/ui/MUIElement;Ljava/lang/Object;Lorg/eclipse/e4/core/contexts/IEclipseContext;)Ljava/lang/Object;+603
j  org.eclipse.e4.ui.internal.workbench.swt.PartRenderingEngine.safeCreateGui(Lorg/eclipse/e4/ui/model/application/ui/MUIElement;)Ljava/lang/Object;+168
j  org.eclipse.e4.ui.internal.workbench.swt.PartRenderingEngine$2.run()V+13
J 7966 c2 org.eclipse.core.runtime.SafeRunner.run(Lorg/eclipse/core/runtime/ISafeRunnable;)V (20 bytes) @ 0x0000750acaf198d4 [0x0000750acaf198a0+0x0000000000000034]
j  org.eclipse.e4.ui.internal.workbench.swt.PartRenderingEngine.createGui(Lorg/eclipse/e4/ui/model/application/ui/MUIElement;)Ljava/lang/Object;+15
j  org.eclipse.e4.ui.internal.workbench.swt.PartRenderingEngine.subscribeTopicToBeRendered(Lorg/osgi/service/event/Event;)V+95
J 7091 c1 java.lang.invoke.LambdaForm$DMH+0x0000000100198000.invokeSpecial(Ljava/lang/Object;Ljava/lang/Object;Ljava/lang/Object;)V java.base@21.0.5 (15 bytes) @ 0x0000750ac3cb3b8c [0x0000750ac3cb37e0+0x00000000000003ac]
J 7094 c1 java.lang.invoke.LambdaForm$MH+0x0000000100199400.invoke(Ljava/lang/Object;Ljava/lang/Object;Ljava/lang/Object;)Ljava/lang/Object; java.base@21.0.5 (57 bytes) @ 0x0000750ac3cb4d5c [0x0000750ac3cb4620+0x000000000000073c]
J 11364 c2 org.eclipse.e4.core.internal.di.MethodRequestor.execute()Ljava/lang/Object; (176 bytes) @ 0x0000750acb0ec738 [0x0000750acb0ec120+0x0000000000000618]
J 7305 c1 org.eclipse.e4.core.di.internal.extensions.EventObjectSupplier$DIEventHandler.handleEvent(Lorg/osgi/service/event/Event;)V (68 bytes) @ 0x0000750ac3d34e2c [0x0000750ac3d34480+0x00000000000009ac]
J 9355 c2 org.eclipse.equinox.internal.event.EventHandlerTracker.dispatchEvent(Ljava/lang/Object;Ljava/lang/Object;ILjava/lang/Object;)V (19 bytes) @ 0x0000750acad406bc [0x0000750acad40380+0x000000000000033c]
J 14543 c2 org.eclipse.osgi.framework.eventmgr.ListenerQueue.dispatchEventSynchronous(ILjava/lang/Object;)V (81 bytes) @ 0x0000750acb07a7dc [0x0000750acb07a400+0x00000000000003dc]
J 6744 c1 org.eclipse.equinox.internal.event.EventAdminImpl.dispatchEvent(Lorg/osgi/service/event/Event;Z)V (228 bytes) @ 0x0000750ac32e1b94 [0x0000750ac32e0d40+0x0000000000000e54]
J 7065 c1 org.eclipse.equinox.internal.event.EventComponent.sendEvent(Lorg/osgi/service/event/Event;)V (9 bytes) @ 0x0000750ac3ca4114 [0x0000750ac3ca4040+0x00000000000000d4]
J 6719 c1 org.eclipse.e4.ui.internal.workbench.UIEventPublisher.notifyChanged(Lorg/eclipse/emf/common/notify/Notification;)V (61 bytes) @ 0x0000750ac3569234 [0x0000750ac3568760+0x0000000000000ad4]
J 4917 c1 org.eclipse.emf.common.notify.impl.BasicNotifierImpl.eNotify(Lorg/eclipse/emf/common/notify/Notification;)V (44 bytes) @ 0x0000750ac3924ddc [0x0000750ac3924ae0+0x00000000000002fc]
j  org.eclipse.e4.ui.model.application.ui.impl.UIElementImpl.setToBeRendered(Z)V+34
j  org.eclipse.e4.ui.workbench.addons.cleanupaddon.CleanupAddon.subscribeRenderingChanged(Lorg/osgi/service/event/Event;)V+146
J 7091 c1 java.lang.invoke.LambdaForm$DMH+0x0000000100198000.invokeSpecial(Ljava/lang/Object;Ljava/lang/Object;Ljava/lang/Object;)V java.base@21.0.5 (15 bytes) @ 0x0000750ac3cb3b8c [0x0000750ac3cb37e0+0x00000000000003ac]
J 7146 c1 java.lang.invoke.LambdaForm$MH+0x0000000100229800.invoke(Ljava/lang/Object;Ljava/lang/Object;Ljava/lang/Object;)Ljava/lang/Object; java.base@21.0.5 (57 bytes) @ 0x0000750ac3cdf154 [0x0000750ac3cdeba0+0x00000000000005b4]
J 11364 c2 org.eclipse.e4.core.internal.di.MethodRequestor.execute()Ljava/lang/Object; (176 bytes) @ 0x0000750acb0ec738 [0x0000750acb0ec120+0x0000000000000618]
J 14777 c2 org.eclipse.e4.ui.internal.di.UIEventObjectSupplier$UIEventHandler$$Lambda+0x00000001004cb488.run()V (10 bytes) @ 0x0000750acb01dc74 [0x0000750acb01dc20+0x0000000000000054]
J 11337 c2 org.eclipse.swt.widgets.Display.syncExec(Ljava/lang/Runnable;)V (102 bytes) @ 0x0000750acb0cdb40 [0x0000750acb0cd3c0+0x0000000000000780]
J 14739 c2 org.eclipse.e4.ui.internal.di.UIEventObjectSupplier$UIEventHandler.handleEvent(Lorg/osgi/service/event/Event;)V (125 bytes) @ 0x0000750acaeaa054 [0x0000750acaea9320+0x0000000000000d34]
J 9355 c2 org.eclipse.equinox.internal.event.EventHandlerTracker.dispatchEvent(Ljava/lang/Object;Ljava/lang/Object;ILjava/lang/Object;)V (19 bytes) @ 0x0000750acad406bc [0x0000750acad40380+0x000000000000033c]
J 14543 c2 org.eclipse.osgi.framework.eventmgr.ListenerQueue.dispatchEventSynchronous(ILjava/lang/Object;)V (81 bytes) @ 0x0000750acb07a7dc [0x0000750acb07a400+0x00000000000003dc]
J 6744 c1 org.eclipse.equinox.internal.event.EventAdminImpl.dispatchEvent(Lorg/osgi/service/event/Event;Z)V (228 bytes) @ 0x0000750ac32e1b94 [0x0000750ac32e0d40+0x0000000000000e54]
J 7065 c1 org.eclipse.equinox.internal.event.EventComponent.sendEvent(Lorg/osgi/service/event/Event;)V (9 bytes) @ 0x0000750ac3ca4114 [0x0000750ac3ca4040+0x00000000000000d4]
J 6719 c1 org.eclipse.e4.ui.internal.workbench.UIEventPublisher.notifyChanged(Lorg/eclipse/emf/common/notify/Notification;)V (61 bytes) @ 0x0000750ac3569234 [0x0000750ac3568760+0x0000000000000ad4]
J 4917 c1 org.eclipse.emf.common.notify.impl.BasicNotifierImpl.eNotify(Lorg/eclipse/emf/common/notify/Notification;)V (44 bytes) @ 0x0000750ac3924ddc [0x0000750ac3924ae0+0x00000000000002fc]
j  org.eclipse.e4.ui.model.application.ui.impl.UIElementImpl.setToBeRendered(Z)V+34
j  org.eclipse.e4.ui.workbench.addons.cleanupaddon.CleanupAddon.subscribeRenderingChanged(Lorg/osgi/service/event/Event;)V+146
J 7091 c1 java.lang.invoke.LambdaForm$DMH+0x0000000100198000.invokeSpecial(Ljava/lang/Object;Ljava/lang/Object;Ljava/lang/Object;)V java.base@21.0.5 (15 bytes) @ 0x0000750ac3cb3b8c [0x0000750ac3cb37e0+0x00000000000003ac]
J 7146 c1 java.lang.invoke.LambdaForm$MH+0x0000000100229800.invoke(Ljava/lang/Object;Ljava/lang/Object;Ljava/lang/Object;)Ljava/lang/Object; java.base@21.0.5 (57 bytes) @ 0x0000750ac3cdf154 [0x0000750ac3cdeba0+0x00000000000005b4]
J 11364 c2 org.eclipse.e4.core.internal.di.MethodRequestor.execute()Ljava/lang/Object; (176 bytes) @ 0x0000750acb0ec738 [0x0000750acb0ec120+0x0000000000000618]
J 14777 c2 org.eclipse.e4.ui.internal.di.UIEventObjectSupplier$UIEventHandler$$Lambda+0x00000001004cb488.run()V (10 bytes) @ 0x0000750acb01dc74 [0x0000750acb01dc20+0x0000000000000054]
J 11337 c2 org.eclipse.swt.widgets.Display.syncExec(Ljava/lang/Runnable;)V (102 bytes) @ 0x0000750acb0cdb40 [0x0000750acb0cd3c0+0x0000000000000780]
J 14739 c2 org.eclipse.e4.ui.internal.di.UIEventObjectSupplier$UIEventHandler.handleEvent(Lorg/osgi/service/event/Event;)V (125 bytes) @ 0x0000750acaeaa054 [0x0000750acaea9320+0x0000000000000d34]
J 9355 c2 org.eclipse.equinox.internal.event.EventHandlerTracker.dispatchEvent(Ljava/lang/Object;Ljava/lang/Object;ILjava/lang/Object;)V (19 bytes) @ 0x0000750acad406bc [0x0000750acad40380+0x000000000000033c]
J 14543 c2 org.eclipse.osgi.framework.eventmgr.ListenerQueue.dispatchEventSynchronous(ILjava/lang/Object;)V (81 bytes) @ 0x0000750acb07a7dc [0x0000750acb07a400+0x00000000000003dc]
J 6744 c1 org.eclipse.equinox.internal.event.EventAdminImpl.dispatchEvent(Lorg/osgi/service/event/Event;Z)V (228 bytes) @ 0x0000750ac32e1b94 [0x0000750ac32e0d40+0x0000000000000e54]
J 7065 c1 org.eclipse.equinox.internal.event.EventComponent.sendEvent(Lorg/osgi/service/event/Event;)V (9 bytes) @ 0x0000750ac3ca4114 [0x0000750ac3ca4040+0x00000000000000d4]
J 6719 c1 org.eclipse.e4.ui.internal.workbench.UIEventPublisher.notifyChanged(Lorg/eclipse/emf/common/notify/Notification;)V (61 bytes) @ 0x0000750ac3569234 [0x0000750ac3568760+0x0000000000000ad4]
J 4917 c1 org.eclipse.emf.common.notify.impl.BasicNotifierImpl.eNotify(Lorg/eclipse/emf/common/notify/Notification;)V (44 bytes) @ 0x0000750ac3924ddc [0x0000750ac3924ae0+0x00000000000002fc]
j  org.eclipse.e4.ui.model.application.ui.impl.UIElementImpl.setToBeRendered(Z)V+34
j  org.eclipse.e4.ui.workbench.addons.cleanupaddon.CleanupAddon.subscribeRenderingChanged(Lorg/osgi/service/event/Event;)V+146
J 7091 c1 java.lang.invoke.LambdaForm$DMH+0x0000000100198000.invokeSpecial(Ljava/lang/Object;Ljava/lang/Object;Ljava/lang/Object;)V java.base@21.0.5 (15 bytes) @ 0x0000750ac3cb3b8c [0x0000750ac3cb37e0+0x00000000000003ac]
J 7146 c1 java.lang.invoke.LambdaForm$MH+0x0000000100229800.invoke(Ljava/lang/Object;Ljava/lang/Object;Ljava/lang/Object;)Ljava/lang/Object; java.base@21.0.5 (57 bytes) @ 0x0000750ac3cdf154 [0x0000750ac3cdeba0+0x00000000000005b4]
J 11364 c2 org.eclipse.e4.core.internal.di.MethodRequestor.execute()Ljava/lang/Object; (176 bytes) @ 0x0000750acb0ec738 [0x0000750acb0ec120+0x0000000000000618]
J 14777 c2 org.eclipse.e4.ui.internal.di.UIEventObjectSupplier$UIEventHandler$$Lambda+0x00000001004cb488.run()V (10 bytes) @ 0x0000750acb01dc74 [0x0000750acb01dc20+0x0000000000000054]
J 11337 c2 org.eclipse.swt.widgets.Display.syncExec(Ljava/lang/Runnable;)V (102 bytes) @ 0x0000750acb0cdb40 [0x0000750acb0cd3c0+0x0000000000000780]
J 14739 c2 org.eclipse.e4.ui.internal.di.UIEventObjectSupplier$UIEventHandler.handleEvent(Lorg/osgi/service/event/Event;)V (125 bytes) @ 0x0000750acaeaa054 [0x0000750acaea9320+0x0000000000000d34]
J 9355 c2 org.eclipse.equinox.internal.event.EventHandlerTracker.dispatchEvent(Ljava/lang/Object;Ljava/lang/Object;ILjava/lang/Object;)V (19 bytes) @ 0x0000750acad406bc [0x0000750acad40380+0x000000000000033c]
J 14543 c2 org.eclipse.osgi.framework.eventmgr.ListenerQueue.dispatchEventSynchronous(ILjava/lang/Object;)V (81 bytes) @ 0x0000750acb07a7dc [0x0000750acb07a400+0x00000000000003dc]
J 6744 c1 org.eclipse.equinox.internal.event.EventAdminImpl.dispatchEvent(Lorg/osgi/service/event/Event;Z)V (228 bytes) @ 0x0000750ac32e1b94 [0x0000750ac32e0d40+0x0000000000000e54]
J 7065 c1 org.eclipse.equinox.internal.event.EventComponent.sendEvent(Lorg/osgi/service/event/Event;)V (9 bytes) @ 0x0000750ac3ca4114 [0x0000750ac3ca4040+0x00000000000000d4]
J 6719 c1 org.eclipse.e4.ui.internal.workbench.UIEventPublisher.notifyChanged(Lorg/eclipse/emf/common/notify/Notification;)V (61 bytes) @ 0x0000750ac3569234 [0x0000750ac3568760+0x0000000000000ad4]
J 4917 c1 org.eclipse.emf.common.notify.impl.BasicNotifierImpl.eNotify(Lorg/eclipse/emf/common/notify/Notification;)V (44 bytes) @ 0x0000750ac3924ddc [0x0000750ac3924ae0+0x00000000000002fc]
j  org.eclipse.e4.ui.model.application.ui.impl.UIElementImpl.setToBeRendered(Z)V+34
j  org.eclipse.e4.ui.internal.workbench.ModelServiceImpl.showElementInWindow(Lorg/eclipse/e4/ui/model/application/ui/basic/MWindow;Lorg/eclipse/e4/ui/model/application/ui/MUIElement;)V+107
j  org.eclipse.e4.ui.internal.workbench.ModelServiceImpl.bringToTop(Lorg/eclipse/e4/ui/model/application/ui/MUIElement;)V+53
j  org.eclipse.e4.ui.internal.workbench.PartServiceImpl.delegateBringToTop(Lorg/eclipse/e4/ui/model/application/ui/basic/MPart;)V+5
j  org.eclipse.e4.ui.internal.workbench.PartServiceImpl.activate(Lorg/eclipse/e4/ui/model/application/ui/basic/MPart;ZZ)V+350
j  org.eclipse.e4.ui.internal.workbench.PartServiceImpl.activate(Lorg/eclipse/e4/ui/model/application/ui/basic/MPart;Z)V+4
j  org.eclipse.e4.ui.internal.workbench.PartServiceImpl.activate(Lorg/eclipse/e4/ui/model/application/ui/basic/MPart;)V+3
j  org.eclipse.e4.ui.internal.workbench.PartServiceImpl.showPart(Lorg/eclipse/e4/ui/model/application/ui/basic/MPart;Lorg/eclipse/e4/ui/workbench/modeling/EPartService$PartState;)Lorg/eclipse/e4/ui/model/application/ui/basic/MPart;+82
j  org.eclipse.ui.internal.WorkbenchPage.showPart(ILorg/eclipse/e4/ui/model/application/ui/basic/MPart;)Lorg/eclipse/e4/ui/model/application/ui/basic/MPart;+36
j  org.eclipse.ui.internal.WorkbenchPage.busyShowView(Ljava/lang/String;I)Lorg/eclipse/ui/IViewPart;+109
j  org.eclipse.ui.internal.WorkbenchPage.lambda$13([Ljava/lang/Object;Ljava/lang/String;I)V+5
j  org.eclipse.ui.internal.WorkbenchPage$$Lambda+0x0000000100b7ddd0.run()V+16
j  org.eclipse.swt.custom.BusyIndicator.showWhile(Lorg/eclipse/swt/widgets/Display;Ljava/lang/Runnable;)V+33
j  org.eclipse.ui.internal.WorkbenchPage.showView(Ljava/lang/String;Ljava/lang/String;I)Lorg/eclipse/ui/IViewPart;+86
j  org.eclipse.ui.internal.WorkbenchPage.showView(Ljava/lang/String;)Lorg/eclipse/ui/IViewPart;+4
j  org.jkiss.dbeaver.ui.editors.sql.handlers.SQLEditorHandlerToggleOutlineView.execute(Lorg/eclipse/core/commands/ExecutionEvent;)Ljava/lang/Object;+60
j  org.eclipse.ui.internal.handlers.HandlerProxy.execute(Lorg/eclipse/core/commands/ExecutionEvent;)Ljava/lang/Object;+33
j  org.eclipse.ui.internal.handlers.E4HandlerProxy.execute(Lorg/eclipse/e4/core/contexts/IEclipseContext;Ljava/util/Map;Lorg/eclipse/swt/widgets/Event;Lorg/eclipse/core/expressions/IEvaluationContext;)Ljava/lang/Object;+106
j  java.lang.invoke.LambdaForm$DMH+0x00000001004e9800.invokeVirtual(Ljava/lang/Object;Ljava/lang/Object;Ljava/lang/Object;Ljava/lang/Object;Ljava/lang/Object;Ljava/lang/Object;)Ljava/lang/Object;+18 java.base@21.0.5
j  java.lang.invoke.LambdaForm$MH+0x00000001003ed400.invoke(Ljava/lang/Object;Ljava/lang/Object;Ljava/lang/Object;)Ljava/lang/Object;+143 java.base@21.0.5
J 11364 c2 org.eclipse.e4.core.internal.di.MethodRequestor.execute()Ljava/lang/Object; (176 bytes) @ 0x0000750acb0ec6c8 [0x0000750acb0ec120+0x00000000000005a8]
J 13416 c2 org.eclipse.e4.core.internal.di.InjectorImpl.invokeUsingClass(Ljava/lang/Object;Ljava/lang/Class;Ljava/lang/Class;Ljava/lang/Object;Lorg/eclipse/e4/core/di/suppliers/PrimaryObjectSupplier;Lorg/eclipse/e4/core/di/suppliers/PrimaryObjectSupplier;ZZZ)Ljava/lang/Object; (164 bytes) @ 0x0000750acacaf684 [0x0000750acacae8c0+0x0000000000000dc4]
J 14661 c2 org.eclipse.e4.core.contexts.ContextInjectionFactory.invoke(Ljava/lang/Object;Ljava/lang/Class;Lorg/eclipse/e4/core/contexts/IEclipseContext;Lorg/eclipse/e4/core/contexts/IEclipseContext;Ljava/lang/Object;)Ljava/lang/Object; (35 bytes) @ 0x0000750acb045428 [0x0000750acb0452c0+0x0000000000000168]
j  org.eclipse.e4.core.commands.internal.HandlerServiceHandler.execute(Lorg/eclipse/core/commands/ExecutionEvent;)Ljava/lang/Object;+99
j  org.eclipse.core.commands.Command.executeWithChecks(Lorg/eclipse/core/commands/ExecutionEvent;)Ljava/lang/Object;+116
j  org.eclipse.core.commands.ParameterizedCommand.executeWithChecks(Ljava/lang/Object;Ljava/lang/Object;)Ljava/lang/Object;+21
j  org.eclipse.e4.core.commands.internal.HandlerServiceImpl.executeHandler(Lorg/eclipse/core/commands/ParameterizedCommand;Lorg/eclipse/e4/core/contexts/IEclipseContext;)Ljava/lang/Object;+38
j  org.eclipse.e4.ui.workbench.renderers.swt.HandledContributionItem.executeItem(Lorg/eclipse/swt/widgets/Event;)V+50
j  org.eclipse.e4.ui.workbench.renderers.swt.AbstractContributionItem.handleWidgetSelection(Lorg/eclipse/swt/widgets/Event;)V+123
j  org.eclipse.e4.ui.workbench.renderers.swt.AbstractContributionItem.lambda$2(Lorg/eclipse/swt/widgets/Event;)V+65
j  org.eclipse.e4.ui.workbench.renderers.swt.AbstractContributionItem$$Lambda+0x0000000100696ec0.handleEvent(Lorg/eclipse/swt/widgets/Event;)V+5
J 12966 c2 org.eclipse.swt.widgets.EventTable.sendEvent(Lorg/eclipse/swt/widgets/Event;)V (619 bytes) @ 0x0000750acae46030 [0x0000750acae45f40+0x00000000000000f0]
J 11518 c2 org.eclipse.swt.widgets.Display.runDeferredEvents()Z (109 bytes) @ 0x0000750acb11b104 [0x0000750acb11ac60+0x00000000000004a4]
J 12161% c2 org.eclipse.e4.ui.internal.workbench.swt.PartRenderingEngine$5.run()V (690 bytes) @ 0x0000750acb1a2fa8 [0x0000750acb1a2e40+0x0000000000000168]
j  org.eclipse.core.databinding.observable.Realm.runWithDefault(Lorg/eclipse/core/databinding/observable/Realm;Ljava/lang/Runnable;)V+12
j  org.eclipse.e4.ui.internal.workbench.swt.PartRenderingEngine.run(Lorg/eclipse/e4/ui/model/application/MApplicationElement;Lorg/eclipse/e4/core/contexts/IEclipseContext;)Ljava/lang/Object;+57
j  org.eclipse.e4.ui.internal.workbench.E4Workbench.createAndRunUI(Lorg/eclipse/e4/ui/model/application/MApplicationElement;)V+20
j  org.eclipse.ui.internal.Workbench.lambda$3(Lorg/eclipse/swt/widgets/Display;Lorg/eclipse/ui/application/WorkbenchAdvisor;[I)V+392
j  org.eclipse.ui.internal.Workbench$$Lambda+0x00000001003cec68.run()V+12
j  org.eclipse.core.databinding.observable.Realm.runWithDefault(Lorg/eclipse/core/databinding/observable/Realm;Ljava/lang/Runnable;)V+12
j  org.eclipse.ui.internal.Workbench.createAndRunWorkbench(Lorg/eclipse/swt/widgets/Display;Lorg/eclipse/ui/application/WorkbenchAdvisor;)I+16
j  org.eclipse.ui.PlatformUI.createAndRunWorkbench(Lorg/eclipse/swt/widgets/Display;Lorg/eclipse/ui/application/WorkbenchAdvisor;)I+2
j  org.jkiss.dbeaver.ui.app.standalone.DBeaverApplication.start(Lorg/eclipse/equinox/app/IApplicationContext;)Ljava/lang/Object;+546
j  org.eclipse.equinox.internal.app.EclipseAppHandle.run(Ljava/lang/Object;)Ljava/lang/Object;+138
j  org.eclipse.core.runtime.internal.adaptor.EclipseAppLauncher.runApplication(Ljava/lang/Object;)Ljava/lang/Object;+85
j  org.eclipse.core.runtime.internal.adaptor.EclipseAppLauncher.start(Ljava/lang/Object;)Ljava/lang/Object;+79
j  org.eclipse.core.runtime.adaptor.EclipseStarter.run(Ljava/lang/Object;)Ljava/lang/Object;+99
j  org.eclipse.core.runtime.adaptor.EclipseStarter.run([Ljava/lang/String;Ljava/lang/Runnable;)Ljava/lang/Object;+132
J 418 c1 java.lang.invoke.DirectMethodHandle$Holder.invokeStatic(Ljava/lang/Object;Ljava/lang/Object;Ljava/lang/Object;)Ljava/lang/Object; java.base@21.0.5 (15 bytes) @ 0x0000750ac308f5ac [0x0000750ac308f2e0+0x00000000000002cc]
j  java.lang.invoke.LambdaForm$MH+0x0000000100143800.invoke(Ljava/lang/Object;Ljava/lang/Object;Ljava/lang/Object;Ljava/lang/Object;)Ljava/lang/Object;+54 java.base@21.0.5
j  java.lang.invoke.LambdaForm$MH+0x0000000100143c00.invokeExact_MT(Ljava/lang/Object;Ljava/lang/Object;Ljava/lang/Object;Ljava/lang/Object;Ljava/lang/Object;)Ljava/lang/Object;+22 java.base@21.0.5
j  jdk.internal.reflect.DirectMethodHandleAccessor.invokeImpl(Ljava/lang/Object;[Ljava/lang/Object;)Ljava/lang/Object;+72 java.base@21.0.5
j  jdk.internal.reflect.DirectMethodHandleAccessor.invoke(Ljava/lang/Object;[Ljava/lang/Object;)Ljava/lang/Object;+23 java.base@21.0.5
j  java.lang.reflect.Method.invoke(Ljava/lang/Object;[Ljava/lang/Object;)Ljava/lang/Object;+102 java.base@21.0.5
j  org.jkiss.dbeaver.launcher.DBeaverLauncher.invokeFramework([Ljava/lang/String;[Ljava/net/URL;)V+201
j  org.jkiss.dbeaver.launcher.DBeaverLauncher.basicRun([Ljava/lang/String;)V+209
j  org.jkiss.dbeaver.launcher.DBeaverLauncher.run([Ljava/lang/String;)I+2
j  org.jkiss.dbeaver.launcher.DBeaverLauncher.main([Ljava/lang/String;)V+10
v  ~StubRoutines::call_stub 0x0000750aca537cc6

siginfo: si_signo: 11 (SIGSEGV), si_code: 128 (SI_KERNEL), si_addr: 0x0000000000000000

Registers:
RAX=0xaaaaaaaaaaaaaaaa, RBX=0x0000750ad402f0b8, RCX=0x0000000000000000, RDX=0x0000750ad6d60590
RSP=0x0000750ad988ae78, RBP=0x0000750ad4471950, RSI=0x0000000000000050, RDI=0x0000750ad4471950
R8 =0x00000000c173e5b0, R9 =0x0000000000000000, R10=0x0000750aca543951, R11=0x00000000c173e080
R12=0x0000750ad5928c70, R13=0x0000750ad4471950, R14=0x0000750ad6d60590, R15=0x0000750ad402ed00
RIP=0x0000750ac0a89fc1, EFLAGS=0x0000000000010286, CSGSFS=0x002b000000000033, ERR=0x0000000000000000
  TRAPNO=0x000000000000000d


Register to memory mapping:

RAX=0xaaaaaaaaaaaaaaaa is an unknown value
RBX=0x0000750ad402f0b8 points into unknown readable memory: 0x0000750adaedc1e0 | e0 c1 ed da 0a 75 00 00
RCX=0x0 is null
RDX=0x0000750ad6d60590 points into unknown readable memory: 0x6f68735f6c72753c | 3c 75 72 6c 5f 73 68 6f
RSP=0x0000750ad988ae78 is pointing into the stack for thread: 0x0000750ad402ed00
RBP=0x0000750ad4471950 points into unknown readable memory: 0xaaaaaaaaaaaaaaaa | aa aa aa aa aa aa aa aa
RSI=0x0000000000000050 is an unknown value
RDI=0x0000750ad4471950 points into unknown readable memory: 0xaaaaaaaaaaaaaaaa | aa aa aa aa aa aa aa aa
R8 =0x00000000c173e5b0 is pointing into object: [B 
{0x00000000c173e5a0} - klass: {type array byte}
 - length: 5
R9 =0x0 is null
R10=0x0000750aca543951 is at code_begin+1009 in an Interpreter codelet
native method entry point (kind = native)  [0x0000750aca543560, 0x0000750aca543fd0]  2672 bytes
R11=0x00000000c173e080 is an oop: java.lang.Class 
{0x00000000c173e080} - klass: 'java/lang/Class'
 - ---- fields (total size 133 words):
 - private volatile transient 'classRedefinedCount' 'I' @12  0 (0x00000000)
 - injected 'klass' 'J' @16  4297620872 (0x0000000100287d88)
 - injected 'array_klass' 'J' @24  0 (0x0000000000000000)
 - injected 'oop_size' 'I' @32  133 (0x00000085)
 - injected 'static_oop_field_count' 'I' @36  166 (0x000000a6)
 - private volatile transient 'cachedConstructor' 'Ljava/lang/reflect/Constructor;' @40  null (0x00000000)
 - private transient 'name' 'Ljava/lang/String;' @44  "org.eclipse.swt.internal.gtk.OS"{0x00000000c1744900} (0xc1744900)
 - private transient 'module' 'Ljava/lang/Module;' @48  a 'java/lang/Module'{0x00000000c24f98c8} (0xc24f98c8)
 - private final 'classLoader' 'Ljava/lang/ClassLoader;' @52  a 'org/eclipse/osgi/internal/loader/EquinoxClassLoader'{0x00000000c0ec6630} (0xc0ec6630)
 - private transient 'classData' 'Ljava/lang/Object;' @56  null (0x00000000)
 - private transient 'packageName' 'Ljava/lang/String;' @60  "org.eclipse.swt.internal.gtk"{0x00000000c21369f0} (0xc21369f0)
 - private final 'componentType' 'Ljava/lang/Class;' @64  null (0x00000000)
 - private volatile transient 'reflectionData' 'Ljava/lang/ref/SoftReference;' @68  null (0x00000000)
 - private volatile transient 'genericInfo' 'Lsun/reflect/generics/repository/ClassRepository;' @72  null (0x00000000)
 - private volatile transient 'enumConstants' '[Ljava/lang/Object;' @76  null (0x00000000)
 - private volatile transient 'enumConstantDirectory' 'Ljava/util/Map;' @80  null (0x00000000)
 - private volatile transient 'annotationData' 'Ljava/lang/Class$AnnotationData;' @84  null (0x00000000)
 - private volatile transient 'annotationType' 'Lsun/reflect/annotation/AnnotationType;' @88  null (0x00000000)
 - transient 'classValueMap' 'Ljava/lang/ClassValue$ClassValueMap;' @92  null (0x00000000)
 - injected 'protection_domain' 'Ljava/lang/Object;' @96  a 'org/eclipse/osgi/internal/loader/ModuleClassLoader$GenerationProtectionDomain'{0x00000000c0ec7de0} (0xc0ec7de0)
 - injected 'signers_name' 'Ljava/lang/Object;' @100  null (0x00000000)
 - injected 'source_file' 'Ljava/lang/Object;' @104  null (0x00000000)
 - injected '<init_lock>' 'Ljava/lang/Object;' @108  null (0x00000000)
 - signature: Lorg/eclipse/swt/internal/gtk/OS;
 - ---- static fields (166):
 - public static final 'IsLinux' 'Z' @1052  true (0x01)
 - public static final 'IsWin32' 'Z' @1053  false (0x00)
 - public static final 'BIG_ENDIAN' 'Z' @1054  false (0x00)
 - public static final 'SWT_LIB_VERSIONS' 'Ljava/lang/String;' @112  "SWT_LIB_VERSIONS"{0x00000000c24febe8} (0xc24febe8)
 - public static final 'G_FILE_ERROR_IO' 'I' @776  21 (0x00000015)
 - public static final 'G_FILE_TEST_IS_DIR' 'I' @780  4 (0x00000004)
 - public static final 'G_FILE_TEST_IS_EXECUTABLE' 'I' @784  8 (0x00000008)
 - public static final 'G_SIGNAL_MATCH_DATA' 'I' @788  16 (0x00000010)
 - public static final 'G_SIGNAL_MATCH_ID' 'I' @792  1 (0x00000001)
 - public static final 'G_LOG_FLAG_FATAL' 'I' @796  2 (0x00000002)
 - public static final 'G_LOG_FLAG_RECURSION' 'I' @800  1 (0x00000001)
 - public static final 'G_LOG_LEVEL_MASK' 'I' @804  -4 (0xfffffffc)
 - public static final 'G_APP_INFO_CREATE_NONE' 'I' @808  0 (0x00000000)
 - public static final 'G_APP_INFO_CREATE_SUPPORTS_URIS' 'I' @812  2 (0x00000002)
 - public static final 'GTK_TYPE_TEXT_BUFFER' 'I' @816  21 (0x00000015)
 - public static final 'PANGO_ALIGN_LEFT' 'I' @820  0 (0x00000000)
 - public static final 'PANGO_ALIGN_CENTER' 'I' @824  1 (0x00000001)
 - public static final 'PANGO_ALIGN_RIGHT' 'I' @828  2 (0x00000002)
 - public static final 'PANGO_ATTR_FOREGROUND' 'I' @832  9 (0x00000009)
 - public static final 'PANGO_ATTR_BACKGROUND' 'I' @836  10 (0x0000000a)
 - public static final 'PANGO_ATTR_UNDERLINE' 'I' @840  11 (0x0000000b)
 - public static final 'PANGO_ATTR_UNDERLINE_COLOR' 'I' @844  18 (0x00000012)
 - public static final 'PANGO_DIRECTION_LTR' 'I' @848  0 (0x00000000)
 - public static final 'PANGO_DIRECTION_RTL' 'I' @852  1 (0x00000001)
 - public static final 'PANGO_SCALE' 'I' @856  1024 (0x00000400)
 - public static final 'PANGO_STRETCH_ULTRA_CONDENSED' 'I' @860  0 (0x00000000)
 - public static final 'PANGO_STRETCH_EXTRA_CONDENSED' 'I' @864  1 (0x00000001)
 - public static final 'PANGO_STRETCH_CONDENSED' 'I' @868  2 (0x00000002)
 - public static final 'PANGO_STRETCH_SEMI_CONDENSED' 'I' @872  3 (0x00000003)
 - public static final 'PANGO_STRETCH_NORMAL' 'I' @876  4 (0x00000004)
 - public static final 'PANGO_STRETCH_SEMI_EXPANDED' 'I' @880  5 (0x00000005)
 - public static final 'PANGO_STRETCH_EXPANDED' 'I' @884  6 (0x00000006)
 - public static final 'PANGO_STRETCH_EXTRA_EXPANDED' 'I' @888  7 (0x00000007)
 - public static final 'PANGO_STRETCH_ULTRA_EXPANDED' 'I' @892  8 (0x00000008)
 - public static final 'PANGO_STYLE_ITALIC' 'I' @896  2 (0x00000002)
 - public static final 'PANGO_STYLE_NORMAL' 'I' @900  0 (0x00000000)
 - public static final 'PANGO_STYLE_OBLIQUE' 'I' @904  1 (0x00000001)
 - public static final 'PANGO_TAB_LEFT' 'I' @908  0 (0x00000000)
 - public static final 'PANGO_UNDERLINE_NONE' 'I' @912  0 (0x00000000)
 - public static final 'PANGO_UNDERLINE_SINGLE' 'I' @916  1 (0x00000001)
 - public static final 'PANGO_UNDERLINE_DOUBLE' 'I' @920  2 (0x00000002)
 - public static final 'PANGO_UNDERLINE_LOW' 'I' @924  3 (0x00000003)
 - public static final 'PANGO_UNDERLINE_ERROR' 'I' @928  4 (0x00000004)
 - public static final 'PANGO_VARIANT_NORMAL' 'I' @932  0 (0x00000000)
 - public static final 'PANGO_VARIANT_SMALL_CAPS' 'I' @936  1 (0x00000001)
 - public static final 'PANGO_WEIGHT_BOLD' 'I' @940  700 (0x000002bc)
 - public static final 'PANGO_WEIGHT_NORMAL' 'I' @944  400 (0x00000190)
 - public static final 'PANGO_WRAP_WORD_CHAR' 'I' @948  2 (0x00000002)
 - public static final 'PANGO_FONT_MASK_FAMILY' 'I' @952  1 (0x00000001)
 - public static final 'PANGO_FONT_MASK_STYLE' 'I' @956  2 (0x00000002)
 - public static final 'PANGO_FONT_MASK_WEIGHT' 'I' @960  8 (0x00000008)
 - public static final 'PANGO_FONT_MASK_SIZE' 'I' @964  32 (0x00000020)
 - public static final 'G_BUS_TYPE_SESSION' 'I' @968  2 (0x00000002)
 - public static final 'G_BUS_NAME_OWNER_FLAGS_ALLOW_REPLACEMENT' 'I' @972  1 (0x00000001)
 - public static final 'G_BUS_NAME_OWNER_FLAGS_REPLACE' 'I' @976  2 (0x00000002)
 - public static final 'G_DBUS_PROXY_FLAGS_DO_NOT_LOAD_PROPERTIES' 'I' @980  1 (0x00000001)
 - public static final 'G_DBUS_PROXY_FLAGS_DO_NOT_CONNECT_SIGNALS' 'I' @984  2 (0x00000002)
 - public static final 'G_DBUS_PROXY_FLAGS_DO_NOT_AUTO_START' 'I' @988  3 (0x00000003)
 - public static final 'G_DBUS_CALL_FLAGS_NONE' 'I' @992  0 (0x00000000)
 - public static final 'DBUS_TYPE_BYTE' 'Ljava/lang/String;' @116  "y"{0x00000000c04d6580} (0xc04d6580)
 - public static final 'DBUS_TYPE_BOOLEAN' 'Ljava/lang/String;' @120  "b"{0x00000000c171edf8} (0xc171edf8)
 - public static final 'DBUS_TYPE_ARRAY' 'Ljava/lang/String;' @124  "a"{0x00000000c04e1c10} (0xc04e1c10)
 - public static final 'DBUS_TYPE_STRING' 'Ljava/lang/String;' @128  "s"{0x00000000c0c4ebd8} (0xc0c4ebd8)
 - public static final 'DBUS_TYPE_STRING_ARRAY' 'Ljava/lang/String;' @132  "as"{0x00000000c17448d0} (0xc17448d0)
 - public static final 'DBUS_TYPE_STRUCT_ARRAY_BROWSER_FUNCS' 'Ljava/lang/String;' @136  "a(tss)"{0x00000000c17448a0} (0xc17448a0)
 - public static final 'DBUS_TYPE_INT32' 'Ljava/lang/String;' @140  "i"{0x00000000c171ef18} (0xc171ef18)
 - public static final 'DBUS_TYPE_UINT64' 'Ljava/lang/String;' @144  "t"{0x00000000c171ec78} (0xc171ec78)
 - public static final 'DBUS_TYPE_DOUBLE' 'Ljava/lang/String;' @148  "d"{0x00000000c04d67a8} (0xc04d67a8)
 - public static final 'DBUS_TYPE_STRUCT' 'Ljava/lang/String;' @152  "r"{0x00000000c00782c0} (0xc00782c0)
 - public static final 'DBUS_TYPE_SINGLE_COMPLETE' 'Ljava/lang/String;' @156  "*"{0x00000000c02418f8} (0xc02418f8)
 - public static final 'G_VARIANT_TYPE_BYTE' '[B' @160  [B{0x00000000c1744888} (0xc1744888)
 - public static final 'G_VARIANT_TYPE_BOOLEAN' '[B' @164  [B{0x00000000c1744870} (0xc1744870)
 - public static final 'G_VARIANT_TYPE_STRING_ARRAY' '[B' @168  [B{0x00000000c1744858} (0xc1744858)
 - public static final 'G_VARIANT_TYPE_STRING' '[B' @172  [B{0x00000000c1744840} (0xc1744840)
 - public static final 'G_VARIANT_TYPE_IN32' '[B' @176  [B{0x00000000c1744828} (0xc1744828)
 - public static final 'G_VARIANT_TYPE_UINT64' '[B' @180  [B{0x00000000c1744810} (0xc1744810)
 - public static final 'G_VARIANT_TYPE_DOUBLE' '[B' @184  [B{0x00000000c17447f8} (0xc17447f8)
 - public static final 'G_VARIANT_TYPE_TUPLE' '[B' @188  [B{0x00000000c17447e0} (0xc17447e0)
 - public static final 'G_VARIANT_TYPE_ARRAY_BROWSER_FUNCS' '[B' @192  [B{0x00000000c17447c8} (0xc17447c8)
 - public static final 'accel_closures_changed' '[B' @196  [B{0x00000000c17447a0} (0xc17447a0)
 - public static final 'activate' '[B' @200  [B{0x00000000c1744780} (0xc1744780)
 - public static final 'angle_changed' '[B' @204  [B{0x00000000c1744760} (0xc1744760)
 - public static final 'backspace' '[B' @208  [B{0x00000000c1744740} (0xc1744740)
 - public static final 'begin' '[B' @212  [B{0x00000000c1744728} (0xc1744728)
 - public static final 'button_press_event' '[B' @216  [B{0x00000000c1744700} (0xc1744700)
 - public static final 'button_release_event' '[B' @220  [B{0x00000000c17446d8} (0xc17446d8)
 - public static final 'changed' '[B' @224  [B{0x00000000c17446c0} (0xc17446c0)
 - public static final 'change_value' '[B' @228  [B{0x00000000c17446a0} (0xc17446a0)
 - public static final 'clicked' '[B' @232  [B{0x00000000c1744688} (0xc1744688)
 - public static final 'close_request' '[B' @236  [B{0x00000000c1744668} (0xc1744668)
 - public static final 'commit' '[B' @240  [B{0x00000000c1744650} (0xc1744650)
 - public static final 'configure_event' '[B' @244  [B{0x00000000c1744630} (0xc1744630)
 - public static final 'copy_clipboard' '[B' @248  [B{0x00000000c1744610} (0xc1744610)
 - public static final 'cut_clipboard' '[B' @252  [B{0x00000000c17445f0} (0xc17445f0)
 - public static final 'create_menu_proxy' '[B' @256  [B{0x00000000c17445c8} (0xc17445c8)
 - public static final 'delete_event' '[B' @260  [B{0x00000000c17445a8} (0xc17445a8)
 - public static final 'delete_from_cursor' '[B' @264  [B{0x00000000c1744580} (0xc1744580)
 - public static final 'day_selected' '[B' @268  [B{0x00000000c1744560} (0xc1744560)
 - public static final 'day_selected_double_click' '[B' @272  [B{0x00000000c1744530} (0xc1744530)
 - public static final 'delete_range' '[B' @276  [B{0x00000000c1744510} (0xc1744510)
 - public static final 'delete_text' '[B' @280  [B{0x00000000c17444f0} (0xc17444f0)
 - public static final 'direction_changed' '[B' @284  [B{0x00000000c17444c8} (0xc17444c8)
 - public static final 'dpi_changed' '[B' @288  [B{0x00000000c17444a0} (0xc17444a0)
 - public static final 'drag_begin' '[B' @292  [B{0x00000000c1744480} (0xc1744480)
 - public static final 'drag_data_delete' '[B' @296  [B{0x00000000c1744458} (0xc1744458)
 - public static final 'drag_data_get' '[B' @300  [B{0x00000000c1744438} (0xc1744438)
 - public static final 'drag_data_received' '[B' @304  [B{0x00000000c1744410} (0xc1744410)
 - public static final 'drag_drop' '[B' @308  [B{0x00000000c17443f0} (0xc17443f0)
 - public static final 'drag_end' '[B' @312  [B{0x00000000c17443d0} (0xc17443d0)
 - public static final 'drag_leave' '[B' @316  [B{0x00000000c17443b0} (0xc17443b0)
 - public static final 'drag_motion' '[B' @320  [B{0x00000000c1744390} (0xc1744390)
 - public static final 'prepare' '[B' @324  [B{0x00000000c1744378} (0xc1744378)
 - public static final 'draw' '[B' @328  [B{0x00000000c1744360} (0xc1744360)
 - public static final 'end' '[B' @332  [B{0x00000000c1744348} (0xc1744348)
 - public static final 'enter_notify_event' '[B' @336  [B{0x00000000c1744320} (0xc1744320)
 - public static final 'enter' '[B' @340  [B{0x00000000c1744308} (0xc1744308)
 - public static final 'event' '[B' @344  [B{0x00000000c17442f0} (0xc17442f0)
 - public static final 'event_after' '[B' @348  [B{0x00000000c17442d0} (0xc17442d0)
 - public static final 'expand_collapse_cursor_row' '[B' @352  [B{0x00000000c17442a0} (0xc17442a0)
 - public static final 'focus' '[B' @356  [B{0x00000000c1744288} (0xc1744288)
 - public static final 'focus_in_event' '[B' @360  [B{0x00000000c1744268} (0xc1744268)
 - public static final 'focus_in' '[B' @364  [B{0x00000000c1744248} (0xc1744248)
 - public static final 'focus_out_event' '[B' @368  [B{0x00000000c1744228} (0xc1744228)
 - public static final 'focus_out' '[B' @372  [B{0x00000000c1744208} (0xc1744208)
 - public static final 'grab_focus' '[B' @376  [B{0x00000000c17441e8} (0xc17441e8)
 - public static final 'hide' '[B' @380  [B{0x00000000c17441d0} (0xc17441d0)
 - public static final 'icon_release' '[B' @384  [B{0x00000000c17441b0} (0xc17441b0)
 - public static final 'insert_text' '[B' @388  [B{0x00000000c1744190} (0xc1744190)
 - public static final 'key_press_event' '[B' @392  [B{0x00000000c1744170} (0xc1744170)
 - public static final 'key_release_event' '[B' @396  [B{0x00000000c1744148} (0xc1744148)
 - public static final 'key_pressed' '[B' @400  [B{0x00000000c1744128} (0xc1744128)
 - public static final 'key_released' '[B' @404  [B{0x00000000c1744108} (0xc1744108)
 - public static final 'keys_changed' '[B' @408  [B{0x00000000c17440e8} (0xc17440e8)
 - public static final 'leave_notify_event' '[B' @412  [B{0x00000000c17440c0} (0xc17440c0)
 - public static final 'leave' '[B' @416  [B{0x00000000c17440a8} (0xc17440a8)
 - public static final 'map' '[B' @420  [B{0x00000000c1744090} (0xc1744090)
 - public static final 'map_event' '[B' @424  [B{0x00000000c1744070} (0xc1744070)
 - public static final 'mnemonic_activate' '[B' @428  [B{0x00000000c1744048} (0xc1744048)
 - public static final 'month_changed' '[B' @432  [B{0x00000000c1744028} (0xc1744028)
 - public static final 'next_month' '[B' @436  [B{0x00000000c1744008} (0xc1744008)
 - public static final 'prev_month' '[B' @440  [B{0x00000000c1743fe8} (0xc1743fe8)
 - public static final 'next_year' '[B' @444  [B{0x00000000c1743fc8} (0xc1743fc8)
 - public static final 'prev_year' '[B' @448  [B{0x00000000c1743fa8} (0xc1743fa8)
 - public static final 'motion_notify_event' '[B' @452  [B{0x00000000c1743f80} (0xc1743f80)
 - public static final 'motion' '[B' @456  [B{0x00000000c1743f68} (0xc1743f68)
 - public static final 'move_cursor' '[B' @460  [B{0x00000000c1743f48} (0xc1743f48)
 - public static final 'move_focus' '[B' @464  [B{0x00000000c1743f28} (0xc1743f28)
 - public static final 'output' '[B' @468  [B{0x00000000c1743f10} (0xc1743f10)
 - public static final 'paste_clipboard' '[B' @472  [B{0x00000000c1743ef0} (0xc1743ef0)
 - public static final 'pressed' '[B' @476  [B{0x00000000c1743ed8} (0xc1743ed8)
 - public static final 'released' '[B' @480  [B{0x00000000c1743eb8} (0xc1743eb8)
 - public static final 'popped_up' '[B' @484  [B{0x00000000c1743e98} (0xc1743e98)
 - public static final 'popup_menu' '[B' @488  [B{0x00000000c1743e78} (0xc1743e78)
 - public static final 'populate_popup' '[B' @492  [B{0x00000000c1743e58} (0xc1743e58)
 - public static final 'preedit_changed' '[B' @496  [B{0x00000000c1743e38} (0xc1743e38)
 - public static final 'realize' '[B' @500  [B{0x00000000c1743e20} (0xc1743e20)
 - public static final 'row_activated' '[B' @504  [B{0x00000000c1743e00} (0xc1743e00)
 - public static final 'row_changed' '[B' @508  [B{0x00000000c1743de0} (0xc1743de0)
 - public static final 'row_has_child_toggled' '[B' @512  [B{0x00000000c1743db8} (0xc1743db8)
 - public static final 'scale_changed' '[B' @516  [B{0x00000000c1743d98} (0xc1743d98)
 - public static final 'scroll_child' '[B' @520  [B{0x00000000c1743d78} (0xc1743d78)
 - public static final 'scroll_event' '[B' @524  [B{0x00000000c1743d58} (0xc1743d58)
 - public static final 'scroll' '[B' @528  [B{0x00000000c1743d40} (0xc1743d40)
 - public static final 'select' '[B' @532  [B{0x00000000c1743d28} (0xc1743d28)
 - public static final 'selection_done' '[B' @536  [B{0x00000000c1743d08} (0xc1743d08)
 - public static final 'show' '[B' @540  [B{0x00000000c1743cf0} (0xc1743cf0)
 - public static final 'show_help' '[B' @544  [B{0x00000000c1743cd0} (0xc1743cd0)
 - public static final 'size_allocate' '[B' @548  [B{0x00000000c1743cb0} (0xc1743cb0)
 - public static final 'resize' '[B' @552  [B{0x00000000c1743c98} (0xc1743c98)
 - public static final 'start_interactive_search' '[B' @556  [B{0x00000000c1743c68} (0xc1743c68)
 - public static final 'style_updated' '[B' @560  [B{0x00000000c1743c48} (0xc1743c48)
 - public static final 'switch_page' '[B' @564  [B{0x00000000c1743c28} (0xc1743c28)
 - public static final 'test_collapse_row' '[B' @568  [B{0x00000000c1743c00} (0xc1743c00)
 - public static final 'test_expand_row' '[B' @572  [B{0x00000000c1743be0} (0xc1743be0)
 - public static final 'toggled' '[B' @576  [B{0x00000000c1743bc8} (0xc1743bc8)
 - public static final 'unmap' '[B' @580  [B{0x00000000c1743bb0} (0xc1743bb0)
 - public static final 'unmap_event' '[B' @584  [B{0x00000000c1743b90} (0xc1743b90)
 - public static final 'value_changed' '[B' @588  [B{0x00000000c1743b70} (0xc1743b70)
 - public static final 'window_state_event' '[B' @592  [B{0x00000000c1743b48} (0xc1743b48)
 - public static final 'notify_state' '[B' @596  [B{0x00000000c1743b28} (0xc1743b28)
 - public static final 'notify_default_height' '[B' @600  [B{0x00000000c1743b00} (0xc1743b00)
 - public static final 'notify_default_width' '[B' @604  [B{0x00000000c1743ad8} (0xc1743ad8)
 - public static final 'notify_maximized' '[B' @608  [B{0x00000000c1743ab0} (0xc1743ab0)
 - public static final 'notify_is_active' '[B' @612  [B{0x00000000c1743a88} (0xc1743a88)
 - public static final 'notify_theme_change' '[B' @616  [B{0x00000000c1743a48} (0xc1743a48)
 - public static final 'response' '[B' @620  [B{0x00000000c1743a28} (0xc1743a28)
 - public static final 'compute_size' '[B' @624  [B{0x00000000c1743a08} (0xc1743a08)
 - public static final 'active' '[B' @628  [B{0x00000000c17439f0} (0xc17439f0)
 - public static final 'background_rgba' '[B' @632  [B{0x00000000c17439d0} (0xc17439d0)
 - public static final 'cell_background_rgba' '[B' @636  [B{0x00000000c17439a8} (0xc17439a8)
 - public static final 'default_border' '[B' @640  [B{0x00000000c1743988} (0xc1743988)
 - public static final 'expander_size' '[B' @644  [B{0x00000000c1743968} (0xc1743968)
 - public static final 'fixed_height_mode' '[B' @648  [B{0x00000000c1743940} (0xc1743940)
 - public static final 'focus_line_width' '[B' @652  [B{0x00000000c1743918} (0xc1743918)
 - public static final 'focus_padding' '[B' @656  [B{0x00000000c17438f8} (0xc17438f8)
 - public static final 'font_desc' '[B' @660  [B{0x00000000c17438d8} (0xc17438d8)
 - public static final 'foreground_rgba' '[B' @664  [B{0x00000000c17438b8} (0xc17438b8)
 - public static final 'grid_line_width' '[B' @668  [B{0x00000000c1743898} (0xc1743898)
 - public static final 'inner_border' '[B' @672  [B{0x00000000c1743878} (0xc1743878)
 - public static final 'has_backward_stepper' '[B' @676  [B{0x00000000c1743850} (0xc1743850)
 - public static final 'has_secondary_backward_stepper' '[B' @680  [B{0x00000000c1743820} (0xc1743820)
 - public static final 'has_forward_stepper' '[B' @684  [B{0x00000000c173e728} (0xc173e728)
 - public static final 'has_secondary_forward_stepper' '[B' @688  [B{0x00000000c173e6f8} (0xc173e6f8)
 - public static final 'horizontal_separator' '[B' @692  [B{0x00000000c173e6d0} (0xc173e6d0)
 - public static final 'inconsistent' '[B' @696  [B{0x00000000c173e6b0} (0xc173e6b0)
 - public static final 'indicator_size' '[B' @700  [B{0x00000000c173e690} (0xc173e690)
 - public static final 'indicator_spacing' '[B' @704  [B{0x00000000c173e668} (0xc173e668)
 - public static final 'interior_focus' '[B' @708  [B{0x00000000c173e648} (0xc173e648)
 - public static final 'margin' '[B' @712  [B{0x00000000c173e630} (0xc173e630)
 - public static final 'mode' '[B' @716  [B{0x00000000c173e618} (0xc173e618)
 - public static final 'model' '[B' @720  [B{0x00000000c173e600} (0xc173e600)
 - public static final 'spacing' '[B' @724  [B{0x00000000c173e5e8} (0xc173e5e8)
 - public static final 'pixbuf' '[B' @728  [B{0x00000000c173e5d0} (0xc173e5d0)
 - public static final 'gicon' '[B' @732  [B{0x00000000c173e5b8} (0xc173e5b8)
 - public static final 'text' '[B' @736  [B{0x00000000c173e5a0} (0xc173e5a0)
 - public static final 'xalign' '[B' @740  [B{0x00000000c173e588} (0xc173e588)
 - public static final 'ypad' '[B' @744  [B{0x00000000c173e570} (0xc173e570)
 - public static final 'margin_bottom' '[B' @748  [B{0x00000000c173e550} (0xc173e550)
 - public static final 'margin_top' '[B' @752  [B{0x00000000c173e530} (0xc173e530)
 - public static final 'scrollbar_spacing' '[B' @756  [B{0x00000000c173e508} (0xc173e508)
 - public static final 'action_copy_clipboard' '[B' @760  [B{0x00000000c173e4e8} (0xc173e4e8)
 - public static final 'action_cut_clipboard' '[B' @764  [B{0x00000000c173e4c8} (0xc173e4c8)
 - public static final 'action_paste_clipboard' '[B' @768  [B{0x00000000c173e4a8} (0xc173e4a8)
 - public static final 'GLIB_VERSION' 'I' @996  147462 (0x00024006)
 - public static final 'SWT_MENU_LOCATION_DEBUGGING' 'Z' @1055  false (0x00)
 - public static final 'SWT_DEBUG' 'Z' @1056  false (0x00)
 - public static final 'GTK_THEME_SET' 'Z' @1057  false (0x00)
 - public static final 'GTK_THEME_SET_NAME' 'Ljava/lang/String;' @772  ""{0x00000000c00b8ce8} (0xc00b8ce8)
 - public static final 'GTK_OVERLAY_SCROLLING_DISABLED' 'Z' @1058  false (0x00)
 - public static final 'isGNOME' 'Z' @1059  true (0x01)
 - public static final 'SWT_PADDED_MENU_ITEMS' 'Z' @1060  false (0x00)
 - public static final 'CurrentTime' 'I' @1000  0 (0x00000000)
 - public static final 'Expose' 'I' @1004  12 (0x0000000c)
 - public static final 'FocusIn' 'I' @1008  9 (0x00000009)
 - public static final 'FocusOut' 'I' @1012  10 (0x0000000a)
 - public static final 'GraphicsExpose' 'I' @1016  13 (0x0000000d)
 - public static final 'ExposureMask' 'I' @1020  32768 (0x00008000)
 - public static final 'NotifyNormal' 'I' @1024  0 (0x00000000)
 - public static final 'NotifyWhileGrabbed' 'I' @1028  3 (0x00000003)
 - public static final 'NotifyAncestor' 'I' @1032  0 (0x00000000)
 - public static final 'NotifyVirtual' 'I' @1036  1 (0x00000001)
 - public static final 'NotifyNonlinear' 'I' @1040  3 (0x00000003)
 - public static final 'NotifyNonlinearVirtual' 'I' @1044  4 (0x00000004)
 - public static final 'RevertToParent' 'I' @1048  2 (0x00000002)
R12=0x0000750ad5928c70 points into unknown readable memory: 0x0000750074786574 | 74 65 78 74 00 75 00 00
R13=0x0000750ad4471950 points into unknown readable memory: 0xaaaaaaaaaaaaaaaa | aa aa aa aa aa aa aa aa
R14=0x0000750ad6d60590 points into unknown readable memory: 0x6f68735f6c72753c | 3c 75 72 6c 5f 73 68 6f
R15=0x0000750ad402ed00 is a thread

Top of Stack: (sp=0x0000750ad988ae78)
0x0000750ad988ae78:   0000750ac0a690f0 0000000000000005
0x0000750ad988ae88:   0000750ada6e8a80 0000750ad60a0101
0x0000750ad988ae98:   6c581d88226b6d00 0000000000000005
0x0000750ad988aea8:   0000000000000009 0000750ad6d60590
0x0000750ad988aeb8:   0000000000000000 00000000c173e5b0
0x0000750ad988aec8:   0000000000000000 0000000000000008
0x0000750ad988aed8:   0000000000000009 0000000000000007
0x0000750ad988aee8:   0000750ad5928c70 00000000ffffffff
0x0000750ad988aef8:   0000750ad988b000 0000750ad988b000
0x0000750ad988af08:   0000750ad402ed00 00000000c173e5a0
0x0000750ad988af18:   0000000000000000 0000750ad988af60
0x0000750ad988af28:   0000750ada39e4b6 0000750aa17cdce0
0x0000750ad988af38:   0000750ad402f0b8 0000000000000000
0x0000750ad988af48:   0000750ad4471950 0000750ad6d60590
0x0000750ad988af58:   0000750ad988b060 0000750ad5928c70
0x0000750ad988af68:   0000750a563c5c93 0000750aa17cdce0
0x0000750ad988af78:   0000750ad988b020 0000000000000000
0x0000750ad988af88:   0000750aa17cdce0 0000750ad988b070
0x0000750ad988af98:   0000750aca543980 0000750ad402ed00
0x0000750ad988afa8:   0000750aa17cdce0 0000750ad402ed00
0x0000750ad988afb8:   fffffffe00000000 0000000000000000
0x0000750ad988afc8:   0000000000000000 0000750ad402ed00
0x0000750ad988afd8:   0000750ad988afd8 0000000000000000
0x0000750ad988afe8:   000000000000000a 0000750aa17d98d0
0x0000750ad988aff8:   0000000000000000 00000000c173e080
0x0000750ad988b008:   0000750aa17cdce0 0000000000000000
0x0000750ad988b018:   0000750ad988b040 0000750ad988b0c0
0x0000750ad988b028:   0000750aca53f16e 00000000c173e080
0x0000750ad988b038:   0000750aca540f97 0000000000000000
0x0000750ad988b048:   0000000000000000 0000750ad6d60590
0x0000750ad988b058:   0000000000000000 00000000c173e5a0
0x0000750ad988b068:   0000750ad4471950 0000000000000000 

Instructions: (pc=0x0000750ac0a89fc1)
0x0000750ac0a89ec1:   f8 08 75 c7 48 81 fd fc 03 00 00 77 42 48 89 ea
0x0000750ac0a89ed1:   48 8d 05 c8 37 02 00 48 c1 ea 02 4c 8b 2c d0 41
0x0000750ac0a89ee1:   8b 7d 28 e8 e7 fe fc ff 31 f6 ba 01 00 00 00 4c
0x0000750ac0a89ef1:   89 e7 48 89 c1 e8 b5 fc ff ff 85 c0 75 21 58 5b
0x0000750ac0a89f01:   5d 41 5c 41 5d c3 66 0f 1f 84 00 00 00 00 00 49
0x0000750ac0a89f11:   89 ed 49 83 e5 fc eb c7 0f 1f 80 00 00 00 00 48
0x0000750ac0a89f21:   8d 3d b9 3f 02 00 e8 a4 fb fc ff 48 8d 3d bd 3f
0x0000750ac0a89f31:   02 00 e8 78 fe fc ff 48 89 de 48 89 ef e8 dd b5
0x0000750ac0a89f41:   ff ff 85 c0 74 1d 48 81 fb fc 03 00 00 76 40 48
0x0000750ac0a89f51:   83 e3 fc 48 89 de 4c 89 e1 31 d2 4c 89 ef e8 cc
0x0000750ac0a89f61:   ac ff ff 48 8d 3d 85 3f 02 00 e8 30 fc fc ff 48
0x0000750ac0a89f71:   83 c4 08 48 8d 3d 65 3f 02 00 5b 5d 41 5c 41 5d
0x0000750ac0a89f81:   e9 2a fd fc ff 66 2e 0f 1f 84 00 00 00 00 00 48
0x0000750ac0a89f91:   c1 eb 02 48 8d 05 05 37 02 00 48 8b 34 d8 eb b6
0x0000750ac0a89fa1:   66 66 2e 0f 1f 84 00 00 00 00 00 0f 1f 40 00 f3
0x0000750ac0a89fb1:   0f 1e fa 48 85 ff 74 4f 48 8b 07 48 85 c0 74 47
0x0000750ac0a89fc1:   48 8b 00 48 3d fc 03 00 00 76 1c 48 83 e0 fc 0f
0x0000750ac0a89fd1:   b6 50 14 45 31 c0 48 39 74 d0 48 41 0f 94 c0 44
0x0000750ac0a89fe1:   89 c0 c3 0f 1f 40 00 48 c1 e8 02 48 8d 15 ad 36
0x0000750ac0a89ff1:   02 00 45 31 c0 48 8b 04 c2 48 85 c0 75 d1 44 89
0x0000750ac0a8a001:   c0 c3 0f 1f 44 00 00 45 31 c0 44 89 c0 c3 90 f3
0x0000750ac0a8a011:   0f 1e fa 48 85 ff 74 3a 48 8b 07 48 3d fc 03 00
0x0000750ac0a8a021:   00 77 3c 48 c1 e8 02 48 8d 15 71 36 02 00 48 8b
0x0000750ac0a8a031:   04 c2 48 81 fe fc 03 00 00 76 31 48 83 e6 fc 45
0x0000750ac0a8a041:   31 c0 48 85 c0 74 0e f6 40 16 02 74 05 48 85 f6
0x0000750ac0a8a051:   75 2d 45 31 c0 44 89 c0 c3 66 0f 1f 44 00 00 48
0x0000750ac0a8a061:   83 e0 fc 48 81 fe fc 03 00 00 77 cf 48 c1 ee 02
0x0000750ac0a8a071:   48 8d 15 28 36 02 00 48 8b 34 f2 eb c2 66 90 0f
0x0000750ac0a8a081:   b6 4e 14 0f b6 50 14 38 d1 77 ca 29 ca 45 31 c0
0x0000750ac0a8a091:   48 8b 4e 48 48 63 d2 48 39 4c d0 48 41 0f 94 c0
0x0000750ac0a8a0a1:   eb b3 66 66 2e 0f 1f 84 00 00 00 00 00 66 90 f3
0x0000750ac0a8a0b1:   0f 1e fa 41 55 41 54 49 89 fc 55 53 48 83 ec 28 


Stack slot to memory mapping:

stack at sp + 0 slots: 0x0000750ac0a690f0: g_object_set+0x0000000000000080 in /snap/dbeaver-ce/370/gnome-platform/usr/lib/x86_64-linux-gnu/libgobject-2.0.so.0 at 0x0000750ac0a4c000
stack at sp + 1 slots: 0x0000000000000005 is an unknown value
stack at sp + 2 slots: 0x0000750ada6e8a80: <offset 0x0000000000cfca80> in /snap/dbeaver-ce/370/usr/share/dbeaver-ce/jre/lib/server/libjvm.so at 0x0000750ad99ec000
stack at sp + 3 slots: 0x0000750ad60a0101 points into unknown readable memory: 00 00 00 00 00 00 00
stack at sp + 4 slots: 0x6c581d88226b6d00 is an unknown value
stack at sp + 5 slots: 0x0000000000000005 is an unknown value
stack at sp + 6 slots: 0x0000000000000009 is an unknown value
stack at sp + 7 slots: 0x0000750ad6d60590 points into unknown readable memory: 0x6f68735f6c72753c | 3c 75 72 6c 5f 73 68 6f


Compiled method (n/a) 12850550 7442     n 0       org.eclipse.swt.internal.gtk3.GTK3::gtk_widget_size_allocate (native)
 total in heap  [0x0000750acaecaa90,0x0000750acaecae00] = 880
 relocation     [0x0000750acaecabe8,0x0000750acaecac20] = 56
 main code      [0x0000750acaecac20,0x0000750acaecadf1] = 465
 stub code      [0x0000750acaecadf1,0x0000750acaecadf8] = 7
 oops           [0x0000750acaecadf8,0x0000750acaecae00] = 8

[Constant Pool (empty)]

[MachCode]
[Entry Point]
  # {method} {0x0000750aa1a1a800} 'gtk_widget_size_allocate' '(JLorg/eclipse/swt/internal/gtk/GtkAllocation;)V' in 'org/eclipse/swt/internal/gtk3/GTK3'
  # parm0:    rsi:rsi   = long
  # parm1:    rdx:rdx   = 'org/eclipse/swt/internal/gtk/GtkAllocation'
  #           [sp+0x50]  (sp of caller)
  0x0000750acaecac20: 448b 5608 | 49c1 e203 | 493b c20f | 8407 0000 

  0x0000750acaecac30: ;   {runtime_call ic_miss_stub}
  0x0000750acaecac30: 00e9 4aa4 | 6bff 6690 
[Verified Entry Point]
  0x0000750acaecac38: 8984 2400 | c0fe ff55 | 488b ec48 | 83ec 4090 | 4181 7f20 | 6300 0000 

  0x0000750acaecac50: ;   {runtime_call StubRoutines (final stubs)}
  0x0000750acaecac50: 7405 e8c9 | 076a ff48 | 8954 2408 | 4883 fa00 | 488d 4c24 | 0848 0f44 | 4c24 0848 

  0x0000750acaecac6c: ;   {oop(a 'java/lang/Class'{0x00000000c126e008} = 'org/eclipse/swt/internal/gtk3/GTK3')}
  0x0000750acaecac6c: 8bd6 49be | 08e0 26c1 | 0000 0000 | 4c89 7424 | 304c 8d74 | 2430 498b | f6c5 f877 

  0x0000750acaecac88: ;   {internal_word}
  0x0000750acaecac88: 49ba 85ac | ecca 0a75 | 0000 4d89 | 97a0 0300 | 0049 89a7 | 9803 0000 

  0x0000750acaecaca0: ;   {external_word}
  0x0000750acaecaca0: 803d c603 | 0510 000f | 8434 0000 | 0056 5251 

  0x0000750acaecacb0: ;   {metadata({method} {0x0000750aa1a1a800} 'gtk_widget_size_allocate' '(JLorg/eclipse/swt/internal/gtk/GtkAllocation;)V' in 'org/eclipse/swt/internal/gtk3/GTK3')}
  0x0000750acaecacb0: 48be 00a8 | a1a1 0a75 | 0000 498b | ff40 f6c4 | 0f0f 8412 | 0000 0048 

  0x0000750acaecacc8: ;   {runtime_call SharedRuntime::dtrace_method_entry(JavaThread*, Method*)}
  0x0000750acaecacc8: 83ec 08e8 | 8061 8e0f | 4883 c408 | e905 0000 

  0x0000750acaecacd8: ;   {runtime_call SharedRuntime::dtrace_method_entry(JavaThread*, Method*)}
  0x0000750acaecacd8: 00e8 7261 | 8e0f 595a | 5e49 8dbf | b803 0000 | 41c7 8744 | 0400 0004 

  0x0000750acaecacf0: ;   {runtime_call Java_org_eclipse_swt_internal_gtk3_GTK3_gtk_1widget_1size_1allocate}
  0x0000750acaecacf0: 0000 00e8 | 5862 508b | c5f8 7741 | c787 4404 | 0000 0500 | 0000 f083 | 4424 c000 | 493b af48 
  0x0000750acaecad10: 0400 000f | 870e 0000 | 0041 83bf | 4004 0000 | 000f 841c | 0000 00c5 | f877 498b | ff4c 8be4 
  0x0000750acaecad30: 4883 ec00 | 4883 e4f0 

  0x0000750acaecad38: ;   {runtime_call JavaThread::check_special_condition_for_native_trans(JavaThread*)}
  0x0000750acaecad38: e833 c544 | 0f49 8be4 | 4d33 e441 | c787 4404 | 0000 0800 | 0000 4183 | bfc0 0400 | 0002 0f84 
  0x0000750acaecad58: 7700 0000 

  0x0000750acaecad5c: ;   {external_word}
  0x0000750acaecad5c: 803d 0a03 | 0510 000f | 842e 0000 

  0x0000750acaecad68: ;   {metadata({method} {0x0000750aa1a1a800} 'gtk_widget_size_allocate' '(JLorg/eclipse/swt/internal/gtk/GtkAllocation;)V' in 'org/eclipse/swt/internal/gtk3/GTK3')}
  0x0000750acaecad68: 0048 be00 | a8a1 a10a | 7500 0049 | 8bff 40f6 | c40f 0f84 | 1200 0000 | 4883 ec08 

  0x0000750acaecad84: ;   {runtime_call SharedRuntime::dtrace_method_exit(JavaThread*, Method*)}
  0x0000750acaecad84: e8b7 618e | 0f48 83c4 | 08e9 0500 

  0x0000750acaecad90: ;   {runtime_call SharedRuntime::dtrace_method_exit(JavaThread*, Method*)}
  0x0000750acaecad90: 0000 e8a9 | 618e 0f49 | c787 9803 | 0000 0000 | 0000 49c7 | 87a0 0300 | 0000 0000 | 00c5 f877 
  0x0000750acaecadb0: 498b 8f28 | 0400 00c7 | 8100 0100 | 0000 0000 | 00c9 4983 | 7f08 000f | 8501 0000 

  0x0000750acaecadcc: ;   {runtime_call StubRoutines (initial stubs)}
  0x0000750acaecadcc: 00c3 e92d | ce66 ffc5 | f877 4c8b | e448 83ec | 0048 83e4 

  0x0000750acaecade0: ;   {runtime_call SharedRuntime::reguard_yellow_pages()}
  0x0000750acaecade0: f0e8 4a71 | 8e0f 498b | e44d 33e4 | e96b ffff | fff4 f4f4 | f4f4 f4f4 
[/MachCode]


Compiled method (c1) 12850666 9448       3       org.eclipse.swt.widgets.Control::setBounds (841 bytes)
 total in heap  [0x0000750ac3a80f90,0x0000750ac3a84478] = 13544
 relocation     [0x0000750ac3a810e8,0x0000750ac3a81400] = 792
 main code      [0x0000750ac3a81400,0x0000750ac3a837d0] = 9168
 stub code      [0x0000750ac3a837d0,0x0000750ac3a83998] = 456
 oops           [0x0000750ac3a83998,0x0000750ac3a839a0] = 8
 metadata       [0x0000750ac3a839a0,0x0000750ac3a83a08] = 104
 scopes data    [0x0000750ac3a83a08,0x0000750ac3a84100] = 1784
 scopes pcs     [0x0000750ac3a84100,0x0000750ac3a84430] = 816
 dependencies   [0x0000750ac3a84430,0x0000750ac3a84448] = 24
 nul chk table  [0x0000750ac3a84448,0x0000750ac3a84478] = 48

[Constant Pool (empty)]

[MachCode]
[Entry Point]
  # {method} {0x0000750aa15e7fa8} 'setBounds' '(IIIIZZ)I' in 'org/eclipse/swt/widgets/Control'
  # this:     rsi:rsi   = 'org/eclipse/swt/widgets/Control'
  # parm0:    rdx       = int
  # parm1:    rcx       = int
  # parm2:    r8        = int
  # parm3:    r9        = int
  # parm4:    rdi       = boolean
  # parm5:    [sp+0x100]   = boolean  (sp of caller)
  0x0000750ac3a81400: 448b 5608 | 49c1 e203 

  0x0000750ac3a81408: ;   {runtime_call ic_miss_stub}
  0x0000750ac3a81408: 4c3b d00f | 856f 3cb0 | 060f 1f84 | 0000 0000 | 000f 1f80 | 0000 0000 
[Verified Entry Point]
  0x0000750ac3a81420: 8984 2400 | c0fe ff55 | 4881 ecf0 | 0000 0090 | 4181 7f20 | 6300 0000 

  0x0000750ac3a81438: ;   {runtime_call StubRoutines (final stubs)}
  0x0000750ac3a81438: 7405 e8e1 | 9fae 0648 | 8974 2470 

  0x0000750ac3a81444: ;   {metadata(method data for {method} {0x0000750aa15e7fa8} 'setBounds' '(IIIIZZ)I' in 'org/eclipse/swt/widgets/Control')}
  0x0000750ac3a81444: 48bb 18c7 | 71a3 0a75 | 0000 8b83 | f400 0000 | 83c0 0289 | 83f4 0000 | 0025 fe07 | 0000 85c0 
  0x0000750ac3a81464: 0f84 6021 

  0x0000750ac3a81468: ;   {metadata(method data for {method} {0x0000750aa15e7fa8} 'setBounds' '(IIIIZZ)I' in 'org/eclipse/swt/widgets/Control')}
  0x0000750ac3a81468: 0000 48bb | 18c7 71a3 | 0a75 0000 | 4883 8338 | 0100 0001 

  0x0000750ac3a8147c: ;   {metadata(method data for {method} {0x0000750aa017bc90} 'min' '(II)I' in 'java/lang/Math')}
  0x0000750ac3a8147c: 48bb b0e1 | 3da0 0a75 | 0000 8b83 | f400 0000 | 83c0 0289 | 83f4 0000 | 0025 feff | 1f00 85c0 
  0x0000750ac3a8149c: 0f84 4921 | 0000 4181 | f8ff 7f00 

  0x0000750ac3a814a8: ;   {metadata(method data for {method} {0x0000750aa017bc90} 'min' '(II)I' in 'java/lang/Math')}
  0x0000750ac3a814a8: 0048 bbb0 | e13d a00a | 7500 0048 | c7c0 3801 | 0000 7f07 | 48c7 c048 | 0100 004c | 8b1c 034d 
  0x0000750ac3a814c8: 8d5b 014c | 891c 030f | 8f15 0000 

  0x0000750ac3a814d4: ;   {metadata(method data for {method} {0x0000750aa017bc90} 'min' '(II)I' in 'java/lang/Math')}
  0x0000750ac3a814d4: 0048 bbb0 | e13d a00a | 7500 00ff | 8358 0100 | 00e9 0600 | 0000 41b8 | ff7f 0000 

  0x0000750ac3a814f0: ;   {metadata(method data for {method} {0x0000750aa15e7fa8} 'setBounds' '(IIIIZZ)I' in 'org/eclipse/swt/widgets/Control')}
  0x0000750ac3a814f0: 48bb 18c7 | 71a3 0a75 | 0000 4883 | 8348 0100 

  0x0000750ac3a81500: ;   {metadata(method data for {method} {0x0000750aa017bc90} 'min' '(II)I' in 'java/lang/Math')}
  0x0000750ac3a81500: 0001 48bb | b0e1 3da0 | 0a75 0000 | 8b83 f400 | 0000 83c0 | 0289 83f4 | 0000 0025 | feff 1f00 
  0x0000750ac3a81520: 85c0 0f84 | e420 0000 | 4181 f9ff 

  0x0000750ac3a8152c: ;   {metadata(method data for {method} {0x0000750aa017bc90} 'min' '(II)I' in 'java/lang/Math')}
  0x0000750ac3a8152c: 7f00 0048 | bbb0 e13d | a00a 7500 | 0048 c7c0 | 3801 0000 | 7f07 48c7 | c048 0100 | 004c 8b1c 
  0x0000750ac3a8154c: 034d 8d5b | 014c 891c | 030f 8f15 

  0x0000750ac3a81558: ;   {metadata(method data for {method} {0x0000750aa017bc90} 'min' '(II)I' in 'java/lang/Math')}
  0x0000750ac3a81558: 0000 0048 | bbb0 e13d | a00a 7500 | 00ff 8358 | 0100 00e9 | 0600 0000 | 41b9 ff7f | 0000 4489 
  0x0000750ac3a81578: 8c24 8800 | 0000 4489 | 8424 8400 | 0000 897c | 2478 894c | 247c 8994 | 2480 0000 | 0048 8bde 
  0x0000750ac3a81598: ;   {metadata(method data for {method} {0x0000750aa15e7fa8} 'setBounds' '(IIIIZZ)I' in 'org/eclipse/swt/widgets/Control')}
  0x0000750ac3a81598: 48b8 18c7 | 71a3 0a75 | 0000 8b5b | 0848 c1e3 | 0348 3b98 | 6801 0000 | 750d 4883 | 8070 0100 
  0x0000750ac3a815b8: 0001 e960 | 0000 0048 | 3b98 7801 | 0000 750d | 4883 8080 | 0100 0001 | e94a 0000 | 0048 83b8 
  0x0000750ac3a815d8: 6801 0000 | 0075 1748 | 8998 6801 | 0000 48c7 | 8070 0100 | 0001 0000 | 00e9 2900 | 0000 4883 
  0x0000750ac3a815f8: b878 0100 | 0000 7517 | 4889 9878 | 0100 0048 | c780 8001 | 0000 0100 | 0000 e908 | 0000 0048 
  0x0000750ac3a81618: 8380 5801 | 0000 0148 | 8bde 488b | f348 b8ff | ffff ffff 

  0x0000750ac3a8162c: ;   {virtual_call}
  0x0000750ac3a8162c: ffff ffe8 

  0x0000750ac3a81630: ; ImmutableOopMap {[112]=Oop }
                      ;*invokevirtual topHandle {reexecute=0 rethrow=0 return_oop=0}
                      ; - org.eclipse.swt.widgets.Control::setBounds@19 (line 1074)
  0x0000750ac3a81630: b4d8 c006 

  0x0000750ac3a81634: ;   {other}
  0x0000750ac3a81634: 0f1f 8400 | a406 0000 

  0x0000750ac3a8163c: ;   {metadata('org/eclipse/swt/internal/gtk/GtkAllocation')}
  0x0000750ac3a8163c: 48ba d019 | 3000 0100 | 0000 488b | d849 8b87 | b801 0000 | 488d 7820 | 493b bfc8 | 0100 000f 
  0x0000750ac3a8165c: 87cc 1f00 | 0049 89bf | b801 0000 | 48c7 0001 | 0000 0048 | 8bca 48c1 | e903 8948 | 0848 33c9 
  0x0000750ac3a8167c: 8948 0c48 | 33c9 4889 | 4810 4889 | 4818 4889 | 8424 9000 | 0000 488b 

  0x0000750ac3a81694: ;   {metadata(method data for {method} {0x0000750aa15e7fa8} 'setBounds' '(IIIIZZ)I' in 'org/eclipse/swt/widgets/Control')}
  0x0000750ac3a81694: f048 ba18 | c771 a30a | 7500 0048 | 8382 9001 

  0x0000750ac3a816a4: ;   {metadata(method data for {method} {0x0000750aa1a76ac8} '<init>' '()V' in 'org/eclipse/swt/internal/gtk/GtkAllocation')}
  0x0000750ac3a816a4: 0000 0148 | be70 3a36 | a30a 7500 | 008b 96f4 | 0000 0083 | c202 8996 | f400 0000 | 81e2 feff 
  0x0000750ac3a816c4: 1f00 85d2 | 0f84 6c1f | 0000 488b 

  0x0000750ac3a816d0: ;   {metadata(method data for {method} {0x0000750aa1a76ac8} '<init>' '()V' in 'org/eclipse/swt/internal/gtk/GtkAllocation')}
  0x0000750ac3a816d0: f048 ba70 | 3a36 a30a | 7500 0048 | 8382 3801 

  0x0000750ac3a816e0: ;   {metadata(method data for {method} {0x0000750aa0000630} '<init>' '()V' in 'java/lang/Object')}
  0x0000750ac3a816e0: 0000 0148 | be88 3323 | a00a 7500 | 008b 96f4 | 0000 0083 | c202 8996 | f400 0000 | 81e2 feff 
  0x0000750ac3a81700: 1f00 85d2 | 0f84 511f 

  0x0000750ac3a81708: ;   {metadata(method data for {method} {0x0000750aa15e7fa8} 'setBounds' '(IIIIZZ)I' in 'org/eclipse/swt/widgets/Control')}
  0x0000750ac3a81708: 0000 48be | 18c7 71a3 | 0a75 0000 | 4883 86a0 | 0100 0001 | 488b f348 | 8bd0 4889 | 9c24 9800 
  0x0000750ac3a81728: 0000 0f1f 

  0x0000750ac3a8172c: ;   {static_call}
  0x0000750ac3a8172c: 4400 00e8 

  0x0000750ac3a81730: ; ImmutableOopMap {[112]=Oop [144]=Oop }
                      ;*invokestatic gtk_widget_get_allocation {reexecute=0 rethrow=0 return_oop=0}
                      ; - org.eclipse.swt.widgets.Control::setBounds@41 (line 1077)
  0x0000750ac3a81730: 8479 2c07 

  0x0000750ac3a81734: ;   {other}
  0x0000750ac3a81734: 0f1f 8400 | a407 0001 | 488b 7424 | 708b be94 | 0000 008b | 5f0c 81e3 | 0000 0008 

  0x0000750ac3a81750: ;   {metadata(method data for {method} {0x0000750aa15e7fa8} 'setBounds' '(IIIIZZ)I' in 'org/eclipse/swt/widgets/Control')}
  0x0000750ac3a81750: 85db 48bb | 18c7 71a3 | 0a75 0000 | 48c7 c0c0 | 0100 0075 | 0748 c7c0 | b001 0000 | 488b 1403 
  0x0000750ac3a81770: 488d 5201 | 4889 1403 | 0f85 2800 | 0000 8b7c | 2478 8b5c | 2478 8b4c | 247c 8b94 | 2480 0000 
  0x0000750ac3a81790: 004c 8b84 | 2490 0000 | 0044 8b8c | 2400 0100 | 00e9 8002 | 0000 488b 

  0x0000750ac3a817a8: ;   {metadata(method data for {method} {0x0000750aa15e7fa8} 'setBounds' '(IIIIZZ)I' in 'org/eclipse/swt/widgets/Control')}
  0x0000750ac3a817a8: df48 b818 | c771 a30a | 7500 008b | 5b08 48c1 | e303 483b | 98e0 0100 | 0075 0d48 | 8380 e801 
  0x0000750ac3a817c8: 0000 01e9 | 6000 0000 | 483b 98f0 | 0100 0075 | 0d48 8380 | f801 0000 | 01e9 4a00 | 0000 4883 
  0x0000750ac3a817e8: b8e0 0100 | 0000 7517 | 4889 98e0 | 0100 0048 | c780 e801 | 0000 0100 | 0000 e929 | 0000 0048 
  0x0000750ac3a81808: 83b8 f001 | 0000 0075 | 1748 8998 | f001 0000 | 48c7 80f8 | 0100 0001 | 0000 00e9 | 0800 0000 
  0x0000750ac3a81828: 4883 80d0 | 0100 0001 | 488b f766 | 9048 b8ff | ffff ffff 

  0x0000750ac3a8183c: ;   {virtual_call}
  0x0000750ac3a8183c: ffff ffe8 

  0x0000750ac3a81840: ; ImmutableOopMap {[112]=Oop [144]=Oop }
                      ;*invokevirtual getClientWidth {reexecute=0 rethrow=0 return_oop=0}
                      ; - org.eclipse.swt.widgets.Control::setBounds@62 (line 1079)
  0x0000750ac3a81840: 3c3e b006 

  0x0000750ac3a81844: ;   {other}
  0x0000750ac3a81844: 0f1f 8400 | b408 0002 | 488b 7424 | 708b 5618 | 81e2 0002 | 0000 85d2 

  0x0000750ac3a8185c: ;   {metadata(method data for {method} {0x0000750aa15e7fa8} 'setBounds' '(IIIIZZ)I' in 'org/eclipse/swt/widgets/Control')}
  0x0000750ac3a8185c: 48ba 18c7 | 71a3 0a75 | 0000 48c7 | c108 0200 | 0074 0748 | c7c1 1802 | 0000 488b | 3c0a 488d 
  0x0000750ac3a8187c: 7f01 4889 | 3c0a 0f84 | 2200 0000 

  0x0000750ac3a81888: ;   {metadata(method data for {method} {0x0000750aa15e7fa8} 'setBounds' '(IIIIZZ)I' in 'org/eclipse/swt/widgets/Control')}
  0x0000750ac3a81888: 48ba 18c7 | 71a3 0a75 | 0000 ff82 | 2802 0000 | ba00 0000 | 004c 8b84 | 2490 0000 | 00e9 0c00 
  0x0000750ac3a818a8: 0000 4c8b | 8424 9000 | 0000 418b | 5014 8b4c | 2478 418b | 780c 488b | d82b da2b 

  0x0000750ac3a818c4: ;   {metadata(method data for {method} {0x0000750aa15e7fa8} 'setBounds' '(IIIIZZ)I' in 'org/eclipse/swt/widgets/Control')}
  0x0000750ac3a818c4: df85 c948 | bf18 c771 | a30a 7500 | 0049 c7c1 | 4002 0000 | 7407 49c7 | c150 0200 | 004e 8b1c 
  0x0000750ac3a818e4: 0f4d 8d5b | 014e 891c | 0f0f 84cf | 0000 008b | bc24 8000 | 0000 3bfb 

  0x0000750ac3a818fc: ;   {metadata(method data for {method} {0x0000750aa15e7fa8} 'setBounds' '(IIIIZZ)I' in 'org/eclipse/swt/widgets/Control')}
  0x0000750ac3a818fc: 48bb 18c7 | 71a3 0a75 | 0000 49c7 | c160 0200 | 0074 0749 | c7c1 7002 | 0000 4e8b | 1c0b 4d8d 
  0x0000750ac3a8191c: 5b01 4e89 | 1c0b 0f84 | 1a00 0000 

  0x0000750ac3a81928: ;   {metadata(method data for {method} {0x0000750aa15e7fa8} 'setBounds' '(IIIIZZ)I' in 'org/eclipse/swt/widgets/Control')}
  0x0000750ac3a81928: 48bb 18c7 | 71a3 0a75 | 0000 ff83 | 8002 0000 | bb01 0000 | 00e9 0500 | 0000 bb00 | 0000 0044 
  0x0000750ac3a81948: 8b8c 2400 | 0100 0048 | 23d9 4585 

  0x0000750ac3a81954: ;   {metadata(method data for {method} {0x0000750aa15e7fa8} 'setBounds' '(IIIIZZ)I' in 'org/eclipse/swt/widgets/Control')}
  0x0000750ac3a81954: c949 bb18 | c771 a30a | 7500 0049 | c7c5 9802 | 0000 7407 | 49c7 c5a8 | 0200 004f | 8b34 2b4d 
  0x0000750ac3a81974: 8d76 014f | 8934 2b0f | 8417 0000 

  0x0000750ac3a81980: ;   {metadata(method data for {method} {0x0000750aa15e7fa8} 'setBounds' '(IIIIZZ)I' in 'org/eclipse/swt/widgets/Control')}
  0x0000750ac3a81980: 0048 ba18 | c771 a30a | 7500 00ff | 82b8 0200 | 008b 9424 | 8400 0000 | 448b 5c24 | 7c2b c22b 
  0x0000750ac3a819a0: ;   {metadata(method data for {method} {0x0000750aa15e7fa8} 'setBounds' '(IIIIZZ)I' in 'org/eclipse/swt/widgets/Control')}
  0x0000750ac3a819a0: c748 ba18 | c771 a30a | 7500 00ff | 82d0 0200 | 0048 8bfb | 488b d949 | 8bcb 488b | d0e9 6400 
  0x0000750ac3a819c0: 0000 448b | 8c24 0001 | 0000 4585 

  0x0000750ac3a819cc: ;   {metadata(method data for {method} {0x0000750aa15e7fa8} 'setBounds' '(IIIIZZ)I' in 'org/eclipse/swt/widgets/Control')}
  0x0000750ac3a819cc: c948 bf18 | c771 a30a | 7500 0049 | c7c3 e802 | 0000 7407 | 49c7 c3f8 | 0200 004e | 8b2c 1f4d 
  0x0000750ac3a819ec: 8d6d 014e | 892c 1f0f | 8417 0000 

  0x0000750ac3a819f8: ;   {metadata(method data for {method} {0x0000750aa15e7fa8} 'setBounds' '(IIIIZZ)I' in 'org/eclipse/swt/widgets/Control')}
  0x0000750ac3a819f8: 0048 ba18 | c771 a30a | 7500 00ff | 8208 0300 | 008b 9424 | 8400 0000 | 2bc2 2bc3 | 418b 5010 
  0x0000750ac3a81a18: 488b f948 | 8bca 488b | d0bb 0100 | 0000 85db 

  0x0000750ac3a81a28: ;   {metadata(method data for {method} {0x0000750aa15e7fa8} 'setBounds' '(IIIIZZ)I' in 'org/eclipse/swt/widgets/Control')}
  0x0000750ac3a81a28: 48b8 18c7 | 71a3 0a75 | 0000 49c7 | c330 0300 | 0075 0749 | c7c3 2003 | 0000 4e8b | 2c18 4d8d 
  0x0000750ac3a81a48: 6d01 4e89 | 2c18 0f85 | 2600 0000 | b801 0000 | 0089 bc24 | ac00 0000 | 899c 24a8 | 0000 0089 
  0x0000750ac3a81a68: 8c24 8c00 | 0000 8994 | 24a0 0000 | 00e9 4902 | 0000 418b | 400c 458b | 5810 3bd0 

  0x0000750ac3a81a84: ;   {metadata(method data for {method} {0x0000750aa15e7fa8} 'setBounds' '(IIIIZZ)I' in 'org/eclipse/swt/widgets/Control')}
  0x0000750ac3a81a84: 48b8 18c7 | 71a3 0a75 | 0000 49c7 | c540 0300 | 0075 0749 | c7c5 5003 | 0000 4e8b | 3428 4d8d 
  0x0000750ac3a81aa4: 7601 4e89 | 3428 0f85 | 2f00 0000 

  0x0000750ac3a81ab0: ;   {metadata(method data for {method} {0x0000750aa15e7fa8} 'setBounds' '(IIIIZZ)I' in 'org/eclipse/swt/widgets/Control')}
  0x0000750ac3a81ab0: 413b cb48 | b818 c771 | a30a 7500 | 0049 c7c3 | 7003 0000 | 7407 49c7 | c360 0300 | 004e 8b2c 
  0x0000750ac3a81ad0: 184d 8d6d | 014e 892c | 180f 840a | 0000 00b8 | 0000 0000 | e915 0000 

  0x0000750ac3a81ae8: ;   {metadata(method data for {method} {0x0000750aa15e7fa8} 'setBounds' '(IIIIZZ)I' in 'org/eclipse/swt/widgets/Control')}
  0x0000750ac3a81ae8: 0048 b818 | c771 a30a | 7500 00ff | 8080 0300 | 00b8 0100 | 0000 85c0 

  0x0000750ac3a81b00: ;   {metadata(method data for {method} {0x0000750aa15e7fa8} 'setBounds' '(IIIIZZ)I' in 'org/eclipse/swt/widgets/Control')}
  0x0000750ac3a81b00: 49bb 18c7 | 71a3 0a75 | 0000 49c7 | c5a8 0300 | 0074 0749 | c7c5 9803 | 0000 4f8b | 342b 4d8d 
  0x0000750ac3a81b20: 7601 4f89 | 342b 0f84 | 2100 0000 | 89bc 24ac | 0000 0089 | 9c24 a800 | 0000 898c | 248c 0000 
  0x0000750ac3a81b40: 0089 9424 | a000 0000 | e976 0100 

  0x0000750ac3a81b4c: ;   {metadata(method data for {method} {0x0000750aa15e7fa8} 'setBounds' '(IIIIZZ)I' in 'org/eclipse/swt/widgets/Control')}
  0x0000750ac3a81b4c: 0049 bb18 | c771 a30a | 7500 0041 | ff83 c803 | 0000 898c | 248c 0000 | 004c 8b5e | 484d 8beb 
  0x0000750ac3a81b6c: 4983 fd00 

  0x0000750ac3a81b70: ;   {metadata(method data for {method} {0x0000750aa15e7fa8} 'setBounds' '(IIIIZZ)I' in 'org/eclipse/swt/widgets/Control')}
  0x0000750ac3a81b70: 49bd 18c7 | 71a3 0a75 | 0000 49c7 | c6e8 0300 | 0075 0749 | c7c6 d803 | 0000 4b8b | 4c35 0048 
  0x0000750ac3a81b90: 8d49 014b | 894c 3500 | 8984 24a4 | 0000 0089 | bc24 ac00 | 0000 899c | 24a8 0000 | 000f 850c 
  0x0000750ac3a81bb0: 0000 0089 | 9424 a000 | 0000 e945 | 0000 008b | 8c24 8c00 

  0x0000750ac3a81bc4: ;   {metadata(method data for {method} {0x0000750aa15e7fa8} 'setBounds' '(IIIIZZ)I' in 'org/eclipse/swt/widgets/Control')}
  0x0000750ac3a81bc4: 0000 49bd | 18c7 71a3 | 0a75 0000 | 4983 85f8 | 0300 0001 | 498b f34c | 8bda 498b | d34c 8bf1 
  0x0000750ac3a81be4: 498b ce44 | 89b4 248c | 0000 0044 | 899c 24a0 

  0x0000750ac3a81bf4: ;   {static_call}
  0x0000750ac3a81bf4: 0000 00e8 

  0x0000750ac3a81bf8: ; ImmutableOopMap {[112]=Oop [144]=Oop }
                      ;*invokestatic gdk_window_move {reexecute=0 rethrow=0 return_oop=0}
                      ; - org.eclipse.swt.widgets.Control::setBounds@240 (line 1099)
  0x0000750ac3a81bf8: 141d 0000 

  0x0000750ac3a81bfc: ;   {other}
  0x0000750ac3a81bfc: 0f1f 8400 | 6c0c 0003 | 488b 7424 

  0x0000750ac3a81c08: ;   {metadata(method data for {method} {0x0000750aa15e7fa8} 'setBounds' '(IIIIZZ)I' in 'org/eclipse/swt/widgets/Control')}
  0x0000750ac3a81c08: 7048 ba18 | c771 a30a | 7500 008b | 7608 48c1 | e603 483b | b218 0400 | 0075 0d48 | 8382 2004 
  0x0000750ac3a81c28: 0000 01e9 | 6000 0000 | 483b b228 | 0400 0075 | 0d48 8382 | 3004 0000 | 01e9 4a00 | 0000 4883 
  0x0000750ac3a81c48: ba18 0400 | 0000 7517 | 4889 b218 | 0400 0048 | c782 2004 | 0000 0100 | 0000 e929 | 0000 0048 
  0x0000750ac3a81c68: 83ba 2804 | 0000 0075 | 1748 89b2 | 2804 0000 | 48c7 8230 | 0400 0001 | 0000 00e9 | 0800 0000 
  0x0000750ac3a81c88: 4883 8208 | 0400 0001 | 8b94 24a0 | 0000 008b | 8c24 8c00 | 0000 488b | 7424 700f 

  0x0000750ac3a81ca4: ;   {optimized virtual_call}
  0x0000750ac3a81ca4: 1f40 00e8 

  0x0000750ac3a81ca8: ; ImmutableOopMap {[112]=Oop [144]=Oop }
                      ;*invokevirtual moveHandle {reexecute=0 rethrow=0 return_oop=0}
                      ; - org.eclipse.swt.widgets.Control::setBounds@246 (line 1102)
  0x0000750ac3a81ca8: 54e1 b4ff 

  0x0000750ac3a81cac: ;   {other}
  0x0000750ac3a81cac: 0f1f 8400 | 1c0d 0004 | 8b84 24a4 | 0000 0044 | 8b8c 2400 | 0100 0045 

  0x0000750ac3a81cc4: ;   {metadata(method data for {method} {0x0000750aa15e7fa8} 'setBounds' '(IIIIZZ)I' in 'org/eclipse/swt/widgets/Control')}
  0x0000750ac3a81cc4: 85c9 48be | 18c7 71a3 | 0a75 0000 | 48c7 c750 | 0400 0075 | 0748 c7c7 | 4004 0000 | 488b 1c3e 
  0x0000750ac3a81ce4: 488d 5b01 | 4889 1c3e | 0f85 1000 | 0000 bb00 | 0000 0041 | b801 0000 | 00e9 d006 | 0000 488b 
  0x0000750ac3a81d04: 7424 708b | 7e18 488b | df81 e300 | 0200 0085 

  0x0000750ac3a81d14: ;   {metadata(method data for {method} {0x0000750aa15e7fa8} 'setBounds' '(IIIIZZ)I' in 'org/eclipse/swt/widgets/Control')}
  0x0000750ac3a81d14: db48 bb18 | c771 a30a | 7500 0048 | c7c2 6004 | 0000 7407 | 48c7 c270 | 0400 0048 | 8b0c 1348 
  0x0000750ac3a81d34: 8d49 0148 | 890c 130f | 8422 0000 

  0x0000750ac3a81d40: ;   {metadata(method data for {method} {0x0000750aa15e7fa8} 'setBounds' '(IIIIZZ)I' in 'org/eclipse/swt/widgets/Control')}
  0x0000750ac3a81d40: 0048 bb18 | c771 a30a | 7500 00ff | 8380 0400 | 00bb 0000 | 0000 488b | 9424 9000 | 0000 e90b 
  0x0000750ac3a81d60: 0000 0048 | 8b94 2490 | 0000 008b | 5a14 81e7 | 0004 0000 

  0x0000750ac3a81d74: ;   {metadata(method data for {method} {0x0000750aa15e7fa8} 'setBounds' '(IIIIZZ)I' in 'org/eclipse/swt/widgets/Control')}
  0x0000750ac3a81d74: 85ff 48bf | 18c7 71a3 | 0a75 0000 | 48c7 c198 | 0400 0074 | 0748 c7c1 | a804 0000 | 4c8b 040f 
  0x0000750ac3a81d94: 4d8d 4001 | 4c89 040f | 0f84 1a00 

  0x0000750ac3a81da0: ;   {metadata(method data for {method} {0x0000750aa15e7fa8} 'setBounds' '(IIIIZZ)I' in 'org/eclipse/swt/widgets/Control')}
  0x0000750ac3a81da0: 0000 48bf | 18c7 71a3 | 0a75 0000 | ff87 b804 | 0000 bf00 | 0000 00e9 | 0300 0000 | 8b7a 1844 
  0x0000750ac3a81dc0: 8b84 2484 | 0000 0044 

  0x0000750ac3a81dc8: ;   {metadata(method data for {method} {0x0000750aa15e7fa8} 'setBounds' '(IIIIZZ)I' in 'org/eclipse/swt/widgets/Control')}
  0x0000750ac3a81dc8: 3bc3 48bb | 18c7 71a3 | 0a75 0000 | 48c7 c1d0 | 0400 0075 | 0748 c7c1 | e004 0000 | 4c8b 1c0b 
  0x0000750ac3a81de8: 4d8d 5b01 | 4c89 1c0b | 8b9c 2488 | 0000 000f | 852e 0000 

  0x0000750ac3a81dfc: ;   {metadata(method data for {method} {0x0000750aa15e7fa8} 'setBounds' '(IIIIZZ)I' in 'org/eclipse/swt/widgets/Control')}
  0x0000750ac3a81dfc: 003b df48 | bf18 c771 | a30a 7500 | 0048 c7c1 | 0005 0000 | 7407 48c7 | c1f0 0400 | 004c 8b1c 
  0x0000750ac3a81e1c: 0f4d 8d5b | 014c 891c | 0f0f 840a | 0000 00bf | 0000 0000 | e915 0000 

  0x0000750ac3a81e34: ;   {metadata(method data for {method} {0x0000750aa15e7fa8} 'setBounds' '(IIIIZZ)I' in 'org/eclipse/swt/widgets/Control')}
  0x0000750ac3a81e34: 0048 bf18 | c771 a30a | 7500 00ff | 8710 0500 | 00bf 0100 | 0000 85ff 

  0x0000750ac3a81e4c: ;   {metadata(method data for {method} {0x0000750aa15e7fa8} 'setBounds' '(IIIIZZ)I' in 'org/eclipse/swt/widgets/Control')}
  0x0000750ac3a81e4c: 48b9 18c7 | 71a3 0a75 | 0000 49c7 | c338 0500 | 0074 0749 | c7c3 2805 | 0000 4e8b | 2c19 4d8d 
  0x0000750ac3a81e6c: 6d01 4e89 | 2c19 0f84 | 2100 0000 | 41bb 0000 | 0000 8984 | 24b4 0000 | 0089 9c24 | 8800 0000 
  0x0000750ac3a81e8c: 4489 8424 | 8400 0000 | e92d 0100 | 008b 4e0c | 81e1 0000 | 0008 85c9 

  0x0000750ac3a81ea4: ;   {metadata(method data for {method} {0x0000750aa15e7fa8} 'setBounds' '(IIIIZZ)I' in 'org/eclipse/swt/widgets/Control')}
  0x0000750ac3a81ea4: 48b9 18c7 | 71a3 0a75 | 0000 49c7 | c358 0500 | 0075 0749 | c7c3 4805 | 0000 4e8b | 2c19 4d8d 
  0x0000750ac3a81ec4: 6d01 4e89 | 2c19 0f85 | 2100 0000 | 41bb 0000 | 0000 8984 | 24b4 0000 | 0089 9c24 | 8800 0000 
  0x0000750ac3a81ee4: 4489 8424 | 8400 0000 | e9d5 0000 | 0089 bc24 | b000 0000 | 8984 24b4 | 0000 0089 | 9c24 8800 
  0x0000750ac3a81f04: 0000 4489 | 8424 8400 | 0000 488b 

  0x0000750ac3a81f10: ;   {metadata(method data for {method} {0x0000750aa15e7fa8} 'setBounds' '(IIIIZZ)I' in 'org/eclipse/swt/widgets/Control')}
  0x0000750ac3a81f10: ce49 bb18 | c771 a30a | 7500 008b | 4908 48c1 | e103 493b | 8b78 0500 | 0075 0d49 | 8383 8005 
  0x0000750ac3a81f30: 0000 01e9 | 6000 0000 | 493b 8b88 | 0500 0075 | 0d49 8383 | 9005 0000 | 01e9 4a00 | 0000 4983 
  0x0000750ac3a81f50: bb78 0500 | 0000 7517 | 4989 8b78 | 0500 0049 | c783 8005 | 0000 0100 | 0000 e929 | 0000 0049 
  0x0000750ac3a81f70: 83bb 8805 | 0000 0075 | 1749 898b | 8805 0000 | 49c7 8390 | 0500 0001 | 0000 00e9 | 0800 0000 
  0x0000750ac3a81f90: 4983 8368 | 0500 0001 | 488b ce48 | 8bf1 0f1f | 8000 0000 | 0048 b8ff | ffff ffff 

  0x0000750ac3a81fac: ;   {virtual_call}
  0x0000750ac3a81fac: ffff ffe8 

  0x0000750ac3a81fb0: ; ImmutableOopMap {[112]=Oop [144]=Oop }
                      ;*invokevirtual getClientWidth {reexecute=0 rethrow=0 return_oop=0}
                      ; - org.eclipse.swt.widgets.Control::setBounds@338 (line 1110)
  0x0000750ac3a81fb0: cc36 b006 

  0x0000750ac3a81fb4: ;   {other}
  0x0000750ac3a81fb4: 0f1f 8400 | 2410 0005 | 4c8b d88b | bc24 b000 | 0000 85ff 

  0x0000750ac3a81fc8: ;   {metadata(method data for {method} {0x0000750aa15e7fa8} 'setBounds' '(IIIIZZ)I' in 'org/eclipse/swt/widgets/Control')}
  0x0000750ac3a81fc8: 48be 18c7 | 71a3 0a75 | 0000 48c7 | c2b0 0500 | 0074 0748 | c7c2 a005 | 0000 488b | 0c16 488d 
  0x0000750ac3a81fe8: 4901 4889 | 0c16 0f84 | 1200 0000 | 498b db4c | 8bc7 8b84 | 24b4 0000 | 00e9 cc03 | 0000 448b 
  0x0000750ac3a82008: 8424 8400 | 0000 4585 

  0x0000750ac3a82010: ;   {metadata(method data for {method} {0x0000750aa15e7fa8} 'setBounds' '(IIIIZZ)I' in 'org/eclipse/swt/widgets/Control')}
  0x0000750ac3a82010: c048 be18 | c771 a30a | 7500 0048 | c7c2 c005 | 0000 7507 | 48c7 c2d0 | 0500 0048 | 8b0c 1648 
  0x0000750ac3a82030: 8d49 0148 | 890c 1644 | 8b8c 2488 | 0000 000f | 8553 0000 | 0045 85c9 

  0x0000750ac3a82048: ;   {metadata(method data for {method} {0x0000750aa15e7fa8} 'setBounds' '(IIIIZZ)I' in 'org/eclipse/swt/widgets/Control')}
  0x0000750ac3a82048: 48be 18c7 | 71a3 0a75 | 0000 48c7 | c2f0 0500 | 0075 0748 | c7c2 e005 | 0000 488b | 0c16 488d 
  0x0000750ac3a82068: 4901 4889 | 0c16 0f85 | 2400 0000 | 498b db49 | 8bc0 4c8b | c744 898c | 2488 0000 | 0089 8424 
  0x0000750ac3a82088: 8400 0000 | 8b84 24b4 | 0000 00e9 | 3a03 0000 

  0x0000750ac3a82098: ;   {metadata(method data for {method} {0x0000750aa15e7fa8} 'setBounds' '(IIIIZZ)I' in 'org/eclipse/swt/widgets/Control')}
  0x0000750ac3a82098: 498b c048 | be18 c771 | a30a 7500 | 0048 8386 | 0006 0000 

  0x0000750ac3a820ac: ;   {metadata(method data for {method} {0x0000750aa017b948} 'max' '(II)I' in 'java/lang/Math')}
  0x0000750ac3a820ac: 0148 bed0 | 1746 a00a | 7500 008b | 96f4 0000 | 0083 c202 | 8996 f400 | 0000 81e2 | feff 1f00 
  0x0000750ac3a820cc: 85d2 0f84 | ad15 0000 

  0x0000750ac3a820d4: ;   {metadata(method data for {method} {0x0000750aa017b948} 'max' '(II)I' in 'java/lang/Math')}
  0x0000750ac3a820d4: 83f8 0148 | bed0 1746 | a00a 7500 | 0048 c7c2 | 3801 0000 | 7f07 48c7 | c248 0100 | 0048 8b0c 
  0x0000750ac3a820f4: 1648 8d49 | 0148 890c | 160f 8f1b 

  0x0000750ac3a82100: ;   {metadata(method data for {method} {0x0000750aa017b948} 'max' '(II)I' in 'java/lang/Math')}
  0x0000750ac3a82100: 0000 0048 | bed0 1746 | a00a 7500 | 00ff 8658 | 0100 0041 | b801 0000 | 00e9 0300 | 0000 4c8b 
  0x0000750ac3a82120: ;   {metadata(method data for {method} {0x0000750aa15e7fa8} 'setBounds' '(IIIIZZ)I' in 'org/eclipse/swt/widgets/Control')}
  0x0000750ac3a82120: c048 be18 | c771 a30a | 7500 0048 | 8386 1006 

  0x0000750ac3a82130: ;   {metadata(method data for {method} {0x0000750aa017b948} 'max' '(II)I' in 'java/lang/Math')}
  0x0000750ac3a82130: 0000 0148 | bed0 1746 | a00a 7500 | 008b 96f4 | 0000 0083 | c202 8996 | f400 0000 | 81e2 feff 
  0x0000750ac3a82150: 1f00 85d2 | 0f84 4815 | 0000 4183 

  0x0000750ac3a8215c: ;   {metadata(method data for {method} {0x0000750aa017b948} 'max' '(II)I' in 'java/lang/Math')}
  0x0000750ac3a8215c: f901 48be | d017 46a0 | 0a75 0000 | 48c7 c238 | 0100 007f | 0748 c7c2 | 4801 0000 | 488b 0c16 
  0x0000750ac3a8217c: 488d 4901 | 4889 0c16 | 0f8f 1a00 

  0x0000750ac3a82188: ;   {metadata(method data for {method} {0x0000750aa017b948} 'max' '(II)I' in 'java/lang/Math')}
  0x0000750ac3a82188: 0000 48be | d017 46a0 | 0a75 0000 | ff86 5801 | 0000 bb01 | 0000 00e9 | 0300 0000 

  0x0000750ac3a821a4: ;   {metadata(method data for {method} {0x0000750aa15e7fa8} 'setBounds' '(IIIIZZ)I' in 'org/eclipse/swt/widgets/Control')}
  0x0000750ac3a821a4: 498b d948 | be18 c771 | a30a 7500 | 00ff 8630 | 0600 0048 | 8b74 2470 | 488b 5640 | 48c7 c100 
  0x0000750ac3a821c4: 0000 004c | 8bea 4c3b 

  0x0000750ac3a821cc: ;   {metadata(method data for {method} {0x0000750aa15e7fa8} 'setBounds' '(IIIIZZ)I' in 'org/eclipse/swt/widgets/Control')}
  0x0000750ac3a821cc: e948 b918 | c771 a30a | 7500 0049 | c7c5 5006 | 0000 7507 | 49c7 c540 | 0600 004e | 8b34 294d 
  0x0000750ac3a821ec: 8d76 014e | 8934 290f | 8532 0000 | 0089 9c24 | bc00 0000 | 4489 8424 | b800 0000 | 4489 9c24 
  0x0000750ac3a8220c: c000 0000 | 89bc 24b0 | 0000 0044 | 898c 2488 | 0000 0089 | 8424 8400 | 0000 e95e | 0000 0044 
  0x0000750ac3a8222c: 899c 24c0 | 0000 0089 | bc24 b000 | 0000 4489 | 8c24 8800 | 0000 8984 | 2484 0000 

  0x0000750ac3a82248: ;   {metadata(method data for {method} {0x0000750aa15e7fa8} 'setBounds' '(IIIIZZ)I' in 'org/eclipse/swt/widgets/Control')}
  0x0000750ac3a82248: 0048 b918 | c771 a30a | 7500 0048 | 8381 6006 | 0000 0148 | 8bf2 498b | d048 8bcb | 899c 24bc 
  0x0000750ac3a82268: 0000 0044 | 8984 24b8 | 0000 000f 

  0x0000750ac3a82274: ;   {static_call}
  0x0000750ac3a82274: 1f40 00e8 

  0x0000750ac3a82278: ; ImmutableOopMap {[112]=Oop [144]=Oop }
                      ;*invokestatic gdk_window_resize {reexecute=0 rethrow=0 return_oop=0}
                      ; - org.eclipse.swt.widgets.Control::setBounds@395 (line 1116)
  0x0000750ac3a82278: a316 0000 

  0x0000750ac3a8227c: ;   {other}
  0x0000750ac3a8227c: 0f1f 8400 | ec12 0006 | 488b 7424 | 7048 8b56 | 4848 c7c1 | 0000 0000 | 488b fa48 

  0x0000750ac3a82298: ;   {metadata(method data for {method} {0x0000750aa15e7fa8} 'setBounds' '(IIIIZZ)I' in 'org/eclipse/swt/widgets/Control')}
  0x0000750ac3a82298: 3bf9 48b9 | 18c7 71a3 | 0a75 0000 | 48c7 c770 | 0600 0074 | 0748 c7c7 | 8006 0000 | 488b 1c39 
  0x0000750ac3a822b8: 488d 5b01 | 4889 1c39 | 0f84 3600 

  0x0000750ac3a822c4: ;   {metadata(method data for {method} {0x0000750aa15e7fa8} 'setBounds' '(IIIIZZ)I' in 'org/eclipse/swt/widgets/Control')}
  0x0000750ac3a822c4: 0000 48b9 | 18c7 71a3 | 0a75 0000 | 4883 8190 | 0600 0001 | 488b f28b | 9424 b800 | 0000 8b8c 
  0x0000750ac3a822e4: 24bc 0000 | 0066 0f1f 

  0x0000750ac3a822ec: ;   {static_call}
  0x0000750ac3a822ec: 4400 00e8 

  0x0000750ac3a822f0: ; ImmutableOopMap {[112]=Oop [144]=Oop }
                      ;*invokestatic gdk_window_resize {reexecute=0 rethrow=0 return_oop=0}
                      ; - org.eclipse.swt.widgets.Control::setBounds@415 (line 1119)
  0x0000750ac3a822f0: 2b16 0000 

  0x0000750ac3a822f4: ;   {other}
  0x0000750ac3a822f4: 0f1f 8400 | 6413 0007 | 8b9c 24bc | 0000 0044 | 8b84 24b8 | 0000 0048 | 8b74 2470 

  0x0000750ac3a82310: ;   {metadata(method data for {method} {0x0000750aa15e7fa8} 'setBounds' '(IIIIZZ)I' in 'org/eclipse/swt/widgets/Control')}
  0x0000750ac3a82310: 48ba 18c7 | 71a3 0a75 | 0000 8b76 | 0848 c1e6 | 0348 3bb2 | b006 0000 | 750d 4883 | 82b8 0600 
  0x0000750ac3a82330: 0001 e960 | 0000 0048 | 3bb2 c006 | 0000 750d | 4883 82c8 | 0600 0001 | e94a 0000 | 0048 83ba 
  0x0000750ac3a82350: b006 0000 | 0075 1748 | 89b2 b006 | 0000 48c7 | 82b8 0600 | 0001 0000 | 00e9 2900 | 0000 4883 
  0x0000750ac3a82370: bac0 0600 | 0000 7517 | 4889 b2c0 | 0600 0048 | c782 c806 | 0000 0100 | 0000 e908 | 0000 0048 
  0x0000750ac3a82390: 8382 a006 | 0000 0149 | 8bd0 488b | cb48 8b74 | 2470 6666 | 9048 b8ff | ffff ffff 

  0x0000750ac3a823ac: ;   {virtual_call}
  0x0000750ac3a823ac: ffff ffe8 

  0x0000750ac3a823b0: ; ImmutableOopMap {[112]=Oop [144]=Oop }
                      ;*invokevirtual resizeHandle {reexecute=0 rethrow=0 return_oop=0}
                      ; - org.eclipse.swt.widgets.Control::setBounds@423 (line 1122)
  0x0000750ac3a823b0: 3cc4 c606 

  0x0000750ac3a823b4: ;   {other}
  0x0000750ac3a823b4: 0f1f 8400 | 2414 0008 | 8b9c 24c0 | 0000 0044 | 8b84 24b0 | 0000 008b | 8424 b400 | 0000 85c0 
  0x0000750ac3a823d4: ;   {metadata(method data for {method} {0x0000750aa15e7fa8} 'setBounds' '(IIIIZZ)I' in 'org/eclipse/swt/widgets/Control')}
  0x0000750ac3a823d4: 48ba 18c7 | 71a3 0a75 | 0000 48c7 | c6d8 0600 | 0074 0748 | c7c6 e806 | 0000 488b | 3c32 488d 
  0x0000750ac3a823f4: 7f01 4889 | 3c32 0f84 | 4200 0000 

  0x0000750ac3a82400: ;   {metadata(method data for {method} {0x0000750aa15e7fa8} 'setBounds' '(IIIIZZ)I' in 'org/eclipse/swt/widgets/Control')}
  0x0000750ac3a82400: 4585 c048 | ba18 c771 | a30a 7500 | 0048 c7c6 | 0807 0000 | 7407 48c7 | c6f8 0600 | 0048 8b3c 
  0x0000750ac3a82420: 3248 8d7f | 0148 893c | 320f 8413 | 0000 0089 | 9c24 d000 | 0000 8984 | 24b4 0000 | 00e9 f206 
  0x0000750ac3a82440: 0000 899c | 24d0 0000 | 0044 8984 | 24c4 0000 | 0089 8424 | b400 0000 

  0x0000750ac3a82458: ;   {metadata('org/eclipse/swt/internal/gtk/GtkRequisition')}
  0x0000750ac3a82458: 48ba c81b | 3000 0100 | 0000 498b | 87b8 0100 | 0048 8d78 | 1849 3bbf | c801 0000 | 0f87 4912 
  0x0000750ac3a82478: 0000 4989 | bfb8 0100 | 0048 c700 | 0100 0000 | 488b ca48 | c1e9 0389 | 4808 4833 | c989 480c 
  0x0000750ac3a82498: 4833 c948 | 8948 1048 | 8984 24c8 | 0000 0048 

  0x0000750ac3a824a8: ;   {metadata(method data for {method} {0x0000750aa15e7fa8} 'setBounds' '(IIIIZZ)I' in 'org/eclipse/swt/widgets/Control')}
  0x0000750ac3a824a8: 8bd0 48b9 | 18c7 71a3 | 0a75 0000 | 4883 8118 | 0700 0001 

  0x0000750ac3a824bc: ;   {metadata(method data for {method} {0x0000750aa1a772c8} '<init>' '()V' in 'org/eclipse/swt/internal/gtk/GtkRequisition')}
  0x0000750ac3a824bc: 48ba 407a | 36a3 0a75 | 0000 8b8a | f400 0000 | 83c1 0289 | 8af4 0000 | 0081 e1fe | ff1f 0085 
  0x0000750ac3a824dc: c90f 84ed | 1100 0048 

  0x0000750ac3a824e4: ;   {metadata(method data for {method} {0x0000750aa1a772c8} '<init>' '()V' in 'org/eclipse/swt/internal/gtk/GtkRequisition')}
  0x0000750ac3a824e4: 8bd0 48b9 | 407a 36a3 | 0a75 0000 | 4883 8138 | 0100 0001 

  0x0000750ac3a824f8: ;   {metadata(method data for {method} {0x0000750aa0000630} '<init>' '()V' in 'java/lang/Object')}
  0x0000750ac3a824f8: 48ba 8833 | 23a0 0a75 | 0000 8b8a | f400 0000 | 83c1 0289 | 8af4 0000 | 0081 e1fe | ff1f 0085 
  0x0000750ac3a82518: c90f 84d2 | 1100 0048 | 8b74 2470 

  0x0000750ac3a82524: ;   {metadata(method data for {method} {0x0000750aa15e7fa8} 'setBounds' '(IIIIZZ)I' in 'org/eclipse/swt/widgets/Control')}
  0x0000750ac3a82524: 48ba 18c7 | 71a3 0a75 | 0000 8b76 | 0848 c1e6 | 0348 3bb2 | 3807 0000 | 750d 4883 | 8240 0700 
  0x0000750ac3a82544: 0001 e960 | 0000 0048 | 3bb2 4807 | 0000 750d | 4883 8250 | 0700 0001 | e94a 0000 | 0048 83ba 
  0x0000750ac3a82564: 3807 0000 | 0075 1748 | 89b2 3807 | 0000 48c7 | 8240 0700 | 0001 0000 | 00e9 2900 | 0000 4883 
  0x0000750ac3a82584: ba48 0700 | 0000 7517 | 4889 b248 | 0700 0048 | c782 5007 | 0000 0100 | 0000 e908 | 0000 0048 
  0x0000750ac3a825a4: 8382 2807 | 0000 0148 | 8b94 2498 | 0000 0048 | 8bc8 488b | 7424 7066 | 9048 b8ff | ffff ffff 
  0x0000750ac3a825c4: ;   {virtual_call}
  0x0000750ac3a825c4: ffff ffe8 

  0x0000750ac3a825c8: ; ImmutableOopMap {[112]=Oop [144]=Oop [200]=Oop }
                      ;*invokevirtual gtk_widget_get_preferred_size {reexecute=0 rethrow=0 return_oop=0}
                      ; - org.eclipse.swt.widgets.Control::setBounds@450 (line 1132)
  0x0000750ac3a825c8: c4bb c006 

  0x0000750ac3a825cc: ;   {other}
  0x0000750ac3a825cc: 0f1f 8400 | 3c16 0009 | 8b9c 24a8 | 0000 0085 

  0x0000750ac3a825dc: ;   {metadata(method data for {method} {0x0000750aa15e7fa8} 'setBounds' '(IIIIZZ)I' in 'org/eclipse/swt/widgets/Control')}
  0x0000750ac3a825dc: db48 be18 | c771 a30a | 7500 0048 | c7c7 7007 | 0000 7507 | 48c7 c760 | 0700 0048 | 8b04 3e48 
  0x0000750ac3a825fc: 8d40 0148 | 8904 3e0f | 850d 0000 | 0048 8b84 | 2490 0000 | 00e9 1c00 | 0000 8b8c | 248c 0000 
  0x0000750ac3a8261c: 008b 9424 | a000 0000 | 488b 8424 | 9000 0000 | 8950 0c89 | 4810 448b | 8c24 0001 | 0000 4585 
  0x0000750ac3a8263c: ;   {metadata(method data for {method} {0x0000750aa15e7fa8} 'setBounds' '(IIIIZZ)I' in 'org/eclipse/swt/widgets/Control')}
  0x0000750ac3a8263c: c948 be18 | c771 a30a | 7500 0048 | c7c7 9007 | 0000 7507 | 48c7 c780 | 0700 0048 | 8b14 3e48 
  0x0000750ac3a8265c: 8d52 0148 | 8914 3e0f | 850c 0000 | 0089 9c24 | a800 0000 | e92c 0000 | 008b bc24 | 8800 0000 
  0x0000750ac3a8267c: 448b 8424 | 8400 0000 | 4489 4014 | 8978 1889 | 9c24 a800 | 0000 89bc | 2488 0000 | 0044 8984 
  0x0000750ac3a8269c: 2484 0000 

  0x0000750ac3a826a0: ;   {metadata(method data for {method} {0x0000750aa15e7fa8} 'setBounds' '(IIIIZZ)I' in 'org/eclipse/swt/widgets/Control')}
  0x0000750ac3a826a0: 0048 be18 | c771 a30a | 7500 0048 | 8386 a007 | 0000 0148 | 8bb4 2498 | 0000 000f 

  0x0000750ac3a826bc: ;   {static_call}
  0x0000750ac3a826bc: 1f40 00e8 

  0x0000750ac3a826c0: ; ImmutableOopMap {[112]=Oop [144]=Oop [200]=Oop }
                      ;*invokestatic gtk_widget_get_visible {reexecute=0 rethrow=0 return_oop=0}
                      ; - org.eclipse.swt.widgets.Control::setBounds@490 (line 1149)
  0x0000750ac3a826c0: f40f 2707 

  0x0000750ac3a826c4: ;   {other}
  0x0000750ac3a826c4: 0f1f 8400 | 3417 000a 

  0x0000750ac3a826cc: ;   {metadata(method data for {method} {0x0000750aa15e7fa8} 'setBounds' '(IIIIZZ)I' in 'org/eclipse/swt/widgets/Control')}
  0x0000750ac3a826cc: 85c0 48be | 18c7 71a3 | 0a75 0000 | 48c7 c7b0 | 0700 0075 | 0748 c7c7 | c007 0000 | 488b 1c3e 
  0x0000750ac3a826ec: 488d 5b01 | 4889 1c3e | 0f85 b703 | 0000 488b | 7424 708b | 7e1c 483b | 0748 8bdf 

  0x0000750ac3a82708: ;   {metadata(method data for {method} {0x0000750aa15e7fa8} 'setBounds' '(IIIIZZ)I' in 'org/eclipse/swt/widgets/Control')}
  0x0000750ac3a82708: 48ba 18c7 | 71a3 0a75 | 0000 4883 | 82e8 0700 | 0001 488b 

  0x0000750ac3a8271c: ;   {optimized virtual_call}
  0x0000750ac3a8271c: f766 90e8 

  0x0000750ac3a82720: ; ImmutableOopMap {[112]=Oop [144]=Oop [200]=Oop }
                      ;*invokevirtual getFocusControl {reexecute=0 rethrow=0 return_oop=0}
                      ; - org.eclipse.swt.widgets.Control::setBounds@500 (line 1150)
  0x0000750ac3a82720: 5cd2 2b07 

  0x0000750ac3a82724: ;   {other}
  0x0000750ac3a82724: 0f1f 8400 | 9417 000b | 4889 8424 | d800 0000 

  0x0000750ac3a82734: ;   {metadata(method data for {method} {0x0000750aa15e7fa8} 'setBounds' '(IIIIZZ)I' in 'org/eclipse/swt/widgets/Control')}
  0x0000750ac3a82734: 48be 18c7 | 71a3 0a75 | 0000 4883 | 8608 0800 | 0001 488b | b424 9800 

  0x0000750ac3a8274c: ;   {static_call}
  0x0000750ac3a8274c: 0000 90e8 

  0x0000750ac3a82750: ; ImmutableOopMap {[112]=Oop [144]=Oop [200]=Oop [216]=Oop }
                      ;*invokestatic gtk_widget_show {reexecute=0 rethrow=0 return_oop=0}
                      ; - org.eclipse.swt.widgets.Control::setBounds@507 (line 1151)
  0x0000750ac3a82750: e408 2707 

  0x0000750ac3a82754: ;   {other}
  0x0000750ac3a82754: 0f1f 8400 | c417 000c | 488b 7424 

  0x0000750ac3a82760: ;   {metadata(method data for {method} {0x0000750aa15e7fa8} 'setBounds' '(IIIIZZ)I' in 'org/eclipse/swt/widgets/Control')}
  0x0000750ac3a82760: 7048 ba18 | c771 a30a | 7500 008b | 7608 48c1 | e603 483b | b228 0800 | 0075 0d48 | 8382 3008 
  0x0000750ac3a82780: 0000 01e9 | 6000 0000 | 483b b238 | 0800 0075 | 0d48 8382 | 4008 0000 | 01e9 4a00 | 0000 4883 
  0x0000750ac3a827a0: ba28 0800 | 0000 7517 | 4889 b228 | 0800 0048 | c782 3008 | 0000 0100 | 0000 e929 | 0000 0048 
  0x0000750ac3a827c0: 83ba 3808 | 0000 0075 | 1748 89b2 | 3808 0000 | 48c7 8240 | 0800 0001 | 0000 00e9 | 0800 0000 
  0x0000750ac3a827e0: 4883 8218 | 0800 0001 | 488b 9424 | 9800 0000 | 488b 8c24 | c800 0000 | 488b 7424 | 7048 b8ff 
  0x0000750ac3a82800: ffff ffff 

  0x0000750ac3a82804: ;   {virtual_call}
  0x0000750ac3a82804: ffff ffe8 

  0x0000750ac3a82808: ; ImmutableOopMap {[112]=Oop [144]=Oop [216]=Oop }
                      ;*invokevirtual gtk_widget_get_preferred_size {reexecute=0 rethrow=0 return_oop=0}
                      ; - org.eclipse.swt.widgets.Control::setBounds@515 (line 1152)
  0x0000750ac3a82808: 84b9 c006 

  0x0000750ac3a8280c: ;   {other}
  0x0000750ac3a8280c: 0f1f 8400 | 7c18 000d | 488b 7424 

  0x0000750ac3a82818: ;   {metadata(method data for {method} {0x0000750aa15e7fa8} 'setBounds' '(IIIIZZ)I' in 'org/eclipse/swt/widgets/Control')}
  0x0000750ac3a82818: 7048 ba18 | c771 a30a | 7500 008b | 7608 48c1 | e603 483b | b260 0800 | 0075 0d48 | 8382 6808 
  0x0000750ac3a82838: 0000 01e9 | 6000 0000 | 483b b270 | 0800 0075 | 0d48 8382 | 7808 0000 | 01e9 4a00 | 0000 4883 
  0x0000750ac3a82858: ba60 0800 | 0000 7517 | 4889 b260 | 0800 0048 | c782 6808 | 0000 0100 | 0000 e929 | 0000 0048 
  0x0000750ac3a82878: 83ba 7008 | 0000 0075 | 1748 89b2 | 7008 0000 | 48c7 8278 | 0800 0001 | 0000 00e9 | 0800 0000 
  0x0000750ac3a82898: 4883 8250 | 0800 0001 

  0x0000750ac3a828a0: ;   {metadata(method data for {method} {0x0000750aa1616528} 'gtk_widget_size_allocate' '(JLorg/eclipse/swt/internal/gtk/GtkAllocation;I)V' in 'org/eclipse/swt/widgets/Widget')}
  0x0000750ac3a828a0: 48be 90df | 71a3 0a75 | 0000 8b96 | f400 0000 | 83c2 0289 | 96f4 0000 | 0081 e2fe | ff1f 0085 
  0x0000750ac3a828c0: d20f 8450 

  0x0000750ac3a828c4: ;   {metadata(method data for {method} {0x0000750aa1616528} 'gtk_widget_size_allocate' '(JLorg/eclipse/swt/internal/gtk/GtkAllocation;I)V' in 'org/eclipse/swt/widgets/Widget')}
  0x0000750ac3a828c4: 0e00 0048 | be90 df71 | a30a 7500 | 00ff 8638 

  0x0000750ac3a828d4: ;   {metadata(method data for {method} {0x0000750aa1616528} 'gtk_widget_size_allocate' '(JLorg/eclipse/swt/internal/gtk/GtkAllocation;I)V' in 'org/eclipse/swt/widgets/Widget')}
  0x0000750ac3a828d4: 0100 0048 | be90 df71 | a30a 7500 | 0048 8386 | 8001 0000 | 0148 8bb4 | 2498 0000 | 0048 8b94 
  0x0000750ac3a828f4: 2490 0000 | 0066 0f1f 

  0x0000750ac3a828fc: ;   {static_call}
  0x0000750ac3a828fc: 4400 00e8 

  0x0000750ac3a82900: ; ImmutableOopMap {[112]=Oop [216]=Oop }
                      ;*invokestatic gtk_widget_size_allocate {reexecute=0 rethrow=0 return_oop=0}
                      ; - org.eclipse.swt.widgets.Widget::gtk_widget_size_allocate@18 (line 2737)
                      ; - org.eclipse.swt.widgets.Control::setBounds@524 (line 1153)
  0x0000750ac3a82900: 3483 4407 

  0x0000750ac3a82904: ;   {other}
  0x0000750ac3a82904: 0f1f 8400 | 7419 000e 

  0x0000750ac3a8290c: ;   {metadata(method data for {method} {0x0000750aa15e7fa8} 'setBounds' '(IIIIZZ)I' in 'org/eclipse/swt/widgets/Control')}
  0x0000750ac3a8290c: 48be 18c7 | 71a3 0a75 | 0000 4883 | 8688 0800 | 0001 488b | b424 9800 

  0x0000750ac3a82924: ;   {static_call}
  0x0000750ac3a82924: 0000 90e8 

  0x0000750ac3a82928: ; ImmutableOopMap {[112]=Oop [216]=Oop }
                      ;*invokestatic gtk_widget_hide {reexecute=0 rethrow=0 return_oop=0}
                      ; - org.eclipse.swt.widgets.Control::setBounds@529 (line 1154)
  0x0000750ac3a82928: 0cf9 4907 

  0x0000750ac3a8292c: ;   {other}
  0x0000750ac3a8292c: 0f1f 8400 | 9c19 000f | 488b 8424 | d800 0000 

  0x0000750ac3a8293c: ;   {metadata(method data for {method} {0x0000750aa15e7fa8} 'setBounds' '(IIIIZZ)I' in 'org/eclipse/swt/widgets/Control')}
  0x0000750ac3a8293c: 4885 c048 | be18 c771 | a30a 7500 | 0048 c7c7 | a808 0000 | 7507 48c7 | c798 0800 | 0048 8b1c 
  0x0000750ac3a8295c: 3e48 8d5b | 0148 891c | 3e0f 850d | 0000 0044 | 8b84 24c4 | 0000 00e9 | bc01 0000 | 488b 7424 
  0x0000750ac3a8297c: 708b 7e1c 

  0x0000750ac3a82980: ; implicit exception: dispatches to 0x0000750ac3a83738
  0x0000750ac3a82980: 483b 0748 

  0x0000750ac3a82984: ;   {metadata(method data for {method} {0x0000750aa15e7fa8} 'setBounds' '(IIIIZZ)I' in 'org/eclipse/swt/widgets/Control')}
  0x0000750ac3a82984: 8bdf 48ba | 18c7 71a3 | 0a75 0000 | 4883 82d0 | 0800 0001 | 488b f70f 

  0x0000750ac3a8299c: ;   {optimized virtual_call}
  0x0000750ac3a8299c: 1f40 00e8 

  0x0000750ac3a829a0: ; ImmutableOopMap {[112]=Oop [216]=Oop }
                      ;*invokevirtual getFocusControl {reexecute=0 rethrow=0 return_oop=0}
                      ; - org.eclipse.swt.widgets.Control::setBounds@541 (line 1158)
  0x0000750ac3a829a0: dccf 2b07 

  0x0000750ac3a829a4: ;   {other}
  0x0000750ac3a829a4: 0f1f 8400 | 141a 0010 | 488b b424 | d800 0000 

  0x0000750ac3a829b4: ;   {metadata(method data for {method} {0x0000750aa15e7fa8} 'setBounds' '(IIIIZZ)I' in 'org/eclipse/swt/widgets/Control')}
  0x0000750ac3a829b4: 483b c648 | bf18 c771 | a30a 7500 | 0048 c7c3 | 0009 0000 | 7507 48c7 | c3f0 0800 | 0048 8b04 
  0x0000750ac3a829d4: 1f48 8d40 | 0148 8904 | 1f0f 850d | 0000 0044 | 8b84 24c4 | 0000 00e9 | 4401 0000 

  0x0000750ac3a829f0: ; implicit exception: dispatches to 0x0000750ac3a8373d
  0x0000750ac3a829f0: 483b 0648 

  0x0000750ac3a829f4: ;   {metadata(method data for {method} {0x0000750aa15e7fa8} 'setBounds' '(IIIIZZ)I' in 'org/eclipse/swt/widgets/Control')}
  0x0000750ac3a829f4: 8bc6 48bf | 18c7 71a3 | 0a75 0000 | 8b40 0848 | c1e0 0348 | 3b87 2009 | 0000 750d | 4883 8728 
  0x0000750ac3a82a14: 0900 0001 | e960 0000 | 0048 3b87 | 3009 0000 | 750d 4883 | 8738 0900 | 0001 e94a | 0000 0048 
  0x0000750ac3a82a34: 83bf 2009 | 0000 0075 | 1748 8987 | 2009 0000 | 48c7 8728 | 0900 0001 | 0000 00e9 | 2900 0000 
  0x0000750ac3a82a54: 4883 bf30 | 0900 0000 | 7517 4889 | 8730 0900 | 0048 c787 | 3809 0000 | 0100 0000 | e908 0000 
  0x0000750ac3a82a74: 0048 8387 | 1009 0000 | 0148 b8ff | ffff ffff 

  0x0000750ac3a82a84: ;   {virtual_call}
  0x0000750ac3a82a84: ffff ffe8 

  0x0000750ac3a82a88: ; ImmutableOopMap {[112]=Oop }
                      ;*invokevirtual setFocus {reexecute=0 rethrow=0 return_oop=0}
                      ; - org.eclipse.swt.widgets.Control::setBounds@551 (line 1159)
  0x0000750ac3a82a88: d478 c806 

  0x0000750ac3a82a8c: ;   {other}
  0x0000750ac3a82a8c: 0f1f 8400 | fc1a 0011 

  0x0000750ac3a82a94: ;   {metadata(method data for {method} {0x0000750aa15e7fa8} 'setBounds' '(IIIIZZ)I' in 'org/eclipse/swt/widgets/Control')}
  0x0000750ac3a82a94: 48be 18c7 | 71a3 0a75 | 0000 ff86 | 4809 0000 | 448b 8424 | c400 0000 | e983 0000 

  0x0000750ac3a82ab0: ;   {metadata(method data for {method} {0x0000750aa15e7fa8} 'setBounds' '(IIIIZZ)I' in 'org/eclipse/swt/widgets/Control')}
  0x0000750ac3a82ab0: 0048 be18 | c771 a30a | 7500 00ff | 8660 0900 

  0x0000750ac3a82ac0: ;   {metadata(method data for {method} {0x0000750aa15e7fa8} 'setBounds' '(IIIIZZ)I' in 'org/eclipse/swt/widgets/Control')}
  0x0000750ac3a82ac0: 0048 be18 | c771 a30a | 7500 0048 | 8386 a809 | 0000 0148 | 8bb4 2498 

  0x0000750ac3a82ad8: ;   {oop(nullptr)}
  0x0000750ac3a82ad8: 0000 0048 | ba00 0000 | 0000 0000 

  0x0000750ac3a82ae4: ;   {oop(nullptr)}
  0x0000750ac3a82ae4: 0048 b900 | 0000 0000 

  0x0000750ac3a82aec: ;   {static_call}
  0x0000750ac3a82aec: 0000 00e8 

  0x0000750ac3a82af0: ; ImmutableOopMap {[112]=Oop [144]=Oop }
                      ;*invokestatic gtk_widget_get_preferred_size {reexecute=0 rethrow=0 return_oop=0}
                      ; - org.eclipse.swt.widgets.Control::setBounds@579 (line 1166)
  0x0000750ac3a82af0: 4475 2c07 

  0x0000750ac3a82af4: ;   {other}
  0x0000750ac3a82af4: 0f1f 8400 | 641b 0012 

  0x0000750ac3a82afc: ;   {metadata(method data for {method} {0x0000750aa15e7fa8} 'setBounds' '(IIIIZZ)I' in 'org/eclipse/swt/widgets/Control')}
  0x0000750ac3a82afc: 48be 18c7 | 71a3 0a75 | 0000 4883 | 86b8 0900 | 0001 488b | b424 9800 | 0000 488b | 9424 9000 
  0x0000750ac3a82b1c: ;   {static_call}
  0x0000750ac3a82b1c: 0000 90e8 

  0x0000750ac3a82b20: ; ImmutableOopMap {[112]=Oop }
                      ;*invokestatic gtk_widget_size_allocate {reexecute=0 rethrow=0 return_oop=0}
                      ; - org.eclipse.swt.widgets.Control::setBounds@586 (line 1167)
  0x0000750ac3a82b20: 1481 4407 

  0x0000750ac3a82b24: ;   {other}
  0x0000750ac3a82b24: 0f1f 8400 | 941b 0013 | 448b 8424 | c400 0000 

  0x0000750ac3a82b34: ;   {metadata(method data for {method} {0x0000750aa15e7fa8} 'setBounds' '(IIIIZZ)I' in 'org/eclipse/swt/widgets/Control')}
  0x0000750ac3a82b34: 4585 c048 | be18 c771 | a30a 7500 | 0048 c7c7 | d809 0000 | 7407 48c7 | c7c8 0900 | 0048 8b1c 
  0x0000750ac3a82b54: 3e48 8d5b | 0148 891c | 3e0f 840d | 0000 0044 | 8984 24c4 | 0000 00e9 | 7c03 0000 | 8bb4 2484 
  0x0000750ac3a82b74: 0000 0085 

  0x0000750ac3a82b78: ;   {metadata(method data for {method} {0x0000750aa15e7fa8} 'setBounds' '(IIIIZZ)I' in 'org/eclipse/swt/widgets/Control')}
  0x0000750ac3a82b78: f648 be18 | c771 a30a | 7500 0048 | c7c7 e809 | 0000 7507 | 48c7 c7f8 | 0900 0048 | 8b1c 3e48 
  0x0000750ac3a82b98: 8d5b 0148 | 891c 3e48 | 8b74 2470 | 0f85 1e00 | 0000 8b7e | 1881 cf00 

  0x0000750ac3a82bb0: ;   {metadata(method data for {method} {0x0000750aa15e7fa8} 'setBounds' '(IIIIZZ)I' in 'org/eclipse/swt/widgets/Control')}
  0x0000750ac3a82bb0: 0200 0048 | bb18 c771 | a30a 7500 | 00ff 8308 | 0a00 00e9 | 0900 0000 | 8b7e 1881 | e7ff fdff 
  0x0000750ac3a82bd0: ff44 8b8c | 2488 0000 | 0089 7e18 

  0x0000750ac3a82bdc: ;   {metadata(method data for {method} {0x0000750aa15e7fa8} 'setBounds' '(IIIIZZ)I' in 'org/eclipse/swt/widgets/Control')}
  0x0000750ac3a82bdc: 4585 c948 | bf18 c771 | a30a 7500 | 0048 c7c3 | 200a 0000 | 7507 48c7 | c330 0a00 | 0048 8b04 
  0x0000750ac3a82bfc: 1f48 8d40 | 0148 8904 | 1f0f 851e | 0000 008b | 7e18 81cf | 0004 0000 

  0x0000750ac3a82c14: ;   {metadata(method data for {method} {0x0000750aa15e7fa8} 'setBounds' '(IIIIZZ)I' in 'org/eclipse/swt/widgets/Control')}
  0x0000750ac3a82c14: 48bb 18c7 | 71a3 0a75 | 0000 ff83 | 400a 0000 | e909 0000 | 008b 7e18 | 81e7 fffb | ffff 897e 
  0x0000750ac3a82c34: 1881 e700 | 0600 0085 

  0x0000750ac3a82c3c: ;   {metadata(method data for {method} {0x0000750aa15e7fa8} 'setBounds' '(IIIIZZ)I' in 'org/eclipse/swt/widgets/Control')}
  0x0000750ac3a82c3c: ff48 bf18 | c771 a30a | 7500 0048 | c7c3 580a | 0000 7407 | 48c7 c368 | 0a00 0048 | 8b04 1f48 
  0x0000750ac3a82c5c: 8d40 0148 | 8904 1f0f | 84b5 0000 

  0x0000750ac3a82c68: ;   {metadata(method data for {method} {0x0000750aa15e7fa8} 'setBounds' '(IIIIZZ)I' in 'org/eclipse/swt/widgets/Control')}
  0x0000750ac3a82c68: 0048 bf18 | c771 a30a | 7500 00ff | 8788 0a00 | 0048 8b7e | 4848 8bdf | 4883 fb00 

  0x0000750ac3a82c84: ;   {metadata(method data for {method} {0x0000750aa15e7fa8} 'setBounds' '(IIIIZZ)I' in 'org/eclipse/swt/widgets/Control')}
  0x0000750ac3a82c84: 48bb 18c7 | 71a3 0a75 | 0000 48c7 | c098 0a00 | 0074 0748 | c7c0 a80a | 0000 488b | 1403 488d 
  0x0000750ac3a82ca4: 5201 4889 | 1403 4489 | 8424 c400 | 0000 0f84 | 2400 0000 

  0x0000750ac3a82cb8: ;   {metadata(method data for {method} {0x0000750aa15e7fa8} 'setBounds' '(IIIIZZ)I' in 'org/eclipse/swt/widgets/Control')}
  0x0000750ac3a82cb8: 48bb 18c7 | 71a3 0a75 | 0000 4883 | 83b8 0a00 | 0001 488b 

  0x0000750ac3a82ccc: ;   {static_call}
  0x0000750ac3a82ccc: f766 90e8 

  0x0000750ac3a82cd0: ; ImmutableOopMap {[112]=Oop }
                      ;*invokestatic gdk_window_hide {reexecute=0 rethrow=0 return_oop=0}
                      ; - org.eclipse.swt.widgets.Control::setBounds@679 (line 1182)
  0x0000750ac3a82cd0: 0f0c 0000 

  0x0000750ac3a82cd4: ;   {other}
  0x0000750ac3a82cd4: 0f1f 8400 | 441d 0014 

  0x0000750ac3a82cdc: ;   {metadata(method data for {method} {0x0000750aa15e7fa8} 'setBounds' '(IIIIZZ)I' in 'org/eclipse/swt/widgets/Control')}
  0x0000750ac3a82cdc: 48be 18c7 | 71a3 0a75 | 0000 4883 | 86c8 0a00 | 0001 488b | b424 9800 

  0x0000750ac3a82cf4: ;   {static_call}
  0x0000750ac3a82cf4: 0000 90e8 

  0x0000750ac3a82cf8: ; ImmutableOopMap {[112]=Oop }
                      ;*invokestatic gtk_widget_hide {reexecute=0 rethrow=0 return_oop=0}
                      ; - org.eclipse.swt.widgets.Control::setBounds@684 (line 1186)
  0x0000750ac3a82cf8: 3cf5 4907 

  0x0000750ac3a82cfc: ;   {other}
  0x0000750ac3a82cfc: 0f1f 8400 | 6c1d 0015 

  0x0000750ac3a82d04: ;   {metadata(method data for {method} {0x0000750aa15e7fa8} 'setBounds' '(IIIIZZ)I' in 'org/eclipse/swt/widgets/Control')}
  0x0000750ac3a82d04: 48be 18c7 | 71a3 0a75 | 0000 ff86 | d80a 0000 | 488b 7424 | 70e9 e300 | 0000 4489 | 8424 c400 
  0x0000750ac3a82d24: 0000 8b7e | 1881 e700 | 0800 0085 

  0x0000750ac3a82d30: ;   {metadata(method data for {method} {0x0000750aa15e7fa8} 'setBounds' '(IIIIZZ)I' in 'org/eclipse/swt/widgets/Control')}
  0x0000750ac3a82d30: ff48 bf18 | c771 a30a | 7500 0048 | c7c3 f00a | 0000 7507 | 48c7 c300 | 0b00 0048 | 8b04 1f48 
  0x0000750ac3a82d50: 8d40 0148 | 8904 1f0f | 85a4 0000 

  0x0000750ac3a82d5c: ;   {metadata(method data for {method} {0x0000750aa15e7fa8} 'setBounds' '(IIIIZZ)I' in 'org/eclipse/swt/widgets/Control')}
  0x0000750ac3a82d5c: 0048 bf18 | c771 a30a | 7500 00ff | 8720 0b00 | 0048 8b7e | 4848 8bdf | 4883 fb00 

  0x0000750ac3a82d78: ;   {metadata(method data for {method} {0x0000750aa15e7fa8} 'setBounds' '(IIIIZZ)I' in 'org/eclipse/swt/widgets/Control')}
  0x0000750ac3a82d78: 48bb 18c7 | 71a3 0a75 | 0000 48c7 | c030 0b00 | 0074 0748 | c7c0 400b | 0000 488b | 1403 488d 
  0x0000750ac3a82d98: 5201 4889 | 1403 0f84 | 2800 0000 

  0x0000750ac3a82da4: ;   {metadata(method data for {method} {0x0000750aa15e7fa8} 'setBounds' '(IIIIZZ)I' in 'org/eclipse/swt/widgets/Control')}
  0x0000750ac3a82da4: 48bb 18c7 | 71a3 0a75 | 0000 4883 | 8350 0b00 | 0001 488b | f766 0f1f 

  0x0000750ac3a82dbc: ;   {static_call}
  0x0000750ac3a82dbc: 4400 00e8 

  0x0000750ac3a82dc0: ; ImmutableOopMap {[112]=Oop }
                      ;*invokestatic gdk_window_show_unraised {reexecute=0 rethrow=0 return_oop=0}
                      ; - org.eclipse.swt.widgets.Control::setBounds@720 (line 1191)
  0x0000750ac3a82dc0: 2e0b 0000 

  0x0000750ac3a82dc4: ;   {other}
  0x0000750ac3a82dc4: 0f1f 8400 | 341e 0016 | 488b 8424 | 9800 0000 

  0x0000750ac3a82dd4: ;   {metadata(method data for {method} {0x0000750aa15e7fa8} 'setBounds' '(IIIIZZ)I' in 'org/eclipse/swt/widgets/Control')}
  0x0000750ac3a82dd4: 48be 18c7 | 71a3 0a75 | 0000 4883 | 8660 0b00 | 0001 488b | f066 0f1f 

  0x0000750ac3a82dec: ;   {static_call}
  0x0000750ac3a82dec: 4400 00e8 

  0x0000750ac3a82df0: ; ImmutableOopMap {[112]=Oop }
                      ;*invokestatic gtk_widget_show {reexecute=0 rethrow=0 return_oop=0}
                      ; - org.eclipse.swt.widgets.Control::setBounds@725 (line 1195)
  0x0000750ac3a82df0: 4402 2707 

  0x0000750ac3a82df4: ;   {other}
  0x0000750ac3a82df4: 0f1f 8400 | 641e 0017 | 488b 7424 | 708b 560c | 81e2 0000 | 0008 85d2 

  0x0000750ac3a82e0c: ;   {metadata(method data for {method} {0x0000750aa15e7fa8} 'setBounds' '(IIIIZZ)I' in 'org/eclipse/swt/widgets/Control')}
  0x0000750ac3a82e0c: 48ba 18c7 | 71a3 0a75 | 0000 48c7 | c770 0b00 | 0074 0748 | c7c7 800b | 0000 488b | 1c3a 488d 
  0x0000750ac3a82e2c: 5b01 4889 | 1c3a 0f84 | b400 0000 | 8b9c 24d0 | 0000 0048 

  0x0000750ac3a82e40: ;   {metadata(method data for {method} {0x0000750aa15e7fa8} 'setBounds' '(IIIIZZ)I' in 'org/eclipse/swt/widgets/Control')}
  0x0000750ac3a82e40: 8bd6 48bf | 18c7 71a3 | 0a75 0000 | 8b52 0848 | c1e2 0348 | 3b97 a00b | 0000 750d | 4883 87a8 
  0x0000750ac3a82e60: 0b00 0001 | e960 0000 | 0048 3b97 | b00b 0000 | 750d 4883 | 87b8 0b00 | 0001 e94a | 0000 0048 
  0x0000750ac3a82e80: 83bf a00b | 0000 0075 | 1748 8997 | a00b 0000 | 48c7 87a8 | 0b00 0001 | 0000 00e9 | 2900 0000 
  0x0000750ac3a82ea0: 4883 bfb0 | 0b00 0000 | 7517 4889 | 97b0 0b00 | 0048 c787 | b80b 0000 | 0100 0000 | e908 0000 
  0x0000750ac3a82ec0: 0048 8387 | 900b 0000 | 0148 8bd3 | 488b fe48 | 8bf7 6666 | 9048 b8ff | ffff ffff 

  0x0000750ac3a82edc: ;   {virtual_call}
  0x0000750ac3a82edc: ffff ffe8 

  0x0000750ac3a82ee0: ; ImmutableOopMap {[112]=Oop }
                      ;*invokevirtual moveChildren {reexecute=0 rethrow=0 return_oop=0}
                      ; - org.eclipse.swt.widgets.Control::setBounds@742 (line 1199)
  0x0000750ac3a82ee0: 9c27 b006 

  0x0000750ac3a82ee4: ;   {other}
  0x0000750ac3a82ee4: 0f1f 8400 | 541f 0018 | 8b9c 24a8 | 0000 0085 

  0x0000750ac3a82ef4: ;   {metadata(method data for {method} {0x0000750aa15e7fa8} 'setBounds' '(IIIIZZ)I' in 'org/eclipse/swt/widgets/Control')}
  0x0000750ac3a82ef4: db48 be18 | c771 a30a | 7500 0048 | c7c7 d80b | 0000 7507 | 48c7 c7c8 | 0b00 0048 | 8b1c 3e48 
  0x0000750ac3a82f14: 8d5b 0148 | 891c 3e0f | 850a 0000 | 00bf 0000 | 0000 e99e | 0400 008b | 8424 b400 | 0000 85c0 
  0x0000750ac3a82f34: ;   {metadata(method data for {method} {0x0000750aa15e7fa8} 'setBounds' '(IIIIZZ)I' in 'org/eclipse/swt/widgets/Control')}
  0x0000750ac3a82f34: 48be 18c7 | 71a3 0a75 | 0000 48c7 | c7f8 0b00 | 0074 0748 | c7c7 e80b | 0000 488b | 1c3e 488d 
  0x0000750ac3a82f54: 5b01 4889 | 1c3e 0f84 | 0a00 0000 | bf00 0000 | 00e9 5f04 | 0000 488b 

  0x0000750ac3a82f6c: ;   {metadata(method data for {method} {0x0000750aa15e7fa8} 'setBounds' '(IIIIZZ)I' in 'org/eclipse/swt/widgets/Control')}
  0x0000750ac3a82f6c: 7424 7048 | bf18 c771 | a30a 7500 | 008b 7608 | 48c1 e603 | 483b b718 | 0c00 0075 | 0d48 8387 
  0x0000750ac3a82f8c: 200c 0000 | 01e9 6000 | 0000 483b | b728 0c00 | 0075 0d48 | 8387 300c | 0000 01e9 | 4a00 0000 
  0x0000750ac3a82fac: 4883 bf18 | 0c00 0000 | 7517 4889 | b718 0c00 | 0048 c787 | 200c 0000 | 0100 0000 | e929 0000 
  0x0000750ac3a82fcc: 0048 83bf | 280c 0000 | 0075 1748 | 89b7 280c | 0000 48c7 | 8730 0c00 | 0001 0000 | 00e9 0800 
  0x0000750ac3a82fec: 0000 4883 | 8708 0c00 | 0001 488b | 7424 7066 | 9048 b8ff | ffff ffff 

  0x0000750ac3a83004: ;   {virtual_call}
  0x0000750ac3a83004: ffff ffe8 

  0x0000750ac3a83008: ; ImmutableOopMap {[112]=Oop }
                      ;*invokevirtual findBackgroundControl {reexecute=0 rethrow=0 return_oop=0}
                      ; - org.eclipse.swt.widgets.Control::setBounds@759 (line 1203)
  0x0000750ac3a83008: ecbd c006 

  0x0000750ac3a8300c: ;   {other}
  0x0000750ac3a8300c: 0f1f 8400 | 7c20 0019 

  0x0000750ac3a83014: ;   {metadata(method data for {method} {0x0000750aa15e7fa8} 'setBounds' '(IIIIZZ)I' in 'org/eclipse/swt/widgets/Control')}
  0x0000750ac3a83014: 4885 c048 | be18 c771 | a30a 7500 | 0048 c7c7 | 400c 0000 | 7407 48c7 | c750 0c00 | 0048 8b1c 
  0x0000750ac3a83034: 3e48 8d5b | 0148 891c | 3e0f 84e1 | 0100 008b | b0a0 0000 | 0048 85f6 

  0x0000750ac3a8304c: ;   {metadata(method data for {method} {0x0000750aa15e7fa8} 'setBounds' '(IIIIZZ)I' in 'org/eclipse/swt/widgets/Control')}
  0x0000750ac3a8304c: 48be 18c7 | 71a3 0a75 | 0000 48c7 | c760 0c00 | 0074 0748 | c7c7 700c | 0000 488b | 1c3e 488d 
  0x0000750ac3a8306c: 5b01 4889 | 1c3e 0f84 | ac01 0000 | 488b 7424 

  0x0000750ac3a8307c: ;   {metadata(method data for {method} {0x0000750aa15e7fa8} 'setBounds' '(IIIIZZ)I' in 'org/eclipse/swt/widgets/Control')}
  0x0000750ac3a8307c: 7048 bf18 | c771 a30a | 7500 008b | 7608 48c1 | e603 483b | b790 0c00 | 0075 0d48 | 8387 980c 
  0x0000750ac3a8309c: 0000 01e9 | 6000 0000 | 483b b7a0 | 0c00 0075 | 0d48 8387 | a80c 0000 | 01e9 4a00 | 0000 4883 
  0x0000750ac3a830bc: bf90 0c00 | 0000 7517 | 4889 b790 | 0c00 0048 | c787 980c | 0000 0100 | 0000 e929 | 0000 0048 
  0x0000750ac3a830dc: 83bf a00c | 0000 0075 | 1748 89b7 | a00c 0000 | 48c7 87a8 | 0c00 0001 | 0000 00e9 | 0800 0000 
  0x0000750ac3a830fc: 4883 8780 | 0c00 0001 | 488b 7424 | 700f 1f40 | 0048 b8ff | ffff ffff 

  0x0000750ac3a83114: ;   {virtual_call}
  0x0000750ac3a83114: ffff ffe8 

  0x0000750ac3a83118: ; ImmutableOopMap {[112]=Oop }
                      ;*invokevirtual isVisible {reexecute=0 rethrow=0 return_oop=0}
                      ; - org.eclipse.swt.widgets.Control::setBounds@778 (line 1205)
  0x0000750ac3a83118: a4bd c006 

  0x0000750ac3a8311c: ;   {other}
  0x0000750ac3a8311c: 0f1f 8400 | 8c21 001a 

  0x0000750ac3a83124: ;   {metadata(method data for {method} {0x0000750aa15e7fa8} 'setBounds' '(IIIIZZ)I' in 'org/eclipse/swt/widgets/Control')}
  0x0000750ac3a83124: 85c0 48ba | 18c7 71a3 | 0a75 0000 | 48c7 c1b8 | 0c00 0074 | 0748 c7c1 | c80c 0000 | 4c8b 040a 
  0x0000750ac3a83144: 4d8d 4001 | 4c89 040a | 0f84 d200 | 0000 488b 

  0x0000750ac3a83154: ;   {metadata(method data for {method} {0x0000750aa15e7fa8} 'setBounds' '(IIIIZZ)I' in 'org/eclipse/swt/widgets/Control')}
  0x0000750ac3a83154: 7424 7048 | ba18 c771 | a30a 7500 | 008b 7608 | 48c1 e603 | 483b b2e8 | 0c00 0075 | 0d48 8382 
  0x0000750ac3a83174: f00c 0000 | 01e9 6000 | 0000 483b | b2f8 0c00 | 0075 0d48 | 8382 000d | 0000 01e9 | 4a00 0000 
  0x0000750ac3a83194: 4883 bae8 | 0c00 0000 | 7517 4889 | b2e8 0c00 | 0048 c782 | f00c 0000 | 0100 0000 | e929 0000 
  0x0000750ac3a831b4: 0048 83ba | f80c 0000 | 0075 1748 | 89b2 f80c | 0000 48c7 | 8200 0d00 | 0001 0000 | 00e9 0800 
  0x0000750ac3a831d4: 0000 4883 | 82d8 0c00 | 0001 ba00 | 0000 00b9 | 0000 0000 | 41b8 0000 | 0000 41b9 | 0000 0000 
  0x0000750ac3a831f4: bf01 0000 | 00c7 0424 | 0100 0000 | c744 2408 | 0100 0000 | 488b 7424 | 7048 b8ff | ffff ffff 
  0x0000750ac3a83214: ;   {virtual_call}
  0x0000750ac3a83214: ffff ffe8 

  0x0000750ac3a83218: ; ImmutableOopMap {[112]=Oop }
                      ;*invokevirtual redrawWidget {reexecute=0 rethrow=0 return_oop=0}
                      ; - org.eclipse.swt.widgets.Control::setBounds@792 (line 1205)
  0x0000750ac3a83218: dcb7 c606 

  0x0000750ac3a8321c: ;   {other}
  0x0000750ac3a8321c: 0f1f 8400 | 8c22 001b | 8bbc 24ac | 0000 0085 

  0x0000750ac3a8322c: ;   {metadata(method data for {method} {0x0000750aa15e7fa8} 'setBounds' '(IIIIZZ)I' in 'org/eclipse/swt/widgets/Control')}
  0x0000750ac3a8322c: ff48 ba18 | c771 a30a | 7500 0048 | c7c1 100d | 0000 7407 | 48c7 c120 | 0d00 004c | 8b04 0a4d 
  0x0000750ac3a8324c: 8d40 014c | 8904 0a0f | 846b 0100 | 0048 8b74 

  0x0000750ac3a8325c: ;   {metadata(method data for {method} {0x0000750aa15e7fa8} 'setBounds' '(IIIIZZ)I' in 'org/eclipse/swt/widgets/Control')}
  0x0000750ac3a8325c: 2470 48ba | 18c7 71a3 | 0a75 0000 | 8b76 0848 | c1e6 0348 | 3bb2 400d | 0000 750d | 4883 8248 
  0x0000750ac3a8327c: 0d00 0001 | e960 0000 | 0048 3bb2 | 500d 0000 | 750d 4883 | 8258 0d00 | 0001 e94a | 0000 0048 
  0x0000750ac3a8329c: 83ba 400d | 0000 0075 | 1748 89b2 | 400d 0000 | 48c7 8248 | 0d00 0001 | 0000 00e9 | 2900 0000 
  0x0000750ac3a832bc: 4883 ba50 | 0d00 0000 | 7517 4889 | b250 0d00 | 0048 c782 | 580d 0000 | 0100 0000 | e908 0000 
  0x0000750ac3a832dc: 0048 8382 | 300d 0000 

  0x0000750ac3a832e4: ;   {metadata(method data for {method} {0x0000750aa1613138} 'sendEvent' '(I)V' in 'org/eclipse/swt/widgets/Widget')}
  0x0000750ac3a832e4: 0148 ba80 | e171 a30a | 7500 008b | 8af4 0000 | 0083 c102 | 898a f400 | 0000 81e1 | feff 1f00 
  0x0000750ac3a83304: 85c9 0f84 | 3b04 0000 | 488b 7424 

  0x0000750ac3a83310: ;   {metadata(method data for {method} {0x0000750aa1613138} 'sendEvent' '(I)V' in 'org/eclipse/swt/widgets/Widget')}
  0x0000750ac3a83310: 7048 ba80 | e171 a30a | 7500 008b | 7608 48c1 | e603 483b | b248 0100 | 0075 0d48 | 8382 5001 
  0x0000750ac3a83330: 0000 01e9 | 6000 0000 | 483b b258 | 0100 0075 | 0d48 8382 | 6001 0000 | 01e9 4a00 | 0000 4883 
  0x0000750ac3a83350: ba48 0100 | 0000 7517 | 4889 b248 | 0100 0048 | c782 5001 | 0000 0100 | 0000 e929 | 0000 0048 
  0x0000750ac3a83370: 83ba 5801 | 0000 0075 | 1748 89b2 | 5801 0000 | 48c7 8260 | 0100 0001 | 0000 00e9 | 0800 0000 
  0x0000750ac3a83390: 4883 8238 | 0100 0001 | ba0a 0000 

  0x0000750ac3a8339c: ;   {oop(nullptr)}
  0x0000750ac3a8339c: 0048 b900 | 0000 0000 | 0000 0041 | b801 0000 | 0048 8b74 | 2470 0f1f 

  0x0000750ac3a833b4: ;   {optimized virtual_call}
  0x0000750ac3a833b4: 4400 00e8 

  0x0000750ac3a833b8: ; ImmutableOopMap {[112]=Oop }
                      ;*invokevirtual sendEvent {reexecute=0 rethrow=0 return_oop=0}
                      ; - org.eclipse.swt.widgets.Widget::sendEvent@4 (line 1657)
                      ; - org.eclipse.swt.widgets.Control::setBounds@803 (line 1207)
  0x0000750ac3a833b8: c4ef 7707 

  0x0000750ac3a833bc: ;   {other}
  0x0000750ac3a833bc: 0f1f 8400 | 2c24 001c | bf80 0000 | 0044 8b8c | 2400 0100 | 0045 85c9 

  0x0000750ac3a833d4: ;   {metadata(method data for {method} {0x0000750aa15e7fa8} 'setBounds' '(IIIIZZ)I' in 'org/eclipse/swt/widgets/Control')}
  0x0000750ac3a833d4: 48ba 18c7 | 71a3 0a75 | 0000 48c7 | c168 0d00 | 0074 0748 | c7c1 780d | 0000 4c8b | 040a 4d8d 
  0x0000750ac3a833f4: 4001 4c89 | 040a 0f84 | b101 0000 | 448b 8424 | c400 0000 

  0x0000750ac3a83408: ;   {metadata(method data for {method} {0x0000750aa15e7fa8} 'setBounds' '(IIIIZZ)I' in 'org/eclipse/swt/widgets/Control')}
  0x0000750ac3a83408: 4585 c048 | ba18 c771 | a30a 7500 | 0048 c7c1 | 880d 0000 | 7507 48c7 | c198 0d00 | 004c 8b04 
  0x0000750ac3a83428: 0a4d 8d40 | 014c 8904 | 0a0f 857a | 0100 0089 | bc24 d400 | 0000 488b | 7424 7048 

  0x0000750ac3a83444: ;   {metadata(method data for {method} {0x0000750aa15e7fa8} 'setBounds' '(IIIIZZ)I' in 'org/eclipse/swt/widgets/Control')}
  0x0000750ac3a83444: 8bd6 48b9 | 18c7 71a3 | 0a75 0000 | 8b52 0848 | c1e2 0348 | 3b91 b80d | 0000 750d | 4883 81c0 
  0x0000750ac3a83464: 0d00 0001 | e960 0000 | 0048 3b91 | c80d 0000 | 750d 4883 | 81d0 0d00 | 0001 e94a | 0000 0048 
  0x0000750ac3a83484: 83b9 b80d | 0000 0075 | 1748 8991 | b80d 0000 | 48c7 81c0 | 0d00 0001 | 0000 00e9 | 2900 0000 
  0x0000750ac3a834a4: 4883 b9c8 | 0d00 0000 | 7517 4889 | 91c8 0d00 | 0048 c781 | d00d 0000 | 0100 0000 | e908 0000 
  0x0000750ac3a834c4: 0048 8381 | a80d 0000 

  0x0000750ac3a834cc: ;   {metadata(method data for {method} {0x0000750aa1613138} 'sendEvent' '(I)V' in 'org/eclipse/swt/widgets/Widget')}
  0x0000750ac3a834cc: 0148 ba80 | e171 a30a | 7500 008b | 8af4 0000 | 0083 c102 | 898a f400 | 0000 81e1 | feff 1f00 
  0x0000750ac3a834ec: 85c9 0f84 | 7402 0000 

  0x0000750ac3a834f4: ;   {metadata(method data for {method} {0x0000750aa1613138} 'sendEvent' '(I)V' in 'org/eclipse/swt/widgets/Widget')}
  0x0000750ac3a834f4: 488b d648 | b980 e171 | a30a 7500 | 008b 5208 | 48c1 e203 | 483b 9148 | 0100 0075 | 0d48 8381 
  0x0000750ac3a83514: 5001 0000 | 01e9 6000 | 0000 483b | 9158 0100 | 0075 0d48 | 8381 6001 | 0000 01e9 | 4a00 0000 
  0x0000750ac3a83534: 4883 b948 | 0100 0000 | 7517 4889 | 9148 0100 | 0048 c781 | 5001 0000 | 0100 0000 | e929 0000 
  0x0000750ac3a83554: 0048 83b9 | 5801 0000 | 0075 1748 | 8991 5801 | 0000 48c7 | 8160 0100 | 0001 0000 | 00e9 0800 
  0x0000750ac3a83574: 0000 4883 | 8138 0100 | 0001 ba0b 

  0x0000750ac3a83580: ;   {oop(nullptr)}
  0x0000750ac3a83580: 0000 0048 | b900 0000 | 0000 0000 | 0041 b801 | 0000 000f 

  0x0000750ac3a83594: ;   {optimized virtual_call}
  0x0000750ac3a83594: 1f40 00e8 

  0x0000750ac3a83598: ; ImmutableOopMap {}
                      ;*invokevirtual sendEvent {reexecute=0 rethrow=0 return_oop=0}
                      ; - org.eclipse.swt.widgets.Widget::sendEvent@4 (line 1657)
                      ; - org.eclipse.swt.widgets.Control::setBounds@827 (line 1211)
  0x0000750ac3a83598: e4ed 7707 

  0x0000750ac3a8359c: ;   {other}
  0x0000750ac3a8359c: 0f1f 8400 | 0c26 001d | 8bbc 24d4 | 0000 0081 | cf00 0100 | 0048 8bc7 | 4881 c4f0 | 0000 005d 
  0x0000750ac3a835bc: ;   {poll_return}
  0x0000750ac3a835bc: 493b a748 | 0400 000f | 87c0 0100 

  0x0000750ac3a835c8: ;   {metadata({method} {0x0000750aa15e7fa8} 'setBounds' '(IIIIZZ)I' in 'org/eclipse/swt/widgets/Control')}
  0x0000750ac3a835c8: 00c3 49ba | a87f 5ea1 | 0a75 0000 | 4c89 5424 | 0848 c704 | 24ff ffff 

  0x0000750ac3a835e0: ;   {runtime_call counter_overflow Runtime1 stub}
  0x0000750ac3a835e0: ffe8 9a54 

  0x0000750ac3a835e4: ; ImmutableOopMap {rsi=Oop [112]=Oop }
                      ;*synchronization entry
                      ; - org.eclipse.swt.widgets.Control::setBounds@-1 (line 1071)
  0x0000750ac3a835e4: bc06 e97f 

  0x0000750ac3a835e8: ;   {metadata({method} {0x0000750aa017bc90} 'min' '(II)I' in 'java/lang/Math')}
  0x0000750ac3a835e8: deff ff49 | ba90 bc17 | a00a 7500 | 004c 8954 | 2408 48c7 | 0424 ffff 

  0x0000750ac3a83600: ;   {runtime_call counter_overflow Runtime1 stub}
  0x0000750ac3a83600: ffff e879 

  0x0000750ac3a83604: ; ImmutableOopMap {rsi=Oop [112]=Oop }
                      ;*synchronization entry
                      ; - java.lang.Math::min@-1
                      ; - org.eclipse.swt.widgets.Control::setBounds@4 (line 1071)
  0x0000750ac3a83604: 54bc 06e9 | 96de ffff 

  0x0000750ac3a8360c: ;   {metadata({method} {0x0000750aa017bc90} 'min' '(II)I' in 'java/lang/Math')}
  0x0000750ac3a8360c: 49ba 90bc | 17a0 0a75 | 0000 4c89 | 5424 0848 | c704 24ff 

  0x0000750ac3a83620: ;   {runtime_call counter_overflow Runtime1 stub}
  0x0000750ac3a83620: ffff ffe8 

  0x0000750ac3a83624: ; ImmutableOopMap {rsi=Oop [112]=Oop }
                      ;*synchronization entry
                      ; - java.lang.Math::min@-1
                      ; - org.eclipse.swt.widgets.Control::setBounds@13 (line 1072)
  0x0000750ac3a83624: 5854 bc06 | e9fb deff | ff48 8bd2 

  0x0000750ac3a83630: ;   {runtime_call fast_new_instance Runtime1 stub}
  0x0000750ac3a83630: e8cb 0abc 

  0x0000750ac3a83634: ; ImmutableOopMap {[112]=Oop }
                      ;*new {reexecute=0 rethrow=0 return_oop=0}
                      ; - org.eclipse.swt.widgets.Control::setBounds@28 (line 1076)
  0x0000750ac3a83634: 06e9 50e0 

  0x0000750ac3a83638: ;   {metadata({method} {0x0000750aa1a76ac8} '<init>' '()V' in 'org/eclipse/swt/internal/gtk/GtkAllocation')}
  0x0000750ac3a83638: ffff 49ba | c86a a7a1 | 0a75 0000 | 4c89 5424 | 0848 c704 | 24ff ffff 

  0x0000750ac3a83650: ;   {runtime_call counter_overflow Runtime1 stub}
  0x0000750ac3a83650: ffe8 2a54 

  0x0000750ac3a83654: ; ImmutableOopMap {rax=Oop [112]=Oop [144]=Oop }
                      ;*synchronization entry
                      ; - org.eclipse.swt.internal.gtk.GtkAllocation::<init>@-1 (line 18)
                      ; - org.eclipse.swt.widgets.Control::setBounds@32 (line 1076)
  0x0000750ac3a83654: bc06 e973 

  0x0000750ac3a83658: ;   {metadata({method} {0x0000750aa0000630} '<init>' '()V' in 'java/lang/Object')}
  0x0000750ac3a83658: e0ff ff49 | ba30 0600 | a00a 7500 | 004c 8954 | 2408 48c7 | 0424 ffff 

  0x0000750ac3a83670: ;   {runtime_call counter_overflow Runtime1 stub}
  0x0000750ac3a83670: ffff e809 

  0x0000750ac3a83674: ; ImmutableOopMap {rax=Oop [112]=Oop [144]=Oop }
                      ;*synchronization entry
                      ; - java.lang.Object::<init>@-1
                      ; - org.eclipse.swt.internal.gtk.GtkAllocation::<init>@1 (line 18)
                      ; - org.eclipse.swt.widgets.Control::setBounds@32 (line 1076)
  0x0000750ac3a83674: 54bc 06e9 | 8ee0 ffff 

  0x0000750ac3a8367c: ;   {runtime_call throw_null_pointer_exception Runtime1 stub}
  0x0000750ac3a8367c: e87f 01bc 

  0x0000750ac3a83680: ; ImmutableOopMap {rsi=Oop rdi=Oop [112]=Oop [144]=Oop }
                      ;*getfield style {reexecute=1 rethrow=0 return_oop=0}
                      ; - (reexecute) org.eclipse.swt.widgets.Control::setBounds@48 (line 1078)
                      ;   {metadata({method} {0x0000750aa017b948} 'max' '(II)I' in 'java/lang/Math')}
  0x0000750ac3a83680: 0649 ba48 | b917 a00a | 7500 004c | 8954 2408 | 48c7 0424 | ffff ffff 

  0x0000750ac3a83698: ;   {runtime_call counter_overflow Runtime1 stub}
  0x0000750ac3a83698: e8e3 53bc 

  0x0000750ac3a8369c: ; ImmutableOopMap {[112]=Oop [144]=Oop }
                      ;*synchronization entry
                      ; - java.lang.Math::max@-1
                      ; - org.eclipse.swt.widgets.Control::setBounds@359 (line 1112)
  0x0000750ac3a8369c: 06e9 32ea 

  0x0000750ac3a836a0: ;   {metadata({method} {0x0000750aa017b948} 'max' '(II)I' in 'java/lang/Math')}
  0x0000750ac3a836a0: ffff 49ba | 48b9 17a0 | 0a75 0000 | 4c89 5424 | 0848 c704 | 24ff ffff 

  0x0000750ac3a836b8: ;   {runtime_call counter_overflow Runtime1 stub}
  0x0000750ac3a836b8: ffe8 c253 

  0x0000750ac3a836bc: ; ImmutableOopMap {[112]=Oop [144]=Oop }
                      ;*synchronization entry
                      ; - java.lang.Math::max@-1
                      ; - org.eclipse.swt.widgets.Control::setBounds@367 (line 1113)
  0x0000750ac3a836bc: bc06 e997 | eaff ff48 

  0x0000750ac3a836c4: ;   {runtime_call fast_new_instance Runtime1 stub}
  0x0000750ac3a836c4: 8bd2 e835 

  0x0000750ac3a836c8: ; ImmutableOopMap {[112]=Oop [144]=Oop }
                      ;*new {reexecute=0 rethrow=0 return_oop=0}
                      ; - org.eclipse.swt.widgets.Control::setBounds@436 (line 1131)
  0x0000750ac3a836c8: 0abc 06e9 | cfed ffff 

  0x0000750ac3a836d0: ;   {metadata({method} {0x0000750aa1a772c8} '<init>' '()V' in 'org/eclipse/swt/internal/gtk/GtkRequisition')}
  0x0000750ac3a836d0: 49ba c872 | a7a1 0a75 | 0000 4c89 | 5424 0848 | c704 24ff 

  0x0000750ac3a836e4: ;   {runtime_call counter_overflow Runtime1 stub}
  0x0000750ac3a836e4: ffff ffe8 

  0x0000750ac3a836e8: ; ImmutableOopMap {rax=Oop [112]=Oop [144]=Oop [200]=Oop }
                      ;*synchronization entry
                      ; - org.eclipse.swt.internal.gtk.GtkRequisition::<init>@-1 (line 18)
                      ; - org.eclipse.swt.widgets.Control::setBounds@440 (line 1131)
  0x0000750ac3a836e8: 9453 bc06 | e9f2 edff 

  0x0000750ac3a836f0: ;   {metadata({method} {0x0000750aa0000630} '<init>' '()V' in 'java/lang/Object')}
  0x0000750ac3a836f0: ff49 ba30 | 0600 a00a | 7500 004c | 8954 2408 | 48c7 0424 | ffff ffff 

  0x0000750ac3a83708: ;   {runtime_call counter_overflow Runtime1 stub}
  0x0000750ac3a83708: e873 53bc 

  0x0000750ac3a8370c: ; ImmutableOopMap {rax=Oop [112]=Oop [144]=Oop [200]=Oop }
                      ;*synchronization entry
                      ; - java.lang.Object::<init>@-1
                      ; - org.eclipse.swt.internal.gtk.GtkRequisition::<init>@1 (line 18)
                      ; - org.eclipse.swt.widgets.Control::setBounds@440 (line 1131)
  0x0000750ac3a8370c: 06e9 0dee 

  0x0000750ac3a83710: ;   {runtime_call throw_null_pointer_exception Runtime1 stub}
  0x0000750ac3a83710: ffff e8e9 

  0x0000750ac3a83714: ; ImmutableOopMap {rsi=Oop rdi=Oop [112]=Oop [144]=Oop [200]=Oop }
                      ;*invokevirtual getFocusControl {reexecute=0 rethrow=0 return_oop=0}
                      ; - org.eclipse.swt.widgets.Control::setBounds@500 (line 1150)
                      ;   {metadata({method} {0x0000750aa1616528} 'gtk_widget_size_allocate' '(JLorg/eclipse/swt/internal/gtk/GtkAllocation;I)V' in 'org/eclipse/swt/widgets/Widget')}
  0x0000750ac3a83714: 00bc 0649 | ba28 6561 | a10a 7500 | 004c 8954 | 2408 48c7 | 0424 ffff 

  0x0000750ac3a8372c: ;   {runtime_call counter_overflow Runtime1 stub}
  0x0000750ac3a8372c: ffff e84d 

  0x0000750ac3a83730: ; ImmutableOopMap {[112]=Oop [144]=Oop [216]=Oop }
                      ;*synchronization entry
                      ; - org.eclipse.swt.widgets.Widget::gtk_widget_size_allocate@-1 (line 2734)
                      ; - org.eclipse.swt.widgets.Control::setBounds@524 (line 1153)
  0x0000750ac3a83730: 53bc 06e9 | 8ff1 ffff 

  0x0000750ac3a83738: ;   {runtime_call throw_null_pointer_exception Runtime1 stub}
  0x0000750ac3a83738: e8c3 00bc 

  0x0000750ac3a8373c: ; ImmutableOopMap {rsi=Oop rdi=Oop [112]=Oop [216]=Oop }
                      ;*invokevirtual getFocusControl {reexecute=0 rethrow=0 return_oop=0}
                      ; - org.eclipse.swt.widgets.Control::setBounds@541 (line 1158)
                      ;   {runtime_call throw_null_pointer_exception Runtime1 stub}
  0x0000750ac3a8373c: 06e8 be00 

  0x0000750ac3a83740: ; ImmutableOopMap {rsi=Oop [112]=Oop [216]=Oop }
                      ;*invokevirtual setFocus {reexecute=0 rethrow=0 return_oop=0}
                      ; - org.eclipse.swt.widgets.Control::setBounds@551 (line 1159)
                      ;   {runtime_call throw_null_pointer_exception Runtime1 stub}
  0x0000750ac3a83740: bc06 e8b9 

  0x0000750ac3a83744: ; ImmutableOopMap {[112]=Oop }
                      ;*getfield backgroundImage {reexecute=1 rethrow=0 return_oop=0}
                      ; - (reexecute) org.eclipse.swt.widgets.Control::setBounds@771 (line 1204)
                      ;   {metadata({method} {0x0000750aa1613138} 'sendEvent' '(I)V' in 'org/eclipse/swt/widgets/Widget')}
  0x0000750ac3a83744: 00bc 0649 | ba38 3161 | a10a 7500 | 004c 8954 | 2408 48c7 | 0424 ffff 

  0x0000750ac3a8375c: ;   {runtime_call counter_overflow Runtime1 stub}
  0x0000750ac3a8375c: ffff e81d 

  0x0000750ac3a83760: ; ImmutableOopMap {[112]=Oop }
                      ;*synchronization entry
                      ; - org.eclipse.swt.widgets.Widget::sendEvent@-1 (line 1657)
                      ; - org.eclipse.swt.widgets.Control::setBounds@803 (line 1207)
  0x0000750ac3a83760: 53bc 06e9 | a4fb ffff 

  0x0000750ac3a83768: ;   {metadata({method} {0x0000750aa1613138} 'sendEvent' '(I)V' in 'org/eclipse/swt/widgets/Widget')}
  0x0000750ac3a83768: 49ba 3831 | 61a1 0a75 | 0000 4c89 | 5424 0848 | c704 24ff 

  0x0000750ac3a8377c: ;   {runtime_call counter_overflow Runtime1 stub}
  0x0000750ac3a8377c: ffff ffe8 

  0x0000750ac3a83780: ; ImmutableOopMap {rsi=Oop [112]=Oop }
                      ;*synchronization entry
                      ; - org.eclipse.swt.widgets.Widget::sendEvent@-1 (line 1657)
                      ; - org.eclipse.swt.widgets.Control::setBounds@827 (line 1211)
  0x0000750ac3a83780: fc52 bc06 | e96b fdff 

  0x0000750ac3a83788: ;   {internal_word}
  0x0000750ac3a83788: ff49 babc | 35a8 c30a | 7500 004d | 8997 6004 

  0x0000750ac3a83798: ;   {runtime_call SafepointBlob}
  0x0000750ac3a83798: 0000 e961 | 88b0 0649 | 8b87 f804 | 0000 49c7 | 87f8 0400 | 0000 0000 | 0049 c787 | 0005 0000 
  0x0000750ac3a837b8: 0000 0000 | 4881 c4f0 | 0000 005d 

  0x0000750ac3a837c4: ;   {runtime_call unwind_exception Runtime1 stub}
  0x0000750ac3a837c4: e937 f1bb | 06f4 f4f4 | f4f4 f4f4 
[Stub Code]
  0x0000750ac3a837d0: ;   {no_reloc}
  0x0000750ac3a837d0: 0f1f 4400 

  0x0000750ac3a837d4: ;   {static_stub}
  0x0000750ac3a837d4: 0048 bb00 | 0000 0000 

  0x0000750ac3a837dc: ;   {runtime_call nmethod}
  0x0000750ac3a837dc: 0000 00e9 | fbff ffff 

  0x0000750ac3a837e4: ;   {static_stub}
  0x0000750ac3a837e4: 9048 bb00 | 0000 0000 

  0x0000750ac3a837ec: ;   {runtime_call nmethod}
  0x0000750ac3a837ec: 0000 00e9 | fbff ffff 

  0x0000750ac3a837f4: ;   {static_stub}
  0x0000750ac3a837f4: 9048 bb80 | 105f a10a 

  0x0000750ac3a837fc: ;   {runtime_call I2C/C2I adapters}
  0x0000750ac3a837fc: 7500 00e9 | 5c41 ae06 

  0x0000750ac3a83804: ;   {static_stub}
  0x0000750ac3a83804: 9048 bb00 | 0000 0000 

  0x0000750ac3a8380c: ;   {runtime_call nmethod}
  0x0000750ac3a8380c: 0000 00e9 | fbff ffff 

  0x0000750ac3a83814: ;   {static_stub}
  0x0000750ac3a83814: 9048 bb00 | 0000 0000 

  0x0000750ac3a8381c: ;   {runtime_call nmethod}
  0x0000750ac3a8381c: 0000 00e9 | fbff ffff 

  0x0000750ac3a83824: ;   {static_stub}
  0x0000750ac3a83824: 9048 bb00 | 0000 0000 

  0x0000750ac3a8382c: ;   {runtime_call nmethod}
  0x0000750ac3a8382c: 0000 00e9 | fbff ffff 

  0x0000750ac3a83834: ;   {static_stub}
  0x0000750ac3a83834: 9048 bb00 | 0000 0000 

  0x0000750ac3a8383c: ;   {runtime_call nmethod}
  0x0000750ac3a8383c: 0000 00e9 | fbff ffff 

  0x0000750ac3a83844: ;   {static_stub}
  0x0000750ac3a83844: 9048 bb00 | 0000 0000 

  0x0000750ac3a8384c: ;   {runtime_call nmethod}
  0x0000750ac3a8384c: 0000 00e9 | fbff ffff 

  0x0000750ac3a83854: ;   {static_stub}
  0x0000750ac3a83854: 9048 bb00 | 0000 0000 

  0x0000750ac3a8385c: ;   {runtime_call nmethod}
  0x0000750ac3a8385c: 0000 00e9 | fbff ffff 

  0x0000750ac3a83864: ;   {static_stub}
  0x0000750ac3a83864: 9048 bb00 | 0000 0000 

  0x0000750ac3a8386c: ;   {runtime_call nmethod}
  0x0000750ac3a8386c: 0000 00e9 | fbff ffff 

  0x0000750ac3a83874: ;   {static_stub}
  0x0000750ac3a83874: 9048 bb00 | 0000 0000 

  0x0000750ac3a8387c: ;   {runtime_call nmethod}
  0x0000750ac3a8387c: 0000 00e9 | fbff ffff 

  0x0000750ac3a83884: ;   {static_stub}
  0x0000750ac3a83884: 9048 bb00 | 0000 0000 

  0x0000750ac3a8388c: ;   {runtime_call nmethod}
  0x0000750ac3a8388c: 0000 00e9 | fbff ffff 

  0x0000750ac3a83894: ;   {static_stub}
  0x0000750ac3a83894: 9048 bb00 | 0000 0000 

  0x0000750ac3a8389c: ;   {runtime_call nmethod}
  0x0000750ac3a8389c: 0000 00e9 | fbff ffff 

  0x0000750ac3a838a4: ;   {static_stub}
  0x0000750ac3a838a4: 9048 bb00 | 0000 0000 

  0x0000750ac3a838ac: ;   {runtime_call nmethod}
  0x0000750ac3a838ac: 0000 00e9 | fbff ffff 

  0x0000750ac3a838b4: ;   {static_stub}
  0x0000750ac3a838b4: 9048 bb00 | 0000 0000 

  0x0000750ac3a838bc: ;   {runtime_call nmethod}
  0x0000750ac3a838bc: 0000 00e9 | fbff ffff 

  0x0000750ac3a838c4: ;   {static_stub}
  0x0000750ac3a838c4: 9048 bb00 | 0000 0000 

  0x0000750ac3a838cc: ;   {runtime_call nmethod}
  0x0000750ac3a838cc: 0000 00e9 | fbff ffff 

  0x0000750ac3a838d4: ;   {static_stub}
  0x0000750ac3a838d4: 48bb 0000 | 0000 0000 

  0x0000750ac3a838dc: ;   {runtime_call nmethod}
  0x0000750ac3a838dc: 0000 e9fb 

  0x0000750ac3a838e0: ;   {static_stub}
  0x0000750ac3a838e0: ffff ff48 | bb48 48a1 | a10a 7500 

  0x0000750ac3a838ec: ;   {runtime_call I2C/C2I adapters}
  0x0000750ac3a838ec: 00e9 6801 

  0x0000750ac3a838f0: ;   {static_stub}
  0x0000750ac3a838f0: ae06 48bb | 6855 a1a1 | 0a75 0000 

  0x0000750ac3a838fc: ;   {runtime_call I2C/C2I adapters}
  0x0000750ac3a838fc: e959 01ae 

  0x0000750ac3a83900: ;   {static_stub}
  0x0000750ac3a83900: 0648 bb00 | 0000 0000 

  0x0000750ac3a83908: ;   {runtime_call nmethod}
  0x0000750ac3a83908: 0000 00e9 | fbff ffff 

  0x0000750ac3a83910: ;   {static_stub}
  0x0000750ac3a83910: 48bb c84a | a1a1 0a75 

  0x0000750ac3a83918: ;   {runtime_call I2C/C2I adapters}
  0x0000750ac3a83918: 0000 e941 

  0x0000750ac3a8391c: ;   {static_stub}
  0x0000750ac3a8391c: d1b0 0648 | bb28 4fa1 | a10a 7500 

  0x0000750ac3a83928: ;   {runtime_call I2C/C2I adapters}
  0x0000750ac3a83928: 00e9 32d1 

  0x0000750ac3a8392c: ;   {static_stub}
  0x0000750ac3a8392c: b006 48bb | 0000 0000 | 0000 0000 

  0x0000750ac3a83938: ;   {runtime_call nmethod}
  0x0000750ac3a83938: e9fb ffff 

  0x0000750ac3a8393c: ;   {static_stub}
  0x0000750ac3a8393c: ff48 bb00 | 0000 0000 

  0x0000750ac3a83944: ;   {runtime_call nmethod}
  0x0000750ac3a83944: 0000 00e9 | fbff ffff 

  0x0000750ac3a8394c: ;   {static_stub}
  0x0000750ac3a8394c: 48bb 0000 | 0000 0000 

  0x0000750ac3a83954: ;   {runtime_call nmethod}
  0x0000750ac3a83954: 0000 e9fb 

  0x0000750ac3a83958: ;   {static_stub}
  0x0000750ac3a83958: ffff ff48 | bb00 0000 | 0000 0000 

  0x0000750ac3a83964: ;   {runtime_call nmethod}
  0x0000750ac3a83964: 00e9 fbff 

  0x0000750ac3a83968: ;   {runtime_call handle_exception_from_callee Runtime1 stub}
  0x0000750ac3a83968: ffff e811 

  0x0000750ac3a8396c: ;   {external_word}
  0x0000750ac3a8396c: 20bc 0648 | bf07 c1b0 | da0a 7500 | 0048 83e4 

  0x0000750ac3a8397c: ;   {runtime_call MacroAssembler::debug64(char*, long, long*)}
  0x0000750ac3a8397c: f0e8 8e62 

  0x0000750ac3a83980: ;   {section_word}
  0x0000750ac3a83980: b616 f449 | ba83 39a8 | c30a 7500 

  0x0000750ac3a8398c: ;   {runtime_call DeoptimizationBlob}
  0x0000750ac3a8398c: 0041 52e9 | 0c79 b006 | f4f4 f4f4 
[/MachCode]


Compiled method (c1) 12850698 7862       3       org.eclipse.swt.widgets.Composite::setBounds (113 bytes)
 total in heap  [0x0000750ac3e69490,0x0000750ac3e6a040] = 2992
 relocation     [0x0000750ac3e695e8,0x0000750ac3e696a0] = 184
 main code      [0x0000750ac3e696a0,0x0000750ac3e69e00] = 1888
 stub code      [0x0000750ac3e69e00,0x0000750ac3e69ea0] = 160
 oops           [0x0000750ac3e69ea0,0x0000750ac3e69ea8] = 8
 metadata       [0x0000750ac3e69ea8,0x0000750ac3e69ec8] = 32
 scopes data    [0x0000750ac3e69ec8,0x0000750ac3e69f90] = 200
 scopes pcs     [0x0000750ac3e69f90,0x0000750ac3e6a030] = 160
 dependencies   [0x0000750ac3e6a030,0x0000750ac3e6a040] = 16

[Constant Pool (empty)]

[MachCode]
[Entry Point]
  # {method} {0x0000750aa15dff10} 'setBounds' '(IIIIZZ)I' in 'org/eclipse/swt/widgets/Composite'
  # this:     rsi:rsi   = 'org/eclipse/swt/widgets/Composite'
  # parm0:    rdx       = int
  # parm1:    rcx       = int
  # parm2:    r8        = int
  # parm3:    r9        = int
  # parm4:    rdi       = boolean
  # parm5:    [sp+0x80]   = boolean  (sp of caller)
  0x0000750ac3e696a0: 448b 5608 | 49c1 e203 

  0x0000750ac3e696a8: ;   {runtime_call ic_miss_stub}
  0x0000750ac3e696a8: 4c3b d00f | 85cf b971 | 060f 1f84 | 0000 0000 | 000f 1f80 | 0000 0000 
[Verified Entry Point]
  0x0000750ac3e696c0: 8984 2400 | c0fe ff55 | 4883 ec70 | 4181 7f20 | 6300 0000 

  0x0000750ac3e696d4: ;   {runtime_call StubRoutines (final stubs)}
  0x0000750ac3e696d4: 7405 e845 | 1d70 0648 | 8974 2440 | 4489 4424 | 4844 894c 

  0x0000750ac3e696e8: ;   {metadata(method data for {method} {0x0000750aa15dff10} 'setBounds' '(IIIIZZ)I' in 'org/eclipse/swt/widgets/Composite')}
  0x0000750ac3e696e8: 244c 48bb | 200c 72a3 | 0a75 0000 | 8b83 f400 | 0000 83c0 | 0289 83f4 | 0000 0025 | fe07 0000 
  0x0000750ac3e69708: 85c0 0f84 | 8b06 0000 | 897c 2458 | 894c 2454 | 8954 2450 

  0x0000750ac3e6971c: ;   {metadata(method data for {method} {0x0000750aa15dff10} 'setBounds' '(IIIIZZ)I' in 'org/eclipse/swt/widgets/Composite')}
  0x0000750ac3e6971c: 488b de48 | b820 0c72 | a30a 7500 | 008b 5b08 | 48c1 e303 | 483b 9848 | 0100 0075 | 0d48 8380 
  0x0000750ac3e6973c: 5001 0000 | 01e9 6000 | 0000 483b | 9858 0100 | 0075 0d48 | 8380 6001 | 0000 01e9 | 4a00 0000 
  0x0000750ac3e6975c: 4883 b848 | 0100 0000 | 7517 4889 | 9848 0100 | 0048 c780 | 5001 0000 | 0100 0000 | e929 0000 
  0x0000750ac3e6977c: 0048 83b8 | 5801 0000 | 0075 1748 | 8998 5801 | 0000 48c7 | 8060 0100 | 0001 0000 | 00e9 0800 
  0x0000750ac3e6979c: 0000 4883 | 8038 0100 | 0001 488b | de48 8bf3 | 9048 b8ff | ffff ffff 

  0x0000750ac3e697b4: ;   {virtual_call}
  0x0000750ac3e697b4: ffff ffe8 

  0x0000750ac3e697b8: ; ImmutableOopMap {[64]=Oop }
                      ;*invokevirtual topHandle {reexecute=0 rethrow=0 return_oop=0}
                      ; - org.eclipse.swt.widgets.Composite::setBounds@1 (line 1667)
  0x0000750ac3e697b8: 5c50 8806 

  0x0000750ac3e697bc: ;   {other}
  0x0000750ac3e697bc: 0f1f 8400 | 2c03 0000 | 488b 7424 | 4048 8b7e | 2848 c7c3 | 0000 0000 

  0x0000750ac3e697d4: ;   {metadata(method data for {method} {0x0000750aa15dff10} 'setBounds' '(IIIIZZ)I' in 'org/eclipse/swt/widgets/Composite')}
  0x0000750ac3e697d4: 483b fb48 | bf20 0c72 | a30a 7500 | 0048 c7c3 | 8001 0000 | 7507 48c7 | c370 0100 | 0048 8b14 
  0x0000750ac3e697f4: 1f48 8d52 | 0148 8914 | 1f0f 8522 | 0000 008b | 7c24 5844 | 8b4c 244c | 448b 4424 | 488b 4c24 
  0x0000750ac3e69814: 548b 5424 | 508b b424 | 8000 0000 | e964 0300 | 0048 8b7e | 1048 c7c3 | 0000 0000 

  0x0000750ac3e69830: ;   {metadata(method data for {method} {0x0000750aa15dff10} 'setBounds' '(IIIIZZ)I' in 'org/eclipse/swt/widgets/Composite')}
  0x0000750ac3e69830: 483b fb48 | bf20 0c72 | a30a 7500 | 0048 c7c3 | a001 0000 | 7507 48c7 | c390 0100 | 0048 8b14 
  0x0000750ac3e69850: 1f48 8d52 | 0148 8914 | 1f0f 8522 | 0000 008b | 7c24 5844 | 8b4c 244c | 448b 4424 | 488b 4c24 
  0x0000750ac3e69870: 548b 5424 | 508b b424 | 8000 0000 | e908 0300 | 0048 8944 | 2460 488b 

  0x0000750ac3e69888: ;   {metadata(method data for {method} {0x0000750aa15dff10} 'setBounds' '(IIIIZZ)I' in 'org/eclipse/swt/widgets/Composite')}
  0x0000750ac3e69888: fe48 bb20 | 0c72 a30a | 7500 008b | 7f08 48c1 | e703 483b | bbc0 0100 | 0075 0d48 | 8383 c801 
  0x0000750ac3e698a8: 0000 01e9 | 6000 0000 | 483b bbd0 | 0100 0075 | 0d48 8383 | d801 0000 | 01e9 4a00 | 0000 4883 
  0x0000750ac3e698c8: bbc0 0100 | 0000 7517 | 4889 bbc0 | 0100 0048 | c783 c801 | 0000 0100 | 0000 e929 | 0000 0048 
  0x0000750ac3e698e8: 83bb d001 | 0000 0075 | 1748 89bb | d001 0000 | 48c7 83d8 | 0100 0001 | 0000 00e9 | 0800 0000 
  0x0000750ac3e69908: 4883 83b0 | 0100 0001 | 488b fe48 | 8bf7 0f1f | 8000 0000 | 0048 b8ff | ffff ffff 

  0x0000750ac3e69924: ;   {virtual_call}
  0x0000750ac3e69924: ffff ffe8 

  0x0000750ac3e69928: ; ImmutableOopMap {[64]=Oop }
                      ;*invokevirtual getVisible {reexecute=0 rethrow=0 return_oop=0}
                      ; - org.eclipse.swt.widgets.Composite::setBounds@25 (line 1669)
  0x0000750ac3e69928: 3c4f 8806 

  0x0000750ac3e6992c: ;   {other}
  0x0000750ac3e6992c: 0f1f 8400 | 9c04 0001 

  0x0000750ac3e69934: ;   {metadata(method data for {method} {0x0000750aa15dff10} 'setBounds' '(IIIIZZ)I' in 'org/eclipse/swt/widgets/Composite')}
  0x0000750ac3e69934: 85c0 48be | 200c 72a3 | 0a75 0000 | 48c7 c7f8 | 0100 0075 | 0748 c7c7 | e801 0000 | 488b 1c3e 
  0x0000750ac3e69954: 488d 5b01 | 4889 1c3e | 0f85 2200 | 0000 8bb4 | 2480 0000 | 008b 7c24 | 5844 8b4c | 244c 448b 
  0x0000750ac3e69974: 4424 488b | 4c24 548b | 5424 50e9 | 0502 0000 

  0x0000750ac3e69984: ;   {metadata(method data for {method} {0x0000750aa15dff10} 'setBounds' '(IIIIZZ)I' in 'org/eclipse/swt/widgets/Composite')}
  0x0000750ac3e69984: 48be 200c | 72a3 0a75 | 0000 4883 | 8608 0200 | 0001 488b | 7424 600f 

  0x0000750ac3e6999c: ;   {static_call}
  0x0000750ac3e6999c: 1f40 00e8 

  0x0000750ac3e699a0: ; ImmutableOopMap {[64]=Oop }
                      ;*invokestatic gtk_widget_get_visible {reexecute=0 rethrow=0 return_oop=0}
                      ; - org.eclipse.swt.widgets.Composite::setBounds@33 (line 1669)
  0x0000750ac3e699a0: 149d e806 

  0x0000750ac3e699a4: ;   {other}
  0x0000750ac3e699a4: 0f1f 8400 | 1405 0002 

  0x0000750ac3e699ac: ;   {metadata(method data for {method} {0x0000750aa15dff10} 'setBounds' '(IIIIZZ)I' in 'org/eclipse/swt/widgets/Composite')}
  0x0000750ac3e699ac: 85c0 48be | 200c 72a3 | 0a75 0000 | 48c7 c728 | 0200 0074 | 0748 c7c7 | 1802 0000 | 488b 1c3e 
  0x0000750ac3e699cc: 488d 5b01 | 4889 1c3e | 0f84 2200 | 0000 8bb4 | 2480 0000 | 008b 7c24 | 5844 8b4c | 244c 448b 
  0x0000750ac3e699ec: 4424 488b | 4c24 548b | 5424 50e9 | 8d01 0000 | 488b 7424 | 4048 8b7e | 2848 8b44 | 2460 483b 
  0x0000750ac3e69a0c: ;   {metadata(method data for {method} {0x0000750aa15dff10} 'setBounds' '(IIIIZZ)I' in 'org/eclipse/swt/widgets/Composite')}
  0x0000750ac3e69a0c: c748 bf20 | 0c72 a30a | 7500 0048 | c7c3 4802 | 0000 7407 | 48c7 c338 | 0200 0048 | 8b04 1f48 
  0x0000750ac3e69a2c: 8d40 0148 | 8904 1f0f | 8422 0000 | 008b 7c24 | 5844 8b4c | 244c 448b | 4424 488b | 4c24 548b 
  0x0000750ac3e69a4c: 5424 508b | b424 8000 | 0000 e92e | 0100 0044 | 8b44 2448 

  0x0000750ac3e69a60: ;   {metadata(method data for {method} {0x0000750aa15dff10} 'setBounds' '(IIIIZZ)I' in 'org/eclipse/swt/widgets/Composite')}
  0x0000750ac3e69a60: 4585 c048 | bf20 0c72 | a30a 7500 | 0048 c7c3 | 6802 0000 | 7f07 48c7 | c358 0200 | 0048 8b04 
  0x0000750ac3e69a80: 1f48 8d40 | 0148 8904 | 1f0f 8f1d | 0000 008b | 7c24 5844 | 8b4c 244c | 8b4c 2454 | 8b54 2450 
  0x0000750ac3e69aa0: 8bb4 2480 | 0000 00e9 | dd00 0000 | 448b 4c24 | 4c45 85c9 

  0x0000750ac3e69ab4: ;   {metadata(method data for {method} {0x0000750aa15dff10} 'setBounds' '(IIIIZZ)I' in 'org/eclipse/swt/widgets/Composite')}
  0x0000750ac3e69ab4: 48bf 200c | 72a3 0a75 | 0000 48c7 | c388 0200 | 007f 0748 | c7c3 7802 | 0000 488b | 041f 488d 
  0x0000750ac3e69ad4: 4001 4889 | 041f 0f8f | 1800 0000 | 8b7c 2458 | 8b4c 2454 | 8b54 2450 | 8bb4 2480 | 0000 00e9 
  0x0000750ac3e69af4: 9100 0000 | 8bbc 2480 | 0000 0085 

  0x0000750ac3e69b00: ;   {metadata(method data for {method} {0x0000750aa15dff10} 'setBounds' '(IIIIZZ)I' in 'org/eclipse/swt/widgets/Composite')}
  0x0000750ac3e69b00: ff48 bb20 | 0c72 a30a | 7500 0048 | c7c0 a802 | 0000 7507 | 48c7 c098 | 0200 0048 | 8b14 0348 
  0x0000750ac3e69b20: 8d52 0148 | 8914 030f | 8514 0000 | 008b 4c24 | 548b 5424 | 5048 8bf7 | 8b7c 2458 | e948 0000 
  0x0000750ac3e69b40: 0048 8b44 

  0x0000750ac3e69b44: ;   {metadata(method data for {method} {0x0000750aa15dff10} 'setBounds' '(IIIIZZ)I' in 'org/eclipse/swt/widgets/Composite')}
  0x0000750ac3e69b44: 2460 48bb | 200c 72a3 | 0a75 0000 | 4883 83b8 | 0200 0001 | 488b f00f 

  0x0000750ac3e69b5c: ;   {static_call}
  0x0000750ac3e69b5c: 1f40 00e8 

  0x0000750ac3e69b60: ; ImmutableOopMap {[64]=Oop }
                      ;*invokestatic gtk_widget_show {reexecute=0 rethrow=0 return_oop=0}
                      ; - org.eclipse.swt.widgets.Composite::setBounds@65 (line 1671)
  0x0000750ac3e69b60: d494 e806 

  0x0000750ac3e69b64: ;   {other}
  0x0000750ac3e69b64: 0f1f 8400 | d406 0003 | 8bb4 2480 | 0000 008b | 7c24 5844 | 8b4c 244c | 448b 4424 | 488b 4c24 
  0x0000750ac3e69b84: 548b 5424 | 5048 8b5c 

  0x0000750ac3e69b8c: ;   {metadata(method data for {method} {0x0000750aa15dff10} 'setBounds' '(IIIIZZ)I' in 'org/eclipse/swt/widgets/Composite')}
  0x0000750ac3e69b8c: 2440 48b8 | 200c 72a3 | 0a75 0000 | 4883 80c8 | 0200 0001 | 8934 2448 | 8b74 2440 | 0f1f 8000 
  0x0000750ac3e69bac: ;   {optimized virtual_call}
  0x0000750ac3e69bac: 0000 00e8 

  0x0000750ac3e69bb0: ; ImmutableOopMap {[64]=Oop }
                      ;*invokespecial setBounds {reexecute=0 rethrow=0 return_oop=0}
                      ; - org.eclipse.swt.widgets.Composite::setBounds@78 (line 1674)
  0x0000750ac3e69bb0: 6c78 c1ff 

  0x0000750ac3e69bb4: ;   {other}
  0x0000750ac3e69bb4: 0f1f 8400 | 2407 0004 | 488b d081 | e200 0100 

  0x0000750ac3e69bc4: ;   {metadata(method data for {method} {0x0000750aa15dff10} 'setBounds' '(IIIIZZ)I' in 'org/eclipse/swt/widgets/Composite')}
  0x0000750ac3e69bc4: 0085 d248 | ba20 0c72 | a30a 7500 | 0048 c7c1 | d802 0000 | 7407 48c7 | c1e8 0200 | 0048 8b34 
  0x0000750ac3e69be4: 0a48 8d76 | 0148 8934 | 0a0f 8495 | 0100 0048 | 8b74 2440 | 8b96 0801 | 0000 4885 

  0x0000750ac3e69c00: ;   {metadata(method data for {method} {0x0000750aa15dff10} 'setBounds' '(IIIIZZ)I' in 'org/eclipse/swt/widgets/Composite')}
  0x0000750ac3e69c00: d248 ba20 | 0c72 a30a | 7500 0048 | c7c1 f802 | 0000 7407 | 48c7 c108 | 0300 0048 | 8b3c 0a48 
  0x0000750ac3e69c20: 8d7f 0148 | 893c 0a0f | 845b 0100 | 0089 4424 | 5c48 8bd6 

  0x0000750ac3e69c34: ;   {metadata(method data for {method} {0x0000750aa15dff10} 'setBounds' '(IIIIZZ)I' in 'org/eclipse/swt/widgets/Composite')}
  0x0000750ac3e69c34: 48b9 200c | 72a3 0a75 | 0000 8b52 | 0848 c1e2 | 0348 3b91 | 2803 0000 | 750d 4883 | 8130 0300 
  0x0000750ac3e69c54: 0001 e960 | 0000 0048 | 3b91 3803 | 0000 750d | 4883 8140 | 0300 0001 | e94a 0000 | 0048 83b9 
  0x0000750ac3e69c74: 2803 0000 | 0075 1748 | 8991 2803 | 0000 48c7 | 8130 0300 | 0001 0000 | 00e9 2900 | 0000 4883 
  0x0000750ac3e69c94: b938 0300 | 0000 7517 | 4889 9138 | 0300 0048 | c781 4003 | 0000 0100 | 0000 e908 | 0000 0048 
  0x0000750ac3e69cb4: 8381 1803 | 0000 01ba | 0000 0000 | b900 0000 | 0048 8bfe | 488b f70f 

  0x0000750ac3e69ccc: ;   {optimized virtual_call}
  0x0000750ac3e69ccc: 1f40 00e8 

  0x0000750ac3e69cd0: ; ImmutableOopMap {[64]=Oop }
                      ;*invokevirtual markLayout {reexecute=0 rethrow=0 return_oop=0}
                      ; - org.eclipse.swt.widgets.Composite::setBounds@102 (line 1676)
  0x0000750ac3e69cd0: acc2 0600 

  0x0000750ac3e69cd4: ;   {other}
  0x0000750ac3e69cd4: 0f1f 8400 | 4408 0005 | 488b 7424 

  0x0000750ac3e69ce0: ;   {metadata(method data for {method} {0x0000750aa15dff10} 'setBounds' '(IIIIZZ)I' in 'org/eclipse/swt/widgets/Composite')}
  0x0000750ac3e69ce0: 4048 ba20 | 0c72 a30a | 7500 008b | 7608 48c1 | e603 483b | b260 0300 | 0075 0d48 | 8382 6803 
  0x0000750ac3e69d00: 0000 01e9 | 6000 0000 | 483b b270 | 0300 0075 | 0d48 8382 | 7803 0000 | 01e9 4a00 | 0000 4883 
  0x0000750ac3e69d20: ba60 0300 | 0000 7517 | 4889 b260 | 0300 0048 | c782 6803 | 0000 0100 | 0000 e929 | 0000 0048 
  0x0000750ac3e69d40: 83ba 7003 | 0000 0075 | 1748 89b2 | 7003 0000 | 48c7 8278 | 0300 0001 | 0000 00e9 | 0800 0000 
  0x0000750ac3e69d60: 4883 8250 | 0300 0001 | ba00 0000 | 0048 8b74 | 2440 0f1f 

  0x0000750ac3e69d74: ;   {optimized virtual_call}
  0x0000750ac3e69d74: 4400 00e8 

  0x0000750ac3e69d78: ; ImmutableOopMap {}
                      ;*invokevirtual updateLayout {reexecute=0 rethrow=0 return_oop=0}
                      ; - org.eclipse.swt.widgets.Composite::setBounds@107 (line 1677)
  0x0000750ac3e69d78: 8456 3007 

  0x0000750ac3e69d7c: ;   {other}
  0x0000750ac3e69d7c: 0f1f 8400 | ec08 0006 | 8b44 245c | 4883 c470 

  0x0000750ac3e69d8c: ;   {poll_return}
  0x0000750ac3e69d8c: 5d49 3ba7 | 4804 0000 | 0f87 2200 

  0x0000750ac3e69d98: ;   {metadata({method} {0x0000750aa15dff10} 'setBounds' '(IIIIZZ)I' in 'org/eclipse/swt/widgets/Composite')}
  0x0000750ac3e69d98: 0000 c349 | ba10 ff5d | a10a 7500 | 004c 8954 | 2408 48c7 | 0424 ffff 

  0x0000750ac3e69db0: ;   {runtime_call counter_overflow Runtime1 stub}
  0x0000750ac3e69db0: ffff e8c9 

  0x0000750ac3e69db4: ; ImmutableOopMap {rsi=Oop [64]=Oop }
                      ;*synchronization entry
                      ; - org.eclipse.swt.widgets.Composite::setBounds@-1 (line 1667)
  0x0000750ac3e69db4: ec7d 06e9 | 54f9 ffff 

  0x0000750ac3e69dbc: ;   {internal_word}
  0x0000750ac3e69dbc: 49ba 8d9d | e6c3 0a75 | 0000 4d89 | 9760 0400 

  0x0000750ac3e69dcc: ;   {runtime_call SafepointBlob}
  0x0000750ac3e69dcc: 00e9 2e22 | 7206 498b | 87f8 0400 | 0049 c787 | f804 0000 | 0000 0000 | 49c7 8700 | 0500 0000 
  0x0000750ac3e69dec: 0000 0048 | 83c4 705d 

  0x0000750ac3e69df4: ;   {runtime_call unwind_exception Runtime1 stub}
  0x0000750ac3e69df4: e907 8b7d | 06f4 f4f4 | f4f4 f4f4 
[Stub Code]
  0x0000750ac3e69e00: ;   {no_reloc}
  0x0000750ac3e69e00: 0f1f 4400 

  0x0000750ac3e69e04: ;   {static_stub}
  0x0000750ac3e69e04: 0048 bb00 | 0000 0000 

  0x0000750ac3e69e0c: ;   {runtime_call nmethod}
  0x0000750ac3e69e0c: 0000 00e9 | fbff ffff 

  0x0000750ac3e69e14: ;   {static_stub}
  0x0000750ac3e69e14: 9048 bb00 | 0000 0000 

  0x0000750ac3e69e1c: ;   {runtime_call nmethod}
  0x0000750ac3e69e1c: 0000 00e9 | fbff ffff 

  0x0000750ac3e69e24: ;   {static_stub}
  0x0000750ac3e69e24: 9048 bba8 | 7f5e a10a 

  0x0000750ac3e69e2c: ;   {runtime_call I2C/C2I adapters}
  0x0000750ac3e69e2c: 7500 00e9 | 4472 8006 

  0x0000750ac3e69e34: ;   {static_stub}
  0x0000750ac3e69e34: 9048 bb68 | e75d a10a 

  0x0000750ac3e69e3c: ;   {runtime_call I2C/C2I adapters}
  0x0000750ac3e69e3c: 7500 00e9 | 1cdb 6f06 

  0x0000750ac3e69e44: ;   {static_stub}
  0x0000750ac3e69e44: 9048 bbd0 | 105e a10a 

  0x0000750ac3e69e4c: ;   {runtime_call I2C/C2I adapters}
  0x0000750ac3e69e4c: 7500 00e9 | 0908 7206 

  0x0000750ac3e69e54: ;   {static_stub}
  0x0000750ac3e69e54: 48bb 0000 | 0000 0000 

  0x0000750ac3e69e5c: ;   {runtime_call nmethod}
  0x0000750ac3e69e5c: 0000 e9fb 

  0x0000750ac3e69e60: ;   {static_stub}
  0x0000750ac3e69e60: ffff ff48 | bb00 0000 | 0000 0000 

  0x0000750ac3e69e6c: ;   {runtime_call nmethod}
  0x0000750ac3e69e6c: 00e9 fbff 

  0x0000750ac3e69e70: ;   {runtime_call handle_exception_from_callee Runtime1 stub}
  0x0000750ac3e69e70: ffff e809 

  0x0000750ac3e69e74: ;   {external_word}
  0x0000750ac3e69e74: bb7d 0648 | bf07 c1b0 | da0a 7500 | 0048 83e4 

  0x0000750ac3e69e84: ;   {runtime_call MacroAssembler::debug64(char*, long, long*)}
  0x0000750ac3e69e84: f0e8 86fd 

  0x0000750ac3e69e88: ;   {section_word}
  0x0000750ac3e69e88: 7716 f449 | ba8b 9ee6 | c30a 7500 

  0x0000750ac3e69e94: ;   {runtime_call DeoptimizationBlob}
  0x0000750ac3e69e94: 0041 52e9 | 0414 7206 | f4f4 f4f4 
[/MachCode]


---------------  P R O C E S S  ---------------

Threads class SMR info:
_java_thread_list=0x0000750a680ed7d0, length=39, elements={
0x0000750ad402ed00, 0x0000750ad41bd910, 0x0000750ad41beaa0, 0x0000750ad41c0390,
0x0000750ad41c19c0, 0x0000750ad41d31e0, 0x0000750ad41d4a60, 0x0000750ad41d60c0,
0x0000750ad424aff0, 0x0000750ad424d540, 0x0000750ad4868ff0, 0x0000750ad48adef0,
0x0000750ad48affb0, 0x0000750ad48bd9f0, 0x0000750ad4c7b940, 0x0000750a30028260,
0x0000750a3046daa0, 0x0000750ad47e1350, 0x0000750a2c0529c0, 0x0000750ad4ab4b80,
0x0000750ad4f8f170, 0x0000750a0803fe80, 0x0000750ad50a44a0, 0x0000750ad50ab750,
0x0000750a0804a5c0, 0x00007509d80010d0, 0x0000750ad60f3570, 0x0000750ad548c240,
0x00007509d00065f0, 0x00007509d0008600, 0x0000750ad4a02350, 0x0000750ad4a03020,
0x0000750a0801fec0, 0x0000750a74421600, 0x00007509c4001570, 0x00007509b8054ef0,
0x00007509c4009f60, 0x0000750a6c29f200, 0x0000750ad6a7a2b0
}

Java Threads: ( => current thread )
=>0x0000750ad402ed00 JavaThread "main"                              [_thread_in_native, id=17288, stack(0x0000750ad9792000,0x0000750ad9893000) (1028K)]
  0x0000750ad41bd910 JavaThread "Reference Handler"          daemon [_thread_blocked, id=17296, stack(0x0000750ac162d000,0x0000750ac172e000) (1028K)]
  0x0000750ad41beaa0 JavaThread "Finalizer"                  daemon [_thread_blocked, id=17297, stack(0x0000750ac152c000,0x0000750ac162d000) (1028K)]
  0x0000750ad41c0390 JavaThread "Signal Dispatcher"          daemon [_thread_blocked, id=17298, stack(0x0000750ac142b000,0x0000750ac152c000) (1028K)]
  0x0000750ad41c19c0 JavaThread "Service Thread"             daemon [_thread_blocked, id=17299, stack(0x0000750ac132a000,0x0000750ac142b000) (1028K)]
  0x0000750ad41d31e0 JavaThread "Monitor Deflation Thread"   daemon [_thread_blocked, id=17300, stack(0x0000750ac1229000,0x0000750ac132a000) (1028K)]
  0x0000750ad41d4a60 JavaThread "C2 CompilerThread0"         daemon [_thread_blocked, id=17301, stack(0x0000750ac1128000,0x0000750ac1229000) (1028K)]
  0x0000750ad41d60c0 JavaThread "C1 CompilerThread0"         daemon [_thread_blocked, id=17302, stack(0x0000750ac1027000,0x0000750ac1128000) (1028K)]
  0x0000750ad424aff0 JavaThread "Common-Cleaner"             daemon [_thread_blocked, id=17303, stack(0x0000750ac0f26000,0x0000750ac1027000) (1028K)]
  0x0000750ad424d540 JavaThread "Notification Thread"        daemon [_thread_blocked, id=17304, stack(0x0000750ac0e25000,0x0000750ac0f26000) (1028K)]
  0x0000750ad4868ff0 JavaThread "Active Thread: Equinox Container: 068aa9e0-163b-4e53-b63a-3b9457b631cd"        [_thread_blocked, id=17360, stack(0x0000750a578f9000,0x0000750a579fa000) (1028K)]
  0x0000750ad48adef0 JavaThread "Framework Event Dispatcher: Equinox Container: 068aa9e0-163b-4e53-b63a-3b9457b631cd" daemon [_thread_blocked, id=17361, stack(0x0000750a577f8000,0x0000750a578f9000) (1028K)]
  0x0000750ad48affb0 JavaThread "Start Level: Equinox Container: 068aa9e0-163b-4e53-b63a-3b9457b631cd" daemon [_thread_blocked, id=17362, stack(0x0000750a576f7000,0x0000750a577f8000) (1028K)]
  0x0000750ad48bd9f0 JavaThread "Refresh Thread: Equinox Container: 068aa9e0-163b-4e53-b63a-3b9457b631cd" daemon [_thread_blocked, id=17363, stack(0x0000750a575f6000,0x0000750a576f7000) (1028K)]
  0x0000750ad4c7b940 JavaThread "Bundle File Closer"         daemon [_thread_blocked, id=17366, stack(0x0000750ab08dc000,0x0000750ab09dd000) (1028K)]
  0x0000750a30028260 JavaThread "SCR Component Actor"        daemon [_thread_blocked, id=17372, stack(0x0000750a568f1000,0x0000750a569f2000) (1028K)]
  0x0000750a3046daa0 JavaThread "EMF Reference Cleaner"      daemon [_thread_blocked, id=17374, stack(0x0000750a566ef000,0x0000750a567f0000) (1028K)]
  0x0000750ad47e1350 JavaThread "Gogo shell"                        [_thread_blocked, id=17375, stack(0x0000750a565ee000,0x0000750a566ef000) (1028K)]
  0x0000750a2c0529c0 JavaThread "Worker-JM"                         [_thread_blocked, id=17378, stack(0x0000750a563ec000,0x0000750a564ed000) (1028K)]
  0x0000750ad4ab4b80 JavaThread "Worker-0"                          [_thread_blocked, id=17379, stack(0x0000750a564ed000,0x0000750a565ee000) (1028K)]
  0x0000750ad4f8f170 JavaThread "Database navigator events processor"        [_thread_blocked, id=17389, stack(0x0000750a56af3000,0x0000750a56bf4000) (1028K)]
  0x0000750a0803fe80 JavaThread "Worker-2"                          [_thread_blocked, id=17391, stack(0x0000750a570f5000,0x0000750a571f6000) (1028K)]
  0x0000750ad50a44a0 JavaThread "idle-timeout-task"          daemon [_thread_blocked, id=17392, stack(0x0000750a56ff4000,0x0000750a570f5000) (1028K)]
  0x0000750ad50ab750 JavaThread "HTTP-Dispatcher"                   [_thread_in_native, id=17393, stack(0x0000750a56ef3000,0x0000750a56ff4000) (1028K)]
  0x0000750a0804a5c0 JavaThread "Worker-3"                          [_thread_blocked, id=17394, stack(0x0000750a541a8000,0x0000750a542a9000) (1028K)]
  0x00007509d80010d0 JavaThread "Worker-4"                          [_thread_blocked, id=17406, stack(0x0000750ab07db000,0x0000750ab08dc000) (1028K)]
  0x0000750ad60f3570 JavaThread "org.eclipse.jface.text.reconciler.MonoReconciler" daemon [_thread_blocked, id=17437, stack(0x0000750a5749a000,0x0000750a5759b000) (1028K)]
  0x0000750ad548c240 JavaThread "EventAdmin Async Event Dispatcher Thread" daemon [_thread_blocked, id=17439, stack(0x0000750a57399000,0x0000750a5749a000) (1028K)]
  0x00007509d00065f0 JavaThread "pool-2-thread-1"                   [_thread_blocked, id=17440, stack(0x00007509f36fe000,0x00007509f37ff000) (1028K)]
  0x00007509d0008600 JavaThread "pool-3-thread-1"                   [_thread_blocked, id=17441, stack(0x00007509f2aff000,0x00007509f2c00000) (1028K)]
  0x0000750ad4a02350 JavaThread "Java2D Disposer"            daemon [_thread_blocked, id=17442, stack(0x00007509f25d1000,0x00007509f26d2000) (1028K)]
  0x0000750ad4a03020 JavaThread "AWT-XAWT"                   daemon [_thread_in_native, id=17443, stack(0x00007509f24d0000,0x00007509f25d1000) (1028K)]
  0x0000750a0801fec0 JavaThread "Worker-5"                          [_thread_blocked, id=17447, stack(0x00007509f2001000,0x00007509f2102000) (1028K)]
  0x0000750a74421600 JavaThread "DBeaver: Update active transaction status"        [_thread_blocked, id=17598, stack(0x0000750ab01d5000,0x0000750ab02d6000) (1028K)]
  0x00007509c4001570 JavaThread "Worker-7"                          [_thread_blocked, id=17636, stack(0x0000750ab05d9000,0x0000750ab06da000) (1028K)]
  0x00007509b8054ef0 JavaThread "Worker-8"                          [_thread_blocked, id=17640, stack(0x0000750a56cf5000,0x0000750a56df6000) (1028K)]
  0x00007509c4009f60 JavaThread "DBeaver: Dump server output"        [_thread_blocked, id=27868, stack(0x0000750ab06da000,0x0000750ab07db000) (1028K)]
  0x0000750a6c29f200 JavaThread "PostgreSQL-JDBC-Cleaner"    daemon [_thread_blocked, id=41694, stack(0x0000750ab02d6000,0x0000750ab03d7000) (1028K)]
  0x0000750ad6a7a2b0 JavaThread "org.eclipse.jface.text.reconciler.MonoReconciler" daemon [_thread_blocked, id=41918, stack(0x0000750ab03d7000,0x0000750ab04d8000) (1028K)]
Total: 39

Other Threads:
  0x0000750ad40ebc90 VMThread "VM Thread"                           [id=17295, stack(0x0000750ac19fb000,0x0000750ac1afb000) (1024K)]
  0x0000750ad40e0ba0 WatcherThread "VM Periodic Task Thread"        [id=17294, stack(0x0000750ac1afc000,0x0000750ac1bfc000) (1024K)]
  0x0000750ad4069bf0 WorkerThread "GC Thread#0"                     [id=17289, stack(0x0000750ad8c1a000,0x0000750ad8d1a000) (1024K)]
  0x0000750a98007850 WorkerThread "GC Thread#1"                     [id=17353, stack(0x0000750ab00d5000,0x0000750ab01d5000) (1024K)]
  0x0000750a9800d140 WorkerThread "GC Thread#2"                     [id=17354, stack(0x0000750a57f00000,0x0000750a58000000) (1024K)]
  0x0000750a9800dbb0 WorkerThread "GC Thread#3"                     [id=17355, stack(0x0000750a57dff000,0x0000750a57eff000) (1024K)]
  0x0000750a9800e740 WorkerThread "GC Thread#4"                     [id=17356, stack(0x0000750a57cfe000,0x0000750a57dfe000) (1024K)]
  0x0000750a9800f2f0 WorkerThread "GC Thread#5"                     [id=17357, stack(0x0000750a57bfd000,0x0000750a57cfd000) (1024K)]
  0x0000750a9800fea0 WorkerThread "GC Thread#6"                     [id=17358, stack(0x0000750a57afc000,0x0000750a57bfc000) (1024K)]
  0x0000750a98010a50 WorkerThread "GC Thread#7"                     [id=17359, stack(0x0000750a579fb000,0x0000750a57afb000) (1024K)]
  0x0000750ad4073130 ConcurrentGCThread "G1 Main Marker"            [id=17290, stack(0x0000750ad8700000,0x0000750ad8800000) (1024K)]
  0x0000750ad40740d0 WorkerThread "G1 Conc#0"                       [id=17291, stack(0x0000750ad85ff000,0x0000750ad86ff000) (1024K)]
  0x0000750ab4000c10 WorkerThread "G1 Conc#1"                       [id=17371, stack(0x0000750a569f3000,0x0000750a56af3000) (1024K)]
  0x0000750ad40d11d0 ConcurrentGCThread "G1 Refine#0"               [id=17292, stack(0x0000750ac1cfe000,0x0000750ac1dfe000) (1024K)]
  0x0000750ad40d2180 ConcurrentGCThread "G1 Service"                [id=17293, stack(0x0000750ac1bfd000,0x0000750ac1cfd000) (1024K)]
Total: 15

Threads with active compile tasks:
Total: 0

VM state: not at safepoint (normal execution)

VM Mutex/Monitor currently owned by a thread: None

Heap address: 0x00000000c0000000, size: 1024 MB, Compressed Oops mode: 32-bit

CDS archive(s) not mapped
Compressed class space mapped at: 0x0000000100000000-0x0000000140000000, reserved size: 1073741824
Narrow klass base: 0x0000000000000000, Narrow klass shift: 3, Narrow klass range: 0x140000000

GC Precious Log:
 CardTable entry size: 512
 Card Set container configuration: InlinePtr #cards 5 size 8 Array Of Cards #cards 12 size 40 Howl #buckets 4 coarsen threshold 1843 Howl Bitmap #cards 512 size 80 coarsen threshold 460 Card regions per heap region 1 cards per card region 2048
 CPUs: 8 total, 8 available
 Memory: 7370M
 Large Page Support: Disabled
 NUMA Support: Disabled
 Compressed Oops: Enabled (32-bit)
 Heap Region Size: 1M
 Heap Min Capacity: 64M
 Heap Initial Capacity: 64M
 Heap Max Capacity: 1G
 Pre-touch: Disabled
 Parallel Workers: 8
 Concurrent Workers: 2
 Concurrent Refinement Workers: 8
 Periodic GC: Disabled

Heap:
 garbage-first heap   total 123904K, used 100979K [0x00000000c0000000, 0x0000000100000000)
  region size 1024K, 48 young (49152K), 7 survivors (7168K)
 Metaspace       used 92870K, committed 94848K, reserved 1179648K
  class space    used 10992K, committed 11840K, reserved 1048576K

Heap Regions: E=young(eden), S=young(survivor), O=old, HS=humongous(starts), HC=humongous(continues), CS=collection set, F=free, TAMS=top-at-mark-start, PB=parsable bottom
|   0|0x00000000c0000000, 0x00000000c0100000, 0x00000000c0100000|100%| O|  |TAMS 0x00000000c0000000| PB 0x00000000c0000000| Untracked 
|   1|0x00000000c0100000, 0x00000000c0200000, 0x00000000c0200000|100%| O|  |TAMS 0x00000000c0100000| PB 0x00000000c0100000| Untracked 
|   2|0x00000000c0200000, 0x00000000c0300000, 0x00000000c0300000|100%| O|  |TAMS 0x00000000c0200000| PB 0x00000000c0200000| Untracked 
|   3|0x00000000c0300000, 0x00000000c0400000, 0x00000000c0400000|100%| O|  |TAMS 0x00000000c0300000| PB 0x00000000c0300000| Untracked 
|   4|0x00000000c0400000, 0x00000000c0500000, 0x00000000c0500000|100%| O|  |TAMS 0x00000000c0400000| PB 0x00000000c0400000| Untracked 
|   5|0x00000000c0500000, 0x00000000c0600000, 0x00000000c0600000|100%| O|  |TAMS 0x00000000c0500000| PB 0x00000000c0500000| Untracked 
|   6|0x00000000c0600000, 0x00000000c0700000, 0x00000000c0700000|100%| O|  |TAMS 0x00000000c0600000| PB 0x00000000c0600000| Untracked 
|   7|0x00000000c0700000, 0x00000000c0800000, 0x00000000c0800000|100%| O|  |TAMS 0x00000000c0700000| PB 0x00000000c0700000| Untracked 
|   8|0x00000000c0800000, 0x00000000c0900000, 0x00000000c0900000|100%| O|  |TAMS 0x00000000c0800000| PB 0x00000000c0800000| Untracked 
|   9|0x00000000c0900000, 0x00000000c0a00000, 0x00000000c0a00000|100%| O|  |TAMS 0x00000000c0900000| PB 0x00000000c0900000| Untracked 
|  10|0x00000000c0a00000, 0x00000000c0b00000, 0x00000000c0b00000|100%|HS|  |TAMS 0x00000000c0a00000| PB 0x00000000c0a00000| Complete 
|  11|0x00000000c0b00000, 0x00000000c0c00000, 0x00000000c0c00000|100%| O|  |TAMS 0x00000000c0b00000| PB 0x00000000c0b00000| Untracked 
|  12|0x00000000c0c00000, 0x00000000c0d00000, 0x00000000c0d00000|100%| O|  |TAMS 0x00000000c0c00000| PB 0x00000000c0c00000| Untracked 
|  13|0x00000000c0d00000, 0x00000000c0e00000, 0x00000000c0e00000|100%| O|  |TAMS 0x00000000c0d00000| PB 0x00000000c0d00000| Untracked 
|  14|0x00000000c0e00000, 0x00000000c0f00000, 0x00000000c0f00000|100%| O|  |TAMS 0x00000000c0e00000| PB 0x00000000c0e00000| Untracked 
|  15|0x00000000c0f00000, 0x00000000c1000000, 0x00000000c1000000|100%| O|  |TAMS 0x00000000c0f00000| PB 0x00000000c0f00000| Untracked 
|  16|0x00000000c1000000, 0x00000000c1100000, 0x00000000c1100000|100%| O|  |TAMS 0x00000000c1000000| PB 0x00000000c1000000| Untracked 
|  17|0x00000000c1100000, 0x00000000c1200000, 0x00000000c1200000|100%| O|  |TAMS 0x00000000c1100000| PB 0x00000000c1100000| Untracked 
|  18|0x00000000c1200000, 0x00000000c1300000, 0x00000000c1300000|100%| O|  |TAMS 0x00000000c1200000| PB 0x00000000c1200000| Untracked 
|  19|0x00000000c1300000, 0x00000000c1400000, 0x00000000c1400000|100%| O|  |TAMS 0x00000000c1300000| PB 0x00000000c1300000| Untracked 
|  20|0x00000000c1400000, 0x00000000c1500000, 0x00000000c1500000|100%| O|  |TAMS 0x00000000c1400000| PB 0x00000000c1400000| Untracked 
|  21|0x00000000c1500000, 0x00000000c1600000, 0x00000000c1600000|100%| O|  |TAMS 0x00000000c1500000| PB 0x00000000c1500000| Untracked 
|  22|0x00000000c1600000, 0x00000000c1700000, 0x00000000c1700000|100%| O|  |TAMS 0x00000000c1600000| PB 0x00000000c1600000| Untracked 
|  23|0x00000000c1700000, 0x00000000c1800000, 0x00000000c1800000|100%| O|  |TAMS 0x00000000c1700000| PB 0x00000000c1700000| Untracked 
|  24|0x00000000c1800000, 0x00000000c1900000, 0x00000000c1900000|100%| O|Cm|TAMS 0x00000000c1800000| PB 0x00000000c1800000| Complete 
|  25|0x00000000c1900000, 0x00000000c1a00000, 0x00000000c1a00000|100%| O|  |TAMS 0x00000000c1900000| PB 0x00000000c1900000| Untracked 
|  26|0x00000000c1a00000, 0x00000000c1b00000, 0x00000000c1b00000|100%| O|  |TAMS 0x00000000c1a00000| PB 0x00000000c1a00000| Untracked 
|  27|0x00000000c1b00000, 0x00000000c1c00000, 0x00000000c1c00000|100%| O|  |TAMS 0x00000000c1b00000| PB 0x00000000c1b00000| Untracked 
|  28|0x00000000c1c00000, 0x00000000c1d00000, 0x00000000c1d00000|100%| O|  |TAMS 0x00000000c1c00000| PB 0x00000000c1c00000| Untracked 
|  29|0x00000000c1d00000, 0x00000000c1e00000, 0x00000000c1e00000|100%| O|  |TAMS 0x00000000c1d00000| PB 0x00000000c1d00000| Untracked 
|  30|0x00000000c1e00000, 0x00000000c1f00000, 0x00000000c1f00000|100%| O|  |TAMS 0x00000000c1e00000| PB 0x00000000c1e00000| Untracked 
|  31|0x00000000c1f00000, 0x00000000c2000000, 0x00000000c2000000|100%| O|  |TAMS 0x00000000c1f00000| PB 0x00000000c1f00000| Untracked 
|  32|0x00000000c2000000, 0x00000000c2100000, 0x00000000c2100000|100%| O|  |TAMS 0x00000000c2000000| PB 0x00000000c2000000| Untracked 
|  33|0x00000000c2100000, 0x00000000c2200000, 0x00000000c2200000|100%| O|  |TAMS 0x00000000c2100000| PB 0x00000000c2100000| Untracked 
|  34|0x00000000c2200000, 0x00000000c2300000, 0x00000000c2300000|100%| O|  |TAMS 0x00000000c2200000| PB 0x00000000c2200000| Untracked 
|  35|0x00000000c2300000, 0x00000000c2400000, 0x00000000c2400000|100%| O|  |TAMS 0x00000000c2300000| PB 0x00000000c2300000| Untracked 
|  36|0x00000000c2400000, 0x00000000c2500000, 0x00000000c2500000|100%| O|  |TAMS 0x00000000c2400000| PB 0x00000000c2400000| Untracked 
|  37|0x00000000c2500000, 0x00000000c259cc98, 0x00000000c2600000| 61%| O|  |TAMS 0x00000000c2500000| PB 0x00000000c2500000| Untracked 
|  38|0x00000000c2600000, 0x00000000c2700000, 0x00000000c2700000|100%| O|  |TAMS 0x00000000c2600000| PB 0x00000000c2600000| Untracked 
|  39|0x00000000c2700000, 0x00000000c2800000, 0x00000000c2800000|100%| O|  |TAMS 0x00000000c2700000| PB 0x00000000c2700000| Untracked 
|  40|0x00000000c2800000, 0x00000000c2900000, 0x00000000c2900000|100%| O|  |TAMS 0x00000000c2800000| PB 0x00000000c2800000| Untracked 
|  41|0x00000000c2900000, 0x00000000c2a00000, 0x00000000c2a00000|100%| O|  |TAMS 0x00000000c2900000| PB 0x00000000c2900000| Untracked 
|  42|0x00000000c2a00000, 0x00000000c2b00000, 0x00000000c2b00000|100%| O|  |TAMS 0x00000000c2a00000| PB 0x00000000c2a00000| Untracked 
|  43|0x00000000c2b00000, 0x00000000c2c00000, 0x00000000c2c00000|100%| O|  |TAMS 0x00000000c2b00000| PB 0x00000000c2b00000| Untracked 
|  44|0x00000000c2c00000, 0x00000000c2c00000, 0x00000000c2d00000|  0%| F|  |TAMS 0x00000000c2c00000| PB 0x00000000c2c00000| Untracked 
|  45|0x00000000c2d00000, 0x00000000c2d00000, 0x00000000c2e00000|  0%| F|  |TAMS 0x00000000c2d00000| PB 0x00000000c2d00000| Untracked 
|  46|0x00000000c2e00000, 0x00000000c2f00000, 0x00000000c2f00000|100%| O|  |TAMS 0x00000000c2e00000| PB 0x00000000c2e00000| Untracked 
|  47|0x00000000c2f00000, 0x00000000c3000000, 0x00000000c3000000|100%| O|  |TAMS 0x00000000c2f00000| PB 0x00000000c2f00000| Untracked 
|  48|0x00000000c3000000, 0x00000000c3100000, 0x00000000c3100000|100%| O|  |TAMS 0x00000000c3000000| PB 0x00000000c3000000| Untracked 
|  49|0x00000000c3100000, 0x00000000c3200000, 0x00000000c3200000|100%| O|  |TAMS 0x00000000c3100000| PB 0x00000000c3100000| Untracked 
|  50|0x00000000c3200000, 0x00000000c3300000, 0x00000000c3300000|100%| O|  |TAMS 0x00000000c3200000| PB 0x00000000c3200000| Untracked 
|  51|0x00000000c3300000, 0x00000000c3300000, 0x00000000c3400000|  0%| F|  |TAMS 0x00000000c3300000| PB 0x00000000c3300000| Untracked 
|  52|0x00000000c3400000, 0x00000000c3400000, 0x00000000c3500000|  0%| F|  |TAMS 0x00000000c3400000| PB 0x00000000c3400000| Untracked 
|  53|0x00000000c3500000, 0x00000000c3600000, 0x00000000c3600000|100%| O|Cm|TAMS 0x00000000c3500000| PB 0x00000000c3500000| Complete 
|  54|0x00000000c3600000, 0x00000000c3600000, 0x00000000c3700000|  0%| F|  |TAMS 0x00000000c3600000| PB 0x00000000c3600000| Untracked 
|  55|0x00000000c3700000, 0x00000000c3800000, 0x00000000c3800000|100%| O|  |TAMS 0x00000000c3700000| PB 0x00000000c3700000| Untracked 
|  56|0x00000000c3800000, 0x00000000c3900000, 0x00000000c3900000|100%| O|  |TAMS 0x00000000c3800000| PB 0x00000000c3800000| Untracked 
|  57|0x00000000c3900000, 0x00000000c3900000, 0x00000000c3a00000|  0%| F|  |TAMS 0x00000000c3900000| PB 0x00000000c3900000| Untracked 
|  58|0x00000000c3a00000, 0x00000000c3a00000, 0x00000000c3b00000|  0%| F|  |TAMS 0x00000000c3a00000| PB 0x00000000c3a00000| Untracked 
|  59|0x00000000c3b00000, 0x00000000c3b00000, 0x00000000c3c00000|  0%| F|  |TAMS 0x00000000c3b00000| PB 0x00000000c3b00000| Untracked 
|  60|0x00000000c3c00000, 0x00000000c3c00000, 0x00000000c3d00000|  0%| F|  |TAMS 0x00000000c3c00000| PB 0x00000000c3c00000| Untracked 
|  61|0x00000000c3d00000, 0x00000000c3d00000, 0x00000000c3e00000|  0%| F|  |TAMS 0x00000000c3d00000| PB 0x00000000c3d00000| Untracked 
|  62|0x00000000c3e00000, 0x00000000c3e00000, 0x00000000c3f00000|  0%| F|  |TAMS 0x00000000c3e00000| PB 0x00000000c3e00000| Untracked 
|  63|0x00000000c3f00000, 0x00000000c3f00000, 0x00000000c4000000|  0%| F|  |TAMS 0x00000000c3f00000| PB 0x00000000c3f00000| Untracked 
|  64|0x00000000c4000000, 0x00000000c4000000, 0x00000000c4100000|  0%| F|  |TAMS 0x00000000c4000000| PB 0x00000000c4000000| Untracked 
|  65|0x00000000c4100000, 0x00000000c4100000, 0x00000000c4200000|  0%| F|  |TAMS 0x00000000c4100000| PB 0x00000000c4100000| Untracked 
|  66|0x00000000c4200000, 0x00000000c4200000, 0x00000000c4300000|  0%| F|  |TAMS 0x00000000c4200000| PB 0x00000000c4200000| Untracked 
|  67|0x00000000c4300000, 0x00000000c4400000, 0x00000000c4400000|100%| S|CS|TAMS 0x00000000c4300000| PB 0x00000000c4300000| Complete 
|  68|0x00000000c4400000, 0x00000000c4500000, 0x00000000c4500000|100%| S|CS|TAMS 0x00000000c4400000| PB 0x00000000c4400000| Complete 
|  69|0x00000000c4500000, 0x00000000c4600000, 0x00000000c4600000|100%| S|CS|TAMS 0x00000000c4500000| PB 0x00000000c4500000| Complete 
|  70|0x00000000c4600000, 0x00000000c4700000, 0x00000000c4700000|100%| S|CS|TAMS 0x00000000c4600000| PB 0x00000000c4600000| Complete 
|  71|0x00000000c4700000, 0x00000000c4800000, 0x00000000c4800000|100%| S|CS|TAMS 0x00000000c4700000| PB 0x00000000c4700000| Complete 
|  72|0x00000000c4800000, 0x00000000c4900000, 0x00000000c4900000|100%| S|CS|TAMS 0x00000000c4800000| PB 0x00000000c4800000| Complete 
|  73|0x00000000c4900000, 0x00000000c4a00000, 0x00000000c4a00000|100%| S|CS|TAMS 0x00000000c4900000| PB 0x00000000c4900000| Complete 
|  74|0x00000000c4a00000, 0x00000000c4a00000, 0x00000000c4b00000|  0%| F|  |TAMS 0x00000000c4a00000| PB 0x00000000c4a00000| Untracked 
|  75|0x00000000c4b00000, 0x00000000c4b00000, 0x00000000c4c00000|  0%| F|  |TAMS 0x00000000c4b00000| PB 0x00000000c4b00000| Untracked 
|  76|0x00000000c4c00000, 0x00000000c4c00000, 0x00000000c4d00000|  0%| F|  |TAMS 0x00000000c4c00000| PB 0x00000000c4c00000| Untracked 
|  77|0x00000000c4d00000, 0x00000000c4d00000, 0x00000000c4e00000|  0%| F|  |TAMS 0x00000000c4d00000| PB 0x00000000c4d00000| Untracked 
|  78|0x00000000c4e00000, 0x00000000c4e00000, 0x00000000c4f00000|  0%| F|  |TAMS 0x00000000c4e00000| PB 0x00000000c4e00000| Untracked 
|  79|0x00000000c4f00000, 0x00000000c4f00000, 0x00000000c5000000|  0%| F|  |TAMS 0x00000000c4f00000| PB 0x00000000c4f00000| Untracked 
|  80|0x00000000c5000000, 0x00000000c5100000, 0x00000000c5100000|100%| E|  |TAMS 0x00000000c5000000| PB 0x00000000c5000000| Complete 
|  81|0x00000000c5100000, 0x00000000c5200000, 0x00000000c5200000|100%| E|CS|TAMS 0x00000000c5100000| PB 0x00000000c5100000| Complete 
|  82|0x00000000c5200000, 0x00000000c5300000, 0x00000000c5300000|100%| E|CS|TAMS 0x00000000c5200000| PB 0x00000000c5200000| Complete 
|  83|0x00000000c5300000, 0x00000000c5400000, 0x00000000c5400000|100%| E|CS|TAMS 0x00000000c5300000| PB 0x00000000c5300000| Complete 
|  84|0x00000000c5400000, 0x00000000c5500000, 0x00000000c5500000|100%| E|CS|TAMS 0x00000000c5400000| PB 0x00000000c5400000| Complete 
|  85|0x00000000c5500000, 0x00000000c5600000, 0x00000000c5600000|100%| E|CS|TAMS 0x00000000c5500000| PB 0x00000000c5500000| Complete 
|  86|0x00000000c5600000, 0x00000000c5700000, 0x00000000c5700000|100%| E|CS|TAMS 0x00000000c5600000| PB 0x00000000c5600000| Complete 
|  87|0x00000000c5700000, 0x00000000c5800000, 0x00000000c5800000|100%| E|CS|TAMS 0x00000000c5700000| PB 0x00000000c5700000| Complete 
|  88|0x00000000c5800000, 0x00000000c5900000, 0x00000000c5900000|100%| E|CS|TAMS 0x00000000c5800000| PB 0x00000000c5800000| Complete 
|  89|0x00000000c5900000, 0x00000000c5a00000, 0x00000000c5a00000|100%| E|CS|TAMS 0x00000000c5900000| PB 0x00000000c5900000| Complete 
|  90|0x00000000c5a00000, 0x00000000c5b00000, 0x00000000c5b00000|100%| E|CS|TAMS 0x00000000c5a00000| PB 0x00000000c5a00000| Complete 
|  91|0x00000000c5b00000, 0x00000000c5c00000, 0x00000000c5c00000|100%| E|CS|TAMS 0x00000000c5b00000| PB 0x00000000c5b00000| Complete 
|  92|0x00000000c5c00000, 0x00000000c5d00000, 0x00000000c5d00000|100%| E|CS|TAMS 0x00000000c5c00000| PB 0x00000000c5c00000| Complete 
|  93|0x00000000c5d00000, 0x00000000c5e00000, 0x00000000c5e00000|100%| E|CS|TAMS 0x00000000c5d00000| PB 0x00000000c5d00000| Complete 
|  94|0x00000000c5e00000, 0x00000000c5f00000, 0x00000000c5f00000|100%| E|CS|TAMS 0x00000000c5e00000| PB 0x00000000c5e00000| Complete 
|  95|0x00000000c5f00000, 0x00000000c6000000, 0x00000000c6000000|100%| E|CS|TAMS 0x00000000c5f00000| PB 0x00000000c5f00000| Complete 
|  96|0x00000000c6000000, 0x00000000c6100000, 0x00000000c6100000|100%| E|CS|TAMS 0x00000000c6000000| PB 0x00000000c6000000| Complete 
|  97|0x00000000c6100000, 0x00000000c6200000, 0x00000000c6200000|100%| E|CS|TAMS 0x00000000c6100000| PB 0x00000000c6100000| Complete 
|  98|0x00000000c6200000, 0x00000000c6300000, 0x00000000c6300000|100%| E|CS|TAMS 0x00000000c6200000| PB 0x00000000c6200000| Complete 
|  99|0x00000000c6300000, 0x00000000c6400000, 0x00000000c6400000|100%| E|CS|TAMS 0x00000000c6300000| PB 0x00000000c6300000| Complete 
| 100|0x00000000c6400000, 0x00000000c6500000, 0x00000000c6500000|100%| E|CS|TAMS 0x00000000c6400000| PB 0x00000000c6400000| Complete 
| 101|0x00000000c6500000, 0x00000000c6600000, 0x00000000c6600000|100%| E|CS|TAMS 0x00000000c6500000| PB 0x00000000c6500000| Complete 
| 102|0x00000000c6600000, 0x00000000c6700000, 0x00000000c6700000|100%| E|CS|TAMS 0x00000000c6600000| PB 0x00000000c6600000| Complete 
| 103|0x00000000c6700000, 0x00000000c6800000, 0x00000000c6800000|100%| E|CS|TAMS 0x00000000c6700000| PB 0x00000000c6700000| Complete 
| 104|0x00000000c6800000, 0x00000000c6900000, 0x00000000c6900000|100%| E|CS|TAMS 0x00000000c6800000| PB 0x00000000c6800000| Complete 
| 105|0x00000000c6900000, 0x00000000c6a00000, 0x00000000c6a00000|100%| E|CS|TAMS 0x00000000c6900000| PB 0x00000000c6900000| Complete 
| 106|0x00000000c6a00000, 0x00000000c6b00000, 0x00000000c6b00000|100%| E|CS|TAMS 0x00000000c6a00000| PB 0x00000000c6a00000| Complete 
| 107|0x00000000c6b00000, 0x00000000c6c00000, 0x00000000c6c00000|100%| E|CS|TAMS 0x00000000c6b00000| PB 0x00000000c6b00000| Complete 
| 108|0x00000000c6c00000, 0x00000000c6d00000, 0x00000000c6d00000|100%| E|CS|TAMS 0x00000000c6c00000| PB 0x00000000c6c00000| Complete 
| 109|0x00000000c6d00000, 0x00000000c6e00000, 0x00000000c6e00000|100%| E|CS|TAMS 0x00000000c6d00000| PB 0x00000000c6d00000| Complete 
| 110|0x00000000c6e00000, 0x00000000c6f00000, 0x00000000c6f00000|100%| E|CS|TAMS 0x00000000c6e00000| PB 0x00000000c6e00000| Complete 
| 111|0x00000000c6f00000, 0x00000000c7000000, 0x00000000c7000000|100%| E|CS|TAMS 0x00000000c6f00000| PB 0x00000000c6f00000| Complete 
| 112|0x00000000c7000000, 0x00000000c7100000, 0x00000000c7100000|100%| E|CS|TAMS 0x00000000c7000000| PB 0x00000000c7000000| Complete 
| 113|0x00000000c7100000, 0x00000000c7200000, 0x00000000c7200000|100%| E|CS|TAMS 0x00000000c7100000| PB 0x00000000c7100000| Complete 
| 114|0x00000000c7200000, 0x00000000c7300000, 0x00000000c7300000|100%| E|CS|TAMS 0x00000000c7200000| PB 0x00000000c7200000| Complete 
| 115|0x00000000c7300000, 0x00000000c7400000, 0x00000000c7400000|100%| E|CS|TAMS 0x00000000c7300000| PB 0x00000000c7300000| Complete 
| 116|0x00000000c7400000, 0x00000000c7500000, 0x00000000c7500000|100%| E|CS|TAMS 0x00000000c7400000| PB 0x00000000c7400000| Complete 
| 117|0x00000000c7500000, 0x00000000c7600000, 0x00000000c7600000|100%| E|CS|TAMS 0x00000000c7500000| PB 0x00000000c7500000| Complete 
| 137|0x00000000c8900000, 0x00000000c8a00000, 0x00000000c8a00000|100%| E|CS|TAMS 0x00000000c8900000| PB 0x00000000c8900000| Complete 
| 139|0x00000000c8b00000, 0x00000000c8c00000, 0x00000000c8c00000|100%| E|CS|TAMS 0x00000000c8b00000| PB 0x00000000c8b00000| Complete 
|1021|0x00000000ffd00000, 0x00000000ffe00000, 0x00000000ffe00000|100%| E|CS|TAMS 0x00000000ffd00000| PB 0x00000000ffd00000| Complete 

Card table byte_map: [0x0000750ad8800000,0x0000750ad8a00000] _byte_map_base: 0x0000750ad8200000

Marking Bits: (CMBitMap*) 0x0000750ad406a640
 Bits: [0x0000750ac2000000, 0x0000750ac3000000)

Polling page: 0x0000750adb1a0000

Metaspace:

Usage:
  Non-class:     79.96 MB used.
      Class:     10.73 MB used.
       Both:     90.69 MB used.

Virtual space:
  Non-class space:      128.00 MB reserved,      81.06 MB ( 63%) committed,  2 nodes.
      Class space:        1.00 GB reserved,      11.56 MB (  1%) committed,  1 nodes.
             Both:        1.12 GB reserved,      92.62 MB (  8%) committed. 

Chunk freelists:
   Non-Class:  14.81 MB
       Class:  4.45 MB
        Both:  19.26 MB

MaxMetaspaceSize: unlimited
CompressedClassSpaceSize: 1.00 GB
Initial GC threshold: 21.00 MB
Current GC threshold: 153.12 MB
CDS: off
 - commit_granule_bytes: 65536.
 - commit_granule_words: 8192.
 - virtual_space_node_default_size: 8388608.
 - enlarge_chunks_in_place: 1.
 - use_allocation_guard: 0.


Internal statistics:

num_allocs_failed_limit: 12.
num_arena_births: 1620.
num_arena_deaths: 446.
num_vsnodes_births: 3.
num_vsnodes_deaths: 0.
num_space_committed: 1479.
num_space_uncommitted: 0.
num_chunks_returned_to_freelist: 521.
num_chunks_taken_from_freelist: 5825.
num_chunk_merges: 141.
num_chunk_splits: 3329.
num_chunks_enlarged: 1783.
num_inconsistent_stats: 0.

CodeHeap 'non-profiled nmethods': size=120028Kb used=8419Kb max_used=8419Kb free=111608Kb
 bounds [0x0000750acaac9000, 0x0000750acb309000, 0x0000750ad2000000]
CodeHeap 'profiled nmethods': size=120028Kb used=14921Kb max_used=21651Kb free=105107Kb
 bounds [0x0000750ac3000000, 0x0000750ac4530000, 0x0000750aca537000]
CodeHeap 'non-nmethods': size=5704Kb used=1987Kb max_used=2039Kb free=3716Kb
 bounds [0x0000750aca537000, 0x0000750aca7a7000, 0x0000750acaac9000]
 total_blobs=9078 nmethods=8076 adapters=903
 compilation: enabled
              stopped_count=0, restarted_count=0
 full_count=0

Compilation events (20 events):
Event: 12850.323 Thread 0x0000750ad41d4a60 14856       4       java.lang.invoke.DirectMethodHandle$Holder::invokeStatic (14 bytes)
Event: 12850.324 Thread 0x0000750ad41d4a60 nmethod 14856 0x0000750acb2fdc10 code [0x0000750acb2fdda0, 0x0000750acb2fde80]
Event: 12850.324 Thread 0x0000750ad41d4a60 14858       4       java.lang.runtime.ObjectMethods::hashCombiner (7 bytes)
Event: 12850.324 Thread 0x0000750ad41d4a60 nmethod 14858 0x0000750acb2fdf90 code [0x0000750acb2fe100, 0x0000750acb2fe178]
Event: 12850.324 Thread 0x0000750ad41d4a60 14857       4       java.lang.invoke.DirectMethodHandle$Holder::invokeStatic (15 bytes)
Event: 12850.325 Thread 0x0000750ad41d4a60 nmethod 14857 0x0000750acb2fe290 code [0x0000750acb2fe420, 0x0000750acb2fe500]
Event: 12850.325 Thread 0x0000750ad41d4a60 14851       4       org.eclipse.e4.core.internal.di.InjectorImpl$$Lambda/0x00000001003e7af8::<init> (10 bytes)
Event: 12850.326 Thread 0x0000750ad41d4a60 nmethod 14851 0x0000750acb2fe610 code [0x0000750acb2fe780, 0x0000750acb2fe8d8]
Event: 12850.334 Thread 0x0000750ad41d4a60 14873  s    4       org.eclipse.equinox.internal.event.EventHandlerTracker::getHandlers (119 bytes)
Event: 12850.336 Thread 0x0000750ad41d60c0 14874       3       org.eclipse.swt.accessibility.Accessible::addAccessibleListener (42 bytes)
Event: 12850.338 Thread 0x0000750ad41d60c0 nmethod 14874 0x0000750ac3fbd490 code [0x0000750ac3fbd740, 0x0000750ac3fbe4d8]
Event: 12850.357 Thread 0x0000750ad41d60c0 14876       3       org.eclipse.e4.ui.model.application.ui.basic.impl.WindowImpl::getChildren (31 bytes)
Event: 12850.357 Thread 0x0000750ad41d60c0 nmethod 14876 0x0000750ac40b1990 code [0x0000750ac40b1b40, 0x0000750ac40b1d90]
Event: 12850.361 Thread 0x0000750ad41d60c0 14878       3       org.eclipse.swt.custom.CTabItem::getControl (9 bytes)
Event: 12850.362 Thread 0x0000750ad41d60c0 nmethod 14878 0x0000750ac3d8a710 code [0x0000750ac3d8a8c0, 0x0000750ac3d8aa80]
Event: 12850.367 Thread 0x0000750ad41d4a60 nmethod 14873 0x0000750acb2fed90 code [0x0000750acb2ff100, 0x0000750acb3009e0]
Event: 12850.367 Thread 0x0000750ad41d4a60 14877       4       java.lang.invoke.DirectMethodHandle::fieldOffset (9 bytes)
Event: 12850.367 Thread 0x0000750ad41d4a60 nmethod 14877 0x0000750acb301790 code [0x0000750acb301920, 0x0000750acb3019c0]
Event: 12850.367 Thread 0x0000750ad41d4a60 14875       4       org.eclipse.swt.widgets.Control::defaultFont (8 bytes)
Event: 12850.369 Thread 0x0000750ad41d4a60 nmethod 14875 0x0000750acb301a90 code [0x0000750acb301c20, 0x0000750acb301d40]

GC Heap History (20 events):
Event: 8237.790 GC heap before
{Heap before GC invocations=167 (full 0):
 garbage-first heap   total 123904K, used 107795K [0x00000000c0000000, 0x0000000100000000)
  region size 1024K, 57 young (58368K), 7 survivors (7168K)
 Metaspace       used 85625K, committed 88064K, reserved 1179648K
  class space    used 10234K, committed 11264K, reserved 1048576K
}
Event: 8237.801 GC heap after
{Heap after GC invocations=168 (full 0):
 garbage-first heap   total 123904K, used 56499K [0x00000000c0000000, 0x0000000100000000)
  region size 1024K, 7 young (7168K), 7 survivors (7168K)
 Metaspace       used 85625K, committed 88064K, reserved 1179648K
  class space    used 10234K, committed 11264K, reserved 1048576K
}
Event: 8893.658 GC heap before
{Heap before GC invocations=168 (full 0):
 garbage-first heap   total 123904K, used 107699K [0x00000000c0000000, 0x0000000100000000)
  region size 1024K, 57 young (58368K), 7 survivors (7168K)
 Metaspace       used 85625K, committed 88064K, reserved 1179648K
  class space    used 10234K, committed 11264K, reserved 1048576K
}
Event: 8893.669 GC heap after
{Heap after GC invocations=169 (full 0):
 garbage-first heap   total 123904K, used 55750K [0x00000000c0000000, 0x0000000100000000)
  region size 1024K, 7 young (7168K), 7 survivors (7168K)
 Metaspace       used 85625K, committed 88064K, reserved 1179648K
  class space    used 10234K, committed 11264K, reserved 1048576K
}
Event: 9731.482 GC heap before
{Heap before GC invocations=169 (full 0):
 garbage-first heap   total 123904K, used 106950K [0x00000000c0000000, 0x0000000100000000)
  region size 1024K, 57 young (58368K), 7 survivors (7168K)
 Metaspace       used 85967K, committed 88128K, reserved 1179648K
  class space    used 10286K, committed 11264K, reserved 1048576K
}
Event: 9731.488 GC heap after
{Heap after GC invocations=170 (full 0):
 garbage-first heap   total 123904K, used 51843K [0x00000000c0000000, 0x0000000100000000)
  region size 1024K, 3 young (3072K), 3 survivors (3072K)
 Metaspace       used 85967K, committed 88128K, reserved 1179648K
  class space    used 10286K, committed 11264K, reserved 1048576K
}
Event: 10964.121 GC heap before
{Heap before GC invocations=171 (full 0):
 garbage-first heap   total 123904K, used 107139K [0x00000000c0000000, 0x0000000100000000)
  region size 1024K, 57 young (58368K), 3 survivors (3072K)
 Metaspace       used 85967K, committed 88128K, reserved 1179648K
  class space    used 10286K, committed 11264K, reserved 1048576K
}
Event: 10964.124 GC heap after
{Heap after GC invocations=172 (full 0):
 garbage-first heap   total 123904K, used 50248K [0x00000000c0000000, 0x0000000100000000)
  region size 1024K, 1 young (1024K), 1 survivors (1024K)
 Metaspace       used 85967K, committed 88128K, reserved 1179648K
  class space    used 10286K, committed 11264K, reserved 1048576K
}
Event: 12300.991 GC heap before
{Heap before GC invocations=172 (full 0):
 garbage-first heap   total 123904K, used 109640K [0x00000000c0000000, 0x0000000100000000)
  region size 1024K, 59 young (60416K), 1 survivors (1024K)
 Metaspace       used 85994K, committed 88128K, reserved 1179648K
  class space    used 10286K, committed 11264K, reserved 1048576K
}
Event: 12300.996 GC heap after
{Heap after GC invocations=173 (full 0):
 garbage-first heap   total 123904K, used 49276K [0x00000000c0000000, 0x0000000100000000)
  region size 1024K, 1 young (1024K), 1 survivors (1024K)
 Metaspace       used 85994K, committed 88128K, reserved 1179648K
  class space    used 10286K, committed 11264K, reserved 1048576K
}
Event: 12656.952 GC heap before
{Heap before GC invocations=173 (full 0):
 garbage-first heap   total 123904K, used 111740K [0x00000000c0000000, 0x0000000100000000)
  region size 1024K, 62 young (63488K), 1 survivors (1024K)
 Metaspace       used 86870K, committed 88768K, reserved 1179648K
  class space    used 10397K, committed 11328K, reserved 1048576K
}
Event: 12656.962 GC heap after
{Heap after GC invocations=174 (full 0):
 garbage-first heap   total 123904K, used 53548K [0x00000000c0000000, 0x0000000100000000)
  region size 1024K, 5 young (5120K), 5 survivors (5120K)
 Metaspace       used 86870K, committed 88768K, reserved 1179648K
  class space    used 10397K, committed 11328K, reserved 1048576K
}
Event: 12694.438 GC heap before
{Heap before GC invocations=175 (full 0):
 garbage-first heap   total 123904K, used 111916K [0x00000000c0000000, 0x0000000100000000)
  region size 1024K, 61 young (62464K), 5 survivors (5120K)
 Metaspace       used 91394K, committed 93312K, reserved 1179648K
  class space    used 10835K, committed 11712K, reserved 1048576K
}
Event: 12694.449 GC heap after
{Heap after GC invocations=176 (full 0):
 garbage-first heap   total 123904K, used 59501K [0x00000000c0000000, 0x0000000100000000)
  region size 1024K, 8 young (8192K), 8 survivors (8192K)
 Metaspace       used 91394K, committed 93312K, reserved 1179648K
  class space    used 10835K, committed 11712K, reserved 1048576K
}
Event: 12749.538 GC heap before
{Heap before GC invocations=176 (full 0):
 garbage-first heap   total 123904K, used 107629K [0x00000000c0000000, 0x0000000100000000)
  region size 1024K, 55 young (56320K), 8 survivors (8192K)
 Metaspace       used 91511K, committed 93376K, reserved 1179648K
  class space    used 10845K, committed 11712K, reserved 1048576K
}
Event: 12749.550 GC heap after
{Heap after GC invocations=177 (full 0):
 garbage-first heap   total 123904K, used 60724K [0x00000000c0000000, 0x0000000100000000)
  region size 1024K, 7 young (7168K), 7 survivors (7168K)
 Metaspace       used 91511K, committed 93376K, reserved 1179648K
  class space    used 10845K, committed 11712K, reserved 1048576K
}
Event: 12769.701 GC heap before
{Heap before GC invocations=177 (full 0):
 garbage-first heap   total 123904K, used 104756K [0x00000000c0000000, 0x0000000100000000)
  region size 1024K, 51 young (52224K), 7 survivors (7168K)
 Metaspace       used 92128K, committed 94080K, reserved 1179648K
  class space    used 10901K, committed 11776K, reserved 1048576K
}
Event: 12769.708 GC heap after
{Heap after GC invocations=178 (full 0):
 garbage-first heap   total 123904K, used 60625K [0x00000000c0000000, 0x0000000100000000)
  region size 1024K, 7 young (7168K), 7 survivors (7168K)
 Metaspace       used 92128K, committed 94080K, reserved 1179648K
  class space    used 10901K, committed 11776K, reserved 1048576K
}
Event: 12822.460 GC heap before
{Heap before GC invocations=179 (full 0):
 garbage-first heap   total 123904K, used 103633K [0x00000000c0000000, 0x0000000100000000)
  region size 1024K, 51 young (52224K), 7 survivors (7168K)
 Metaspace       used 92455K, committed 94400K, reserved 1179648K
  class space    used 10938K, committed 11776K, reserved 1048576K
}
Event: 12822.468 GC heap after
{Heap after GC invocations=180 (full 0):
 garbage-first heap   total 123904K, used 60019K [0x00000000c0000000, 0x0000000100000000)
  region size 1024K, 7 young (7168K), 7 survivors (7168K)
 Metaspace       used 92455K, committed 94400K, reserved 1179648K
  class space    used 10938K, committed 11776K, reserved 1048576K
}

Dll operation events (19 events):
Event: 0.004 Loaded shared library /snap/dbeaver-ce/370/usr/share/dbeaver-ce/jre/lib/libjava.so
Event: 0.013 Loaded shared library /snap/dbeaver-ce/370/usr/share/dbeaver-ce/jre/lib/libzip.so
Event: 0.159 Loaded shared library /snap/dbeaver-ce/370/usr/share/dbeaver-ce/jre/lib/libnio.so
Event: 0.178 Loaded shared library /snap/dbeaver-ce/370/usr/share/dbeaver-ce/jre/lib/libzip.so
Event: 0.393 Loaded shared library /snap/dbeaver-ce/370/usr/share/dbeaver-ce/jre/lib/libjimage.so
Event: 0.576 Loaded shared library /snap/dbeaver-ce/370/usr/share/dbeaver-ce/jre/lib/libnet.so
Event: 0.580 Loaded shared library /snap/dbeaver-ce/370/usr/share/dbeaver-ce/plugins/org.eclipse.equinox.launcher.gtk.linux.x86_64_1.2.1300.v20250212-0927/eclipse_11909.so
Event: 9.187 Loaded shared library /home/fourandhalf/snap/dbeaver-ce/370/.local/share/DBeaverData/install-data/org.jkiss.dbeaver.product/25.0.4-202505041731/org.eclipse.osgi/153/0/.cp/libswt-gtk-4968r13.so
Event: 9.193 Loaded shared library /home/fourandhalf/snap/dbeaver-ce/370/.local/share/DBeaverData/install-data/org.jkiss.dbeaver.product/25.0.4-202505041731/org.eclipse.osgi/153/0/.cp/libswt-pi3-gtk-4968r13.so
Event: 9.575 Loaded shared library /home/fourandhalf/snap/dbeaver-ce/370/.local/share/DBeaverData/install-data/org.jkiss.dbeaver.product/25.0.4-202505041731/org.eclipse.osgi/153/0/.cp/libswt-cairo-gtk-4968r13.so
Event: 10.261 Loaded shared library /home/fourandhalf/snap/dbeaver-ce/370/.local/share/DBeaverData/install-data/org.jkiss.dbeaver.product/25.0.4-202505041731/org.eclipse.osgi/50/0/.cp/os/linux/x86_64/libunixfile_1_0_0.so
Event: 10.364 Loaded shared library /snap/dbeaver-ce/370/usr/share/dbeaver-ce/jre/lib/libjaas.so
Event: 10.492 Loaded shared library /snap/dbeaver-ce/370/usr/share/dbeaver-ce/jre/lib/libextnet.so
Event: 11.485 Loaded shared library /home/fourandhalf/snap/dbeaver-ce/370/.local/share/DBeaverData/install-data/org.jkiss.dbeaver.product/25.0.4-202505041731/org.eclipse.osgi/153/0/.cp/libswt-atk-gtk-4968r13.so
Event: 15.731 Loaded shared library /snap/dbeaver-ce/370/usr/share/dbeaver-ce/jre/lib/libawt.so
Event: 15.758 Loaded shared library /snap/dbeaver-ce/370/usr/share/dbeaver-ce/jre/lib/libawt_xawt.so
Event: 15.966 Loaded shared library /snap/dbeaver-ce/370/usr/share/dbeaver-ce/jre/lib/libfontmanager.so
Event: 79.547 Loaded shared library /snap/dbeaver-ce/370/usr/share/dbeaver-ce/jre/lib/libmanagement.so
Event: 79.563 Loaded shared library /snap/dbeaver-ce/370/usr/share/dbeaver-ce/jre/lib/libmanagement_ext.so

Deoptimization events (20 events):
Event: 12850.249 Thread 0x0000750ad402ed00 Uncommon trap: trap_request=0xffffffde fr.pc=0x0000750acb0c3c3c relative=0x000000000000113c
Event: 12850.249 Thread 0x0000750ad402ed00 Uncommon trap: reason=class_check action=maybe_recompile pc=0x0000750acb0c3c3c method=org.eclipse.e4.ui.model.internal.ModelUtils.getParent(Lorg/eclipse/e4/ui/model/application/MApplicationElement;)Lorg/eclipse/e4/ui/model/application/MApplicationElement;
Event: 12850.249 Thread 0x0000750ad402ed00 DEOPT PACKING pc=0x0000750acb0c3c3c sp=0x0000750ad988cc90
Event: 12850.249 Thread 0x0000750ad402ed00 DEOPT UNPACKING pc=0x0000750aca58af99 sp=0x0000750ad988cc70 mode 2
Event: 12850.251 Thread 0x0000750ad402ed00 Uncommon trap: trap_request=0xffffff45 fr.pc=0x0000750acab1f49c relative=0x000000000000027c
Event: 12850.251 Thread 0x0000750ad402ed00 Uncommon trap: reason=unstable_if action=reinterpret pc=0x0000750acab1f49c method=org.eclipse.emf.common.util.CommonUtil$StringPool$StringAccessUnit.match()Ljava/lang/String; @ 12 c2
Event: 12850.251 Thread 0x0000750ad402ed00 DEOPT PACKING pc=0x0000750acab1f49c sp=0x0000750ad988c690
Event: 12850.251 Thread 0x0000750ad402ed00 DEOPT UNPACKING pc=0x0000750aca58af99 sp=0x0000750ad988c648 mode 2
Event: 12850.256 Thread 0x0000750ad402ed00 Uncommon trap: trap_request=0xffffff76 fr.pc=0x0000750acaaf5264 relative=0x00000000000001c4
Event: 12850.256 Thread 0x0000750ad402ed00 Uncommon trap: reason=predicate action=maybe_recompile pc=0x0000750acaaf5264 method=java.util.LinkedHashMap.valuesToArray([Ljava/lang/Object;Z)[Ljava/lang/Object; @ 53 c2
Event: 12850.256 Thread 0x0000750ad402ed00 DEOPT PACKING pc=0x0000750acaaf5264 sp=0x0000750ad988c280
Event: 12850.256 Thread 0x0000750ad402ed00 DEOPT UNPACKING pc=0x0000750aca58af99 sp=0x0000750ad988c248 mode 2
Event: 12850.307 Thread 0x0000750ad402ed00 Uncommon trap: trap_request=0xffffffbe fr.pc=0x0000750acb01f2c0 relative=0x0000000000000a40
Event: 12850.307 Thread 0x0000750ad402ed00 Uncommon trap: reason=profile_predicate action=maybe_recompile pc=0x0000750acb01f2c0 method=org.eclipse.swt.widgets.Widget.fixMnemonic(Ljava/lang/String;ZZ)[C @ 248 c2
Event: 12850.307 Thread 0x0000750ad402ed00 DEOPT PACKING pc=0x0000750acb01f2c0 sp=0x0000750ad988be40
Event: 12850.307 Thread 0x0000750ad402ed00 DEOPT UNPACKING pc=0x0000750aca58af99 sp=0x0000750ad988bdf0 mode 2
Event: 12850.361 Thread 0x0000750ad402ed00 Uncommon trap: trap_request=0xffffffde fr.pc=0x0000750acb0c3c3c relative=0x000000000000113c
Event: 12850.361 Thread 0x0000750ad402ed00 Uncommon trap: reason=class_check action=maybe_recompile pc=0x0000750acb0c3c3c method=org.eclipse.e4.ui.model.internal.ModelUtils.getParent(Lorg/eclipse/e4/ui/model/application/MApplicationElement;)Lorg/eclipse/e4/ui/model/application/MApplicationElement;
Event: 12850.361 Thread 0x0000750ad402ed00 DEOPT PACKING pc=0x0000750acb0c3c3c sp=0x0000750ad988ce60
Event: 12850.361 Thread 0x0000750ad402ed00 DEOPT UNPACKING pc=0x0000750aca58af99 sp=0x0000750ad988ce40 mode 2

Classes loaded (20 events):
Event: 12667.597 Loading class java/util/EnumMap$EntrySet
Event: 12667.614 Loading class java/util/EnumMap$EntrySet done
Event: 12667.614 Loading class java/util/EnumMap$EntryIterator
Event: 12667.614 Loading class java/util/EnumMap$EnumMapIterator
Event: 12667.614 Loading class java/util/EnumMap$EnumMapIterator done
Event: 12667.614 Loading class java/util/EnumMap$EntryIterator done
Event: 12667.614 Loading class java/util/EnumMap$EntryIterator$Entry
Event: 12667.614 Loading class java/util/EnumMap$EntryIterator$Entry done
Event: 12668.117 Loading class java/util/regex/Matcher$ImmutableMatchResult
Event: 12668.117 Loading class java/util/regex/Matcher$ImmutableMatchResult done
Event: 12668.765 Loading class java/io/PushbackReader
Event: 12668.787 Loading class java/io/FilterReader
Event: 12668.798 Loading class java/io/FilterReader done
Event: 12668.798 Loading class java/io/PushbackReader done
Event: 12760.658 Loading class java/lang/Throwable$WrappedPrintStream
Event: 12760.705 Loading class java/lang/Throwable$PrintStreamOrWriter
Event: 12760.705 Loading class java/lang/Throwable$PrintStreamOrWriter done
Event: 12760.705 Loading class java/lang/Throwable$WrappedPrintStream done
Event: 12760.724 Loading class java/lang/Throwable$WrappedPrintWriter
Event: 12760.724 Loading class java/lang/Throwable$WrappedPrintWriter done

Classes unloaded (20 events):
Event: 1797.888 Thread 0x0000750ad40ebc90 Unloading class 0x00000001000c4800 'java/lang/invoke/LambdaForm$MH+0x00000001000c4800'
Event: 1797.888 Thread 0x0000750ad40ebc90 Unloading class 0x00000001000c4400 'java/lang/invoke/LambdaForm$MH+0x00000001000c4400'
Event: 1797.888 Thread 0x0000750ad40ebc90 Unloading class 0x00000001000c4000 'java/lang/invoke/LambdaForm$MH+0x00000001000c4000'
Event: 1797.888 Thread 0x0000750ad40ebc90 Unloading class 0x00000001000c3800 'java/lang/invoke/LambdaForm$MH+0x00000001000c3800'
Event: 1797.888 Thread 0x0000750ad40ebc90 Unloading class 0x00000001000c2c00 'java/lang/invoke/LambdaForm$MH+0x00000001000c2c00'
Event: 1797.888 Thread 0x0000750ad40ebc90 Unloading class 0x00000001000c2800 'java/lang/invoke/LambdaForm$MH+0x00000001000c2800'
Event: 1797.888 Thread 0x0000750ad40ebc90 Unloading class 0x00000001000c2400 'java/lang/invoke/LambdaForm$MH+0x00000001000c2400'
Event: 1797.888 Thread 0x0000750ad40ebc90 Unloading class 0x00000001000c1c00 'java/lang/invoke/LambdaForm$MH+0x00000001000c1c00'
Event: 1797.888 Thread 0x0000750ad40ebc90 Unloading class 0x00000001000c0c00 'java/lang/invoke/LambdaForm$MH+0x00000001000c0c00'
Event: 1797.888 Thread 0x0000750ad40ebc90 Unloading class 0x0000000100001800 'java/lang/invoke/LambdaForm$MH+0x0000000100001800'
Event: 12769.794 Thread 0x0000750ad40ebc90 Unloading class 0x0000000100648800 'java/lang/invoke/LambdaForm$MH+0x0000000100648800'
Event: 12769.794 Thread 0x0000750ad40ebc90 Unloading class 0x00000001007c1000 'java/lang/invoke/LambdaForm$MH+0x00000001007c1000'
Event: 12769.794 Thread 0x0000750ad40ebc90 Unloading class 0x00000001007cb000 'java/lang/invoke/LambdaForm$MH+0x00000001007cb000'
Event: 12769.794 Thread 0x0000750ad40ebc90 Unloading class 0x0000000100979400 'java/lang/invoke/LambdaForm$MH+0x0000000100979400'
Event: 12769.794 Thread 0x0000750ad40ebc90 Unloading class 0x000000010097a000 'java/lang/invoke/LambdaForm$MH+0x000000010097a000'
Event: 12769.794 Thread 0x0000750ad40ebc90 Unloading class 0x000000010097ac00 'java/lang/invoke/LambdaForm$MH+0x000000010097ac00'
Event: 12769.794 Thread 0x0000750ad40ebc90 Unloading class 0x0000000100983000 'java/lang/invoke/LambdaForm$MH+0x0000000100983000'
Event: 12769.794 Thread 0x0000750ad40ebc90 Unloading class 0x0000000100a31800 'java/lang/invoke/LambdaForm$MH+0x0000000100a31800'
Event: 12769.794 Thread 0x0000750ad40ebc90 Unloading class 0x0000000100a3d800 'java/lang/invoke/LambdaForm$MH+0x0000000100a3d800'
Event: 12769.794 Thread 0x0000750ad40ebc90 Unloading class 0x0000000100a49400 'java/lang/invoke/LambdaForm$MH+0x0000000100a49400'

Classes redefined (0 events):
No events

Internal exceptions (20 events):
Event: 12658.979 Thread 0x00007509b8054ef0 Exception <a 'java/lang/NoSuchMethodError'{0x00000000c7401f50}: 'java.lang.Object java.lang.invoke.DirectMethodHandle$Holder.newInvokeSpecial(java.lang.Object, java.lang.Object, java.lang.Object, java.lang.Object, long)'> (0x00000000c7401f50) 
thrown [src/hotspot/share/interpreter/linkResolver.cpp, line 772]
Event: 12658.980 Thread 0x00007509b8054ef0 Exception <a 'java/lang/NoSuchMethodError'{0x00000000c7405d48}: 'java.lang.Object java.lang.invoke.DirectMethodHandle$Holder.invokeSpecial(java.lang.Object, java.lang.Object, java.lang.Object, java.lang.Object, java.lang.Object, long)'> (0x00000000c7405d48) 
thrown [src/hotspot/share/interpreter/linkResolver.cpp, line 772]
Event: 12658.980 Thread 0x00007509b8054ef0 Exception <a 'java/lang/NoSuchMethodError'{0x00000000c7409528}: 'java.lang.Object java.lang.invoke.Invokers$Holder.linkToTargetMethod(java.lang.Object, java.lang.Object, java.lang.Object, long, java.lang.Object)'> (0x00000000c7409528) 
thrown [src/hotspot/share/interpreter/linkResolver.cpp, line 772]
Event: 12659.519 Thread 0x00007509b8054ef0 Exception <a 'java/lang/NoSuchMethodError'{0x00000000c703e4a8}: 'void java.lang.invoke.DirectMethodHandle$Holder.invokeSpecial(java.lang.Object, java.lang.Object, int, java.lang.Object)'> (0x00000000c703e4a8) 
thrown [src/hotspot/share/interpreter/linkResolver.cpp, line 772]
Event: 12666.460 Thread 0x0000750ad402ed00 Exception <a 'java/lang/NoSuchMethodError'{0x00000000c634e6e8}: 'void java.lang.invoke.DirectMethodHandle$Holder.invokeInterface(java.lang.Object, java.lang.Object, int)'> (0x00000000c634e6e8) 
thrown [src/hotspot/share/interpreter/linkResolver.cpp, line 772]
Event: 12666.461 Thread 0x0000750ad402ed00 Exception <a 'java/lang/IncompatibleClassChangeError'{0x00000000c6351cc0}: Found class java.lang.Object, but interface was expected> (0x00000000c6351cc0) 
thrown [src/hotspot/share/interpreter/linkResolver.cpp, line 840]
Event: 12667.496 Thread 0x0000750ad402ed00 Exception <a 'java/lang/NoSuchMethodError'{0x00000000c611a0e8}: 'void java.lang.invoke.DirectMethodHandle$Holder.invokeStatic(java.lang.Object, int, java.lang.Object)'> (0x00000000c611a0e8) 
thrown [src/hotspot/share/interpreter/linkResolver.cpp, line 772]
Event: 12667.503 Thread 0x0000750ad402ed00 Exception <a 'java/lang/NoSuchMethodError'{0x00000000c6137fa8}: 'java.lang.Object java.lang.invoke.DirectMethodHandle$Holder.newInvokeSpecial(java.lang.Object, java.lang.Object, int, int, int)'> (0x00000000c6137fa8) 
thrown [src/hotspot/share/interpreter/linkResolver.cpp, line 772]
Event: 12667.504 Thread 0x0000750ad402ed00 Exception <a 'java/lang/NoSuchMethodError'{0x00000000c6142c80}: 'java.lang.Object java.lang.invoke.DirectMethodHandle$Holder.invokeStatic(java.lang.Object, int, int, int, java.lang.Object)'> (0x00000000c6142c80) 
thrown [src/hotspot/share/interpreter/linkResolver.cpp, line 772]
Event: 12667.505 Thread 0x0000750ad402ed00 Exception <a 'java/lang/NoSuchMethodError'{0x00000000c6149068}: 'java.lang.Object java.lang.invoke.DirectMethodHandle$Holder.newInvokeSpecial(java.lang.Object, int, int, int)'> (0x00000000c6149068) 
thrown [src/hotspot/share/interpreter/linkResolver.cpp, line 772]
Event: 12667.571 Thread 0x0000750a0801fec0 Implicit null exception at 0x0000750acb0b9eda to 0x0000750acb0b9f2c
Event: 12668.144 Thread 0x0000750ad402ed00 Exception <a 'java/lang/NoSuchMethodError'{0x00000000c5ea57d0}: 'int java.lang.invoke.DirectMethodHandle$Holder.invokeInterface(java.lang.Object, java.lang.Object, java.lang.Object, java.lang.Object)'> (0x00000000c5ea57d0) 
thrown [src/hotspot/share/interpreter/linkResolver.cpp, line 772]
Event: 12668.202 Thread 0x0000750ad6b4e800 Exception <a 'java/lang/InterruptedException'{0x00000000c6384280}> (0x00000000c6384280) 
thrown [src/hotspot/share/runtime/objectMonitor.cpp, line 1626]
Event: 12680.636 Thread 0x0000750ad6aa96a0 Exception <a 'java/lang/InterruptedException'{0x00000000c5a8bac0}> (0x00000000c5a8bac0) 
thrown [src/hotspot/share/runtime/objectMonitor.cpp, line 1626]
Event: 12759.111 Thread 0x0000750ad6aa96a0 Exception <a 'java/lang/InterruptedException'{0x00000000c6700338}> (0x00000000c6700338) 
thrown [src/hotspot/share/runtime/objectMonitor.cpp, line 1626]
Event: 12760.636 Thread 0x0000750ad402ed00 Implicit null exception at 0x0000750acb1e0409 to 0x0000750acb1e0790
Event: 12819.933 Thread 0x0000750ad402ed00 Implicit null exception at 0x0000750acb138d9f to 0x0000750acb1393ac
Event: 12850.218 Thread 0x0000750ad402ed00 Implicit null exception at 0x0000750acac27eed to 0x0000750acac27f50
Event: 12850.218 Thread 0x0000750ad402ed00 Implicit null exception at 0x0000750acaadbc26 to 0x0000750acaadbcc4
Event: 12850.356 Thread 0x0000750ad402ed00 Exception <a 'java/lang/NoSuchMethodError'{0x00000000c505dfc8}: 'void java.lang.invoke.DelegatingMethodHandle$Holder.reinvoke_L(java.lang.Object, java.lang.Object, int)'> (0x00000000c505dfc8) 
thrown [src/hotspot/share/interpreter/linkResolver.cpp, line 772]

ZGC Phase Switch (0 events):
No events

VM Operations (20 events):
Event: 12823.468 Executing VM operation: Cleanup
Event: 12823.468 Executing VM operation: Cleanup done
Event: 12824.468 Executing VM operation: Cleanup
Event: 12824.468 Executing VM operation: Cleanup done
Event: 12833.469 Executing VM operation: Cleanup
Event: 12833.469 Executing VM operation: Cleanup done
Event: 12836.469 Executing VM operation: Cleanup
Event: 12836.469 Executing VM operation: Cleanup done
Event: 12837.469 Executing VM operation: Cleanup
Event: 12837.469 Executing VM operation: Cleanup done
Event: 12847.106 Executing VM operation: HandshakeAllThreads (HandshakeForDeflation)
Event: 12847.106 Executing VM operation: HandshakeAllThreads (HandshakeForDeflation) done
Event: 12847.106 Executing VM operation: RendezvousGCThreads
Event: 12847.106 Executing VM operation: RendezvousGCThreads done
Event: 12850.253 Executing VM operation: HandshakeAllThreads (Deoptimize)
Event: 12850.253 Executing VM operation: HandshakeAllThreads (Deoptimize) done
Event: 12850.253 Executing VM operation: Cleanup
Event: 12850.253 Executing VM operation: Cleanup done
Event: 12850.322 Executing VM operation: HandshakeAllThreads (Deoptimize)
Event: 12850.323 Executing VM operation: HandshakeAllThreads (Deoptimize) done

Memory protections (20 events):
Event: 12666.422 Protecting memory [0x0000750a567f0000,0x0000750a567f4000] with protection modes 0
Event: 12667.461 Protecting memory [0x0000750a56bf4000,0x0000750a56bf8000] with protection modes 0
Event: 12668.202 Protecting memory [0x0000750a56bf4000,0x0000750a56bf8000] with protection modes 0
Event: 12672.304 Protecting memory [0x0000750a56bf4000,0x0000750a56bf8000] with protection modes 0
Event: 12680.538 Protecting memory [0x0000750a567f0000,0x0000750a567f4000] with protection modes 0
Event: 12680.635 Protecting memory [0x0000750ab03d7000,0x0000750ab03db000] with protection modes 0
Event: 12749.509 Protecting memory [0x0000750ab03d7000,0x0000750ab03db000] with protection modes 0
Event: 12754.809 Protecting memory [0x0000750ab03d7000,0x0000750ab03db000] with protection modes 0
Event: 12755.533 Protecting memory [0x0000750a567f0000,0x0000750a567f4000] with protection modes 0
Event: 12755.843 Protecting memory [0x0000750ab03d7000,0x0000750ab03db000] with protection modes 0
Event: 12758.991 Protecting memory [0x0000750a567f0000,0x0000750a567f4000] with protection modes 0
Event: 12759.109 Protecting memory [0x0000750a567f0000,0x0000750a567f4000] with protection modes 0
Event: 12759.647 Protecting memory [0x0000750a567f0000,0x0000750a567f4000] with protection modes 0
Event: 12760.373 Protecting memory [0x0000750a567f0000,0x0000750a567f4000] with protection modes 0
Event: 12760.585 Protecting memory [0x0000750a567f0000,0x0000750a567f4000] with protection modes 0
Event: 12760.628 Protecting memory [0x0000750ab03d7000,0x0000750ab03db000] with protection modes 0
Event: 12771.327 Protecting memory [0x0000750a567f0000,0x0000750a567f4000] with protection modes 0
Event: 12771.379 Protecting memory [0x0000750a567f0000,0x0000750a567f4000] with protection modes 0
Event: 12771.429 Protecting memory [0x0000750a567f0000,0x0000750a567f4000] with protection modes 0
Event: 12771.446 Protecting memory [0x0000750a56bf4000,0x0000750a56bf8000] with protection modes 0

Nmethod flushes (20 events):
Event: 12769.820 Thread 0x0000750ad40ebc90 flushing  nmethod 0x0000750ac3864390
Event: 12769.820 Thread 0x0000750ad40ebc90 flushing  nmethod 0x0000750ac39f4190
Event: 12769.820 Thread 0x0000750ad40ebc90 flushing  nmethod 0x0000750ac3a9b210
Event: 12769.820 Thread 0x0000750ad40ebc90 flushing  nmethod 0x0000750ac3a9b690
Event: 12769.820 Thread 0x0000750ad40ebc90 flushing  nmethod 0x0000750ac3a9bc90
Event: 12769.820 Thread 0x0000750ad40ebc90 flushing  nmethod 0x0000750ac3a9ca90
Event: 12769.820 Thread 0x0000750ad40ebc90 flushing  nmethod 0x0000750ac3aaed10
Event: 12769.820 Thread 0x0000750ad40ebc90 flushing  nmethod 0x0000750ac3cf0290
Event: 12769.820 Thread 0x0000750ad40ebc90 flushing  nmethod 0x0000750ac3e39310
Event: 12769.820 Thread 0x0000750ad40ebc90 flushing  nmethod 0x0000750ac4231290
Event: 12769.820 Thread 0x0000750ad40ebc90 flushing  nmethod 0x0000750ac3c73290
Event: 12769.820 Thread 0x0000750ad40ebc90 flushing  nmethod 0x0000750ac3d20910
Event: 12769.821 Thread 0x0000750ad40ebc90 flushing  nmethod 0x0000750ac3d73c10
Event: 12769.821 Thread 0x0000750ad40ebc90 flushing  nmethod 0x0000750ac3d74610
Event: 12769.821 Thread 0x0000750ad40ebc90 flushing  nmethod 0x0000750ac3d9ab10
Event: 12769.821 Thread 0x0000750ad40ebc90 flushing  nmethod 0x0000750ac3fb7c90
Event: 12769.821 Thread 0x0000750ad40ebc90 flushing  nmethod 0x0000750ac4064310
Event: 12769.821 Thread 0x0000750ad40ebc90 flushing  nmethod 0x0000750ac416ca90
Event: 12769.821 Thread 0x0000750ad40ebc90 flushing  nmethod 0x0000750ac41f7110
Event: 12769.821 Thread 0x0000750ad40ebc90 flushing  nmethod 0x0000750ac427ff10

Events (20 events):
Event: 12758.991 Thread 0x0000750ad60f3570 Thread added: 0x00007509dc10e9e0
Event: 12758.991 Thread 0x00007509dc10e9e0 Thread exited: 0x00007509dc10e9e0
Event: 12759.109 Thread 0x0000750ad41d60c0 Thread added: 0x0000750a843fbe20
Event: 12759.112 Thread 0x0000750ad6aa96a0 Thread exited: 0x0000750ad6aa96a0
Event: 12759.645 Thread 0x0000750a843fbe20 Thread exited: 0x0000750a843fbe20
Event: 12759.647 Thread 0x0000750ad60f3570 Thread added: 0x00007509dc10e9e0
Event: 12759.647 Thread 0x00007509dc10e9e0 Thread exited: 0x00007509dc10e9e0
Event: 12760.373 Thread 0x0000750ad402ed00 Thread added: 0x0000750ad6aa96a0
Event: 12760.373 Thread 0x0000750ad6aa96a0 Thread exited: 0x0000750ad6aa96a0
Event: 12760.585 Thread 0x0000750ad41d60c0 Thread added: 0x0000750a843fbe20
Event: 12760.628 Thread 0x0000750ad402ed00 Thread added: 0x0000750ad6a7a2b0
Event: 12760.925 Thread 0x0000750a843fbe20 Thread exited: 0x0000750a843fbe20
Event: 12771.327 Thread 0x0000750a0801fec0 Thread added: 0x00007509b8026d60
Event: 12771.369 Thread 0x00007509b8026d60 Thread exited: 0x00007509b8026d60
Event: 12771.379 Thread 0x0000750a0801fec0 Thread added: 0x00007509b8018800
Event: 12771.419 Thread 0x00007509b8018800 Thread exited: 0x00007509b8018800
Event: 12771.429 Thread 0x0000750a0801fec0 Thread added: 0x00007509b8019390
Event: 12771.446 Thread 0x0000750ad41d60c0 Thread added: 0x0000750a843fbe20
Event: 12771.469 Thread 0x00007509b8019390 Thread exited: 0x00007509b8019390
Event: 12771.870 Thread 0x0000750a843fbe20 Thread exited: 0x0000750a843fbe20


Dynamic libraries:
c0000000-c7600000 rw-p 00000000 00:00 0 
c7600000-c8900000 ---p 00000000 00:00 0 
c8900000-c8a00000 rw-p 00000000 00:00 0 
c8a00000-c8b00000 ---p 00000000 00:00 0 
c8b00000-c8c00000 rw-p 00000000 00:00 0 
c8c00000-ffd00000 ---p 00000000 00:00 0 
ffd00000-ffe00000 rw-p 00000000 00:00 0 
ffe00000-100000000 ---p 00000000 00:00 0 
100000000-100020000 rw-p 00000000 00:00 0 
100020000-100040000 rw-p 00000000 00:00 0 
100040000-1000c0000 rw-p 00000000 00:00 0 
1000c0000-1000e0000 rw-p 00000000 00:00 0 
1000e0000-100140000 rw-p 00000000 00:00 0 
100140000-100200000 rw-p 00000000 00:00 0 
100200000-100360000 rw-p 00000000 00:00 0 
100360000-100380000 rw-p 00000000 00:00 0 
100380000-100540000 rw-p 00000000 00:00 0 
100540000-100580000 rw-p 00000000 00:00 0 
100580000-100880000 rw-p 00000000 00:00 0 
100880000-100940000 rw-p 00000000 00:00 0 
100940000-100b90000 rw-p 00000000 00:00 0 
100b90000-140000000 ---p 00000000 00:00 0 
577bb7ef4000-577bb7ef5000 r-xp 00000000 07:0b 1563                       /snap/dbeaver-ce/370/usr/share/dbeaver-ce/jre/bin/java
577bb7ef6000-577bb7ef7000 r--p 00001000 07:0b 1563                       /snap/dbeaver-ce/370/usr/share/dbeaver-ce/jre/bin/java
577bb7ef7000-577bb7ef8000 rw-p 00002000 07:0b 1563                       /snap/dbeaver-ce/370/usr/share/dbeaver-ce/jre/bin/java
577beb674000-577beb6bc000 rw-p 00000000 00:00 0                          [heap]
7509b4000000-7509b4300000 rw-p 00000000 00:00 0 
7509b4300000-7509b4400000 rw-p 00000000 00:00 0 
7509b4400000-7509b4900000 rw-p 00000000 00:00 0 
7509b4900000-7509b49d0000 rw-p 00000000 00:00 0 
7509b49d0000-7509b4a00000 ---p 00000000 00:00 0 
7509b4a00000-7509b4d60000 rw-p 00000000 00:00 0 
7509b4d60000-7509b5140000 rw-p 00000000 00:00 0 
7509b5140000-7509b8000000 ---p 00000000 00:00 0 
7509b8000000-7509b8071000 rw-p 00000000 00:00 0 
7509b8071000-7509bc000000 ---p 00000000 00:00 0 
7509be53f000-7509be540000 r--p 00000000 07:0b 616                        /snap/dbeaver-ce/370/usr/lib/x86_64-linux-gnu/libicudata.so.66.1
7509be540000-7509be541000 r-xp 00001000 07:0b 616                        /snap/dbeaver-ce/370/usr/lib/x86_64-linux-gnu/libicudata.so.66.1
7509be541000-7509bfffe000 r--p 00002000 07:0b 616                        /snap/dbeaver-ce/370/usr/lib/x86_64-linux-gnu/libicudata.so.66.1
7509bfffe000-7509bffff000 r--p 01abe000 07:0b 616                        /snap/dbeaver-ce/370/usr/lib/x86_64-linux-gnu/libicudata.so.66.1
7509bffff000-7509c0000000 rw-p 01abf000 07:0b 616                        /snap/dbeaver-ce/370/usr/lib/x86_64-linux-gnu/libicudata.so.66.1
7509c0000000-7509c0021000 rw-p 00000000 00:00 0 
7509c0021000-7509c4000000 ---p 00000000 00:00 0 
7509c4000000-7509c4034000 rw-p 00000000 00:00 0 
7509c4034000-7509c8000000 ---p 00000000 00:00 0 
7509c8000000-7509c8021000 rw-p 00000000 00:00 0 
7509c8021000-7509cc000000 ---p 00000000 00:00 0 
7509cc000000-7509cc021000 rw-p 00000000 00:00 0 
7509cc021000-7509d0000000 ---p 00000000 00:00 0 
7509d0000000-7509d0021000 rw-p 00000000 00:00 0 
7509d0021000-7509d4000000 ---p 00000000 00:00 0 
7509d4000000-7509d4021000 rw-p 00000000 00:00 0 
7509d4021000-7509d8000000 ---p 00000000 00:00 0 
7509d8000000-7509d8036000 rw-p 00000000 00:00 0 
7509d8036000-7509dc000000 ---p 00000000 00:00 0 
7509dc000000-7509dc846000 rw-p 00000000 00:00 0 
7509dc846000-7509e0000000 ---p 00000000 00:00 0 
7509e0000000-7509e0021000 rw-p 00000000 00:00 0 
7509e0021000-7509e4000000 ---p 00000000 00:00 0 
7509e4000000-7509e4021000 rw-p 00000000 00:00 0 
7509e4021000-7509e8000000 ---p 00000000 00:00 0 
7509e8000000-7509e8021000 rw-p 00000000 00:00 0 
7509e8021000-7509ec000000 ---p 00000000 00:00 0 
7509ec000000-7509ec021000 rw-p 00000000 00:00 0 
7509ec021000-7509f0000000 ---p 00000000 00:00 0 
7509f0d10000-7509f0ff0000 rw-p 00000000 00:00 0 
7509f0ff0000-7509f10a9000 r--p 00000000 fc:01 14834117                   /usr/share/fonts/truetype/dejavu/DejaVuSans.ttf
7509f10a9000-7509f1162000 r--p 00000000 fc:01 14834117                   /usr/share/fonts/truetype/dejavu/DejaVuSans.ttf
7509f1162000-7509f11f8000 r--p 00000000 07:05 6354                       /usr/lib/x86_64-linux-gnu/libstdc++.so.6.0.28
7509f11f8000-7509f12e9000 r-xp 00096000 07:05 6354                       /usr/lib/x86_64-linux-gnu/libstdc++.so.6.0.28
7509f12e9000-7509f1332000 r--p 00187000 07:05 6354                       /usr/lib/x86_64-linux-gnu/libstdc++.so.6.0.28
7509f1332000-7509f1333000 ---p 001d0000 07:05 6354                       /usr/lib/x86_64-linux-gnu/libstdc++.so.6.0.28
7509f1333000-7509f133e000 r--p 001d0000 07:05 6354                       /usr/lib/x86_64-linux-gnu/libstdc++.so.6.0.28
7509f133e000-7509f1341000 rw-p 001db000 07:05 6354                       /usr/lib/x86_64-linux-gnu/libstdc++.so.6.0.28
7509f1341000-7509f1344000 rw-p 00000000 00:00 0 
7509f1344000-7509f13a9000 r--p 00000000 07:0b 626                        /snap/dbeaver-ce/370/usr/lib/x86_64-linux-gnu/libicuuc.so.66.1
7509f13a9000-7509f148e000 r-xp 00065000 07:0b 626                        /snap/dbeaver-ce/370/usr/lib/x86_64-linux-gnu/libicuuc.so.66.1
7509f148e000-7509f1514000 r--p 0014a000 07:0b 626                        /snap/dbeaver-ce/370/usr/lib/x86_64-linux-gnu/libicuuc.so.66.1
7509f1514000-7509f1515000 ---p 001d0000 07:0b 626                        /snap/dbeaver-ce/370/usr/lib/x86_64-linux-gnu/libicuuc.so.66.1
7509f1515000-7509f1527000 r--p 001d0000 07:0b 626                        /snap/dbeaver-ce/370/usr/lib/x86_64-linux-gnu/libicuuc.so.66.1
7509f1527000-7509f1528000 rw-p 001e2000 07:0b 626                        /snap/dbeaver-ce/370/usr/lib/x86_64-linux-gnu/libicuuc.so.66.1
7509f1528000-7509f152a000 rw-p 00000000 00:00 0 
7509f152a000-7509f1557000 r--p 00000000 07:0b 734                        /snap/dbeaver-ce/370/usr/lib/x86_64-linux-gnu/libxml2.so.2.9.10
7509f1557000-7509f1681000 r-xp 0002d000 07:0b 734                        /snap/dbeaver-ce/370/usr/lib/x86_64-linux-gnu/libxml2.so.2.9.10
7509f1681000-7509f16d8000 r--p 00157000 07:0b 734                        /snap/dbeaver-ce/370/usr/lib/x86_64-linux-gnu/libxml2.so.2.9.10
7509f16d8000-7509f16e1000 r--p 001ad000 07:0b 734                        /snap/dbeaver-ce/370/usr/lib/x86_64-linux-gnu/libxml2.so.2.9.10
7509f16e1000-7509f16e2000 rw-p 001b6000 07:0b 734                        /snap/dbeaver-ce/370/usr/lib/x86_64-linux-gnu/libxml2.so.2.9.10
7509f16e2000-7509f16e4000 rw-p 00000000 00:00 0 
7509f16e4000-7509f17f1000 r--p 00000000 07:0b 674                        /snap/dbeaver-ce/370/usr/lib/x86_64-linux-gnu/librsvg-2.so.2.47.0
7509f17f1000-7509f1c87000 r-xp 0010d000 07:0b 674                        /snap/dbeaver-ce/370/usr/lib/x86_64-linux-gnu/librsvg-2.so.2.47.0
7509f1c87000-7509f1f3c000 r--p 005a3000 07:0b 674                        /snap/dbeaver-ce/370/usr/lib/x86_64-linux-gnu/librsvg-2.so.2.47.0
7509f1f3c000-7509f1fff000 r--p 00857000 07:0b 674                        /snap/dbeaver-ce/370/usr/lib/x86_64-linux-gnu/librsvg-2.so.2.47.0
7509f1fff000-7509f2000000 rw-p 0091a000 07:0b 674                        /snap/dbeaver-ce/370/usr/lib/x86_64-linux-gnu/librsvg-2.so.2.47.0
7509f2000000-7509f2001000 rw-p 00000000 00:00 0 
7509f2001000-7509f2005000 ---p 00000000 00:00 0 
7509f2005000-7509f2102000 rw-p 00000000 00:00 0 
7509f2102000-7509f21a0000 r--p 00000000 fc:01 14825787                   /usr/share/fonts/truetype/dejavu/DejaVuSans-BoldOblique.ttf
7509f21a0000-7509f223c000 r--p 00000000 fc:01 14825789                   /usr/share/fonts/truetype/dejavu/DejaVuSans-Oblique.ttf
7509f223c000-7509f22e9000 r--p 00000000 fc:01 14834116                   /usr/share/fonts/truetype/dejavu/DejaVuSans-Bold.ttf
7509f22e9000-7509f2387000 r--p 00000000 fc:01 14825787                   /usr/share/fonts/truetype/dejavu/DejaVuSans-BoldOblique.ttf
7509f2387000-7509f2423000 r--p 00000000 fc:01 14825789                   /usr/share/fonts/truetype/dejavu/DejaVuSans-Oblique.ttf
7509f2423000-7509f24d0000 r--p 00000000 fc:01 14834116                   /usr/share/fonts/truetype/dejavu/DejaVuSans-Bold.ttf
7509f24d0000-7509f24d4000 ---p 00000000 00:00 0 
7509f24d4000-7509f25d1000 rw-p 00000000 00:00 0 
7509f25d1000-7509f25d5000 ---p 00000000 00:00 0 
7509f25d5000-7509f26d2000 rw-p 00000000 00:00 0 
7509f26d2000-7509f276f000 r-xp 00000000 07:0b 1772                       /snap/dbeaver-ce/370/usr/share/dbeaver-ce/jre/lib/libfreetype.so
7509f276f000-7509f2770000 ---p 0009d000 07:0b 1772                       /snap/dbeaver-ce/370/usr/share/dbeaver-ce/jre/lib/libfreetype.so
7509f2770000-7509f2776000 r--p 0009d000 07:0b 1772                       /snap/dbeaver-ce/370/usr/share/dbeaver-ce/jre/lib/libfreetype.so
7509f2776000-7509f2777000 rw-p 000a3000 07:0b 1772                       /snap/dbeaver-ce/370/usr/share/dbeaver-ce/jre/lib/libfreetype.so
7509f2777000-7509f28f4000 r-xp 00000000 07:0b 1771                       /snap/dbeaver-ce/370/usr/share/dbeaver-ce/jre/lib/libfontmanager.so
7509f28f4000-7509f28f5000 ---p 0017d000 07:0b 1771                       /snap/dbeaver-ce/370/usr/share/dbeaver-ce/jre/lib/libfontmanager.so
7509f28f5000-7509f28f7000 r--p 0017d000 07:0b 1771                       /snap/dbeaver-ce/370/usr/share/dbeaver-ce/jre/lib/libfontmanager.so
7509f28f7000-7509f28f8000 rw-p 0017f000 07:0b 1771                       /snap/dbeaver-ce/370/usr/share/dbeaver-ce/jre/lib/libfontmanager.so
7509f28f8000-7509f28f9000 rw-p 00000000 00:00 0 
7509f28f9000-7509f28fe000 r-xp 00000000 07:0d 8932                       /snap/dbeaver-ce/370/gnome-platform/usr/lib/x86_64-linux-gnu/libXtst.so.6.1.0
7509f28fe000-7509f2afd000 ---p 00005000 07:0d 8932                       /snap/dbeaver-ce/370/gnome-platform/usr/lib/x86_64-linux-gnu/libXtst.so.6.1.0
7509f2afd000-7509f2afe000 r--p 00004000 07:0d 8932                       /snap/dbeaver-ce/370/gnome-platform/usr/lib/x86_64-linux-gnu/libXtst.so.6.1.0
7509f2afe000-7509f2aff000 rw-p 00005000 07:0d 8932                       /snap/dbeaver-ce/370/gnome-platform/usr/lib/x86_64-linux-gnu/libXtst.so.6.1.0
7509f2aff000-7509f2b03000 ---p 00000000 00:00 0 
7509f2b03000-7509f2c00000 rw-p 00000000 00:00 0 
7509f2c00000-7509f3400000 rw-s 00000000 00:01 32803                      /SYSV00000000 (deleted)
7509f3400000-7509f3402000 r-xp 00000000 fc:01 2388804                    /home/fourandhalf/snap/dbeaver-ce/370/.local/share/DBeaverData/install-data/org.jkiss.dbeaver.product/25.0.4-202505041731/org.eclipse.osgi/50/0/.cp/os/linux/x86_64/libunixfile_1_0_0.so
7509f3402000-7509f3601000 ---p 00002000 fc:01 2388804                    /home/fourandhalf/snap/dbeaver-ce/370/.local/share/DBeaverData/install-data/org.jkiss.dbeaver.product/25.0.4-202505041731/org.eclipse.osgi/50/0/.cp/os/linux/x86_64/libunixfile_1_0_0.so
7509f3601000-7509f3602000 r--p 00001000 fc:01 2388804                    /home/fourandhalf/snap/dbeaver-ce/370/.local/share/DBeaverData/install-data/org.jkiss.dbeaver.product/25.0.4-202505041731/org.eclipse.osgi/50/0/.cp/os/linux/x86_64/libunixfile_1_0_0.so
7509f3602000-7509f3603000 rw-p 00002000 fc:01 2388804                    /home/fourandhalf/snap/dbeaver-ce/370/.local/share/DBeaverData/install-data/org.jkiss.dbeaver.product/25.0.4-202505041731/org.eclipse.osgi/50/0/.cp/os/linux/x86_64/libunixfile_1_0_0.so
7509f361f000-7509f36cc000 r-xp 00000000 07:0b 1767                       /snap/dbeaver-ce/370/usr/share/dbeaver-ce/jre/lib/libawt.so
7509f36cc000-7509f36cd000 ---p 000ad000 07:0b 1767                       /snap/dbeaver-ce/370/usr/share/dbeaver-ce/jre/lib/libawt.so
7509f36cd000-7509f36ce000 r--p 000ad000 07:0b 1767                       /snap/dbeaver-ce/370/usr/share/dbeaver-ce/jre/lib/libawt.so
7509f36ce000-7509f36d9000 rw-p 000ae000 07:0b 1767                       /snap/dbeaver-ce/370/usr/share/dbeaver-ce/jre/lib/libawt.so
7509f36d9000-7509f36fe000 rw-p 00000000 00:00 0 
7509f36fe000-7509f3702000 ---p 00000000 00:00 0 
7509f3702000-7509f37ff000 rw-p 00000000 00:00 0 
7509f37ff000-7509f3800000 ---p 00000000 00:00 0 
7509f3800000-7509f4000000 rw-p 00000000 00:00 0 
7509f4000000-7509f4021000 rw-p 00000000 00:00 0 
7509f4021000-7509f8000000 ---p 00000000 00:00 0 
7509f8000000-7509f8484000 rw-p 00000000 00:00 0 
7509f8484000-7509fc000000 ---p 00000000 00:00 0 
7509fc000000-7509fc021000 rw-p 00000000 00:00 0 
7509fc021000-750a00000000 ---p 00000000 00:00 0 
750a00000000-750a00021000 rw-p 00000000 00:00 0 
750a00021000-750a04000000 ---p 00000000 00:00 0 
750a04000000-750a04021000 rw-p 00000000 00:00 0 
750a04021000-750a08000000 ---p 00000000 00:00 0 
750a08000000-750a08148000 rw-p 00000000 00:00 0 
750a08148000-750a0c000000 ---p 00000000 00:00 0 
750a0c000000-750a0d8d6000 rw-p 00000000 00:00 0 
750a0d8d6000-750a10000000 ---p 00000000 00:00 0 
750a10000000-750a10021000 rw-p 00000000 00:00 0 
750a10021000-750a14000000 ---p 00000000 00:00 0 
750a14000000-750a14037000 rw-p 00000000 00:00 0 
750a14037000-750a18000000 ---p 00000000 00:00 0 
750a18000000-750a18021000 rw-p 00000000 00:00 0 
750a18021000-750a1c000000 ---p 00000000 00:00 0 
750a1c000000-750a1c021000 rw-p 00000000 00:00 0 
750a1c021000-750a20000000 ---p 00000000 00:00 0 
750a20000000-750a21082000 rw-p 00000000 00:00 0 
750a21082000-750a24000000 ---p 00000000 00:00 0 
750a24000000-750a24033000 rw-p 00000000 00:00 0 
750a24033000-750a28000000 ---p 00000000 00:00 0 
750a28000000-750a28044000 rw-p 00000000 00:00 0 
750a28044000-750a2c000000 ---p 00000000 00:00 0 
750a2c000000-750a2c09e000 rw-p 00000000 00:00 0 
750a2c09e000-750a30000000 ---p 00000000 00:00 0 
750a30000000-750a307f0000 rw-p 00000000 00:00 0 
750a307f0000-750a34000000 ---p 00000000 00:00 0 
750a34000000-750a34021000 rw-p 00000000 00:00 0 
750a34021000-750a38000000 ---p 00000000 00:00 0 
750a38000000-750a38021000 rw-p 00000000 00:00 0 
750a38021000-750a3c000000 ---p 00000000 00:00 0 
750a3c000000-750a3c021000 rw-p 00000000 00:00 0 
750a3c021000-750a40000000 ---p 00000000 00:00 0 
750a40000000-750a40027000 rw-p 00000000 00:00 0 
750a40027000-750a44000000 ---p 00000000 00:00 0 
750a44000000-750a44031000 rw-p 00000000 00:00 0 
750a44031000-750a48000000 ---p 00000000 00:00 0 
750a48000000-750a48021000 rw-p 00000000 00:00 0 
750a48021000-750a4c000000 ---p 00000000 00:00 0 
750a4c000000-750a4c021000 rw-p 00000000 00:00 0 
750a4c021000-750a50000000 ---p 00000000 00:00 0 
750a50000000-750a50027000 rw-p 00000000 00:00 0 
750a50027000-750a54000000 ---p 00000000 00:00 0 
750a54023000-750a54092000 r-xp 00000000 07:0b 1769                       /snap/dbeaver-ce/370/usr/share/dbeaver-ce/jre/lib/libawt_xawt.so
750a54092000-750a54093000 ---p 0006f000 07:0b 1769                       /snap/dbeaver-ce/370/usr/share/dbeaver-ce/jre/lib/libawt_xawt.so
750a54093000-750a54098000 r--p 0006f000 07:0b 1769                       /snap/dbeaver-ce/370/usr/share/dbeaver-ce/jre/lib/libawt_xawt.so
750a54098000-750a5409a000 rw-p 00074000 07:0b 1769                       /snap/dbeaver-ce/370/usr/share/dbeaver-ce/jre/lib/libawt_xawt.so
750a5409a000-750a5409c000 rw-p 00000000 00:00 0 
750a540da000-750a54118000 r--p 00000000 fc:01 14825795                   /usr/share/fonts/truetype/dejavu/DejaVuSansMono-Oblique.ttf
750a54118000-750a5416a000 r--p 00000000 fc:01 14834118                   /usr/share/fonts/truetype/dejavu/DejaVuSansMono-Bold.ttf
750a5416a000-750a541a8000 r--p 00000000 fc:01 14825794                   /usr/share/fonts/truetype/dejavu/DejaVuSansMono-BoldOblique.ttf
750a541a8000-750a541ac000 ---p 00000000 00:00 0 
750a541ac000-750a542a9000 rw-p 00000000 00:00 0 
750a542a9000-750a542aa000 ---p 00000000 00:00 0 
750a542aa000-750a54aaa000 rw-p 00000000 00:00 0 
750a54aaa000-750a54aab000 ---p 00000000 00:00 0 
750a54aab000-750a552ab000 rw-p 00000000 00:00 0 
750a552ab000-750a552ac000 ---p 00000000 00:00 0 
750a552ac000-750a55aac000 rw-p 00000000 00:00 0 
750a55aac000-750a55aad000 ---p 00000000 00:00 0 
750a55aad000-750a562ad000 rw-p 00000000 00:00 0 
750a562ad000-750a562bc000 r--p 00000000 07:0b 614                        /snap/dbeaver-ce/370/usr/lib/x86_64-linux-gnu/libibus-1.0.so.5.0.522
750a562bc000-750a562ef000 r-xp 0000f000 07:0b 614                        /snap/dbeaver-ce/370/usr/lib/x86_64-linux-gnu/libibus-1.0.so.5.0.522
750a562ef000-750a56322000 r--p 00042000 07:0b 614                        /snap/dbeaver-ce/370/usr/lib/x86_64-linux-gnu/libibus-1.0.so.5.0.522
750a56322000-750a56323000 ---p 00075000 07:0b 614                        /snap/dbeaver-ce/370/usr/lib/x86_64-linux-gnu/libibus-1.0.so.5.0.522
750a56323000-750a56325000 r--p 00075000 07:0b 614                        /snap/dbeaver-ce/370/usr/lib/x86_64-linux-gnu/libibus-1.0.so.5.0.522
750a56325000-750a56326000 rw-p 00077000 07:0b 614                        /snap/dbeaver-ce/370/usr/lib/x86_64-linux-gnu/libibus-1.0.so.5.0.522
750a5637a000-750a563b4000 r--p 00000000 fc:01 2388785                    /home/fourandhalf/snap/dbeaver-ce/370/.local/share/DBeaverData/install-data/org.jkiss.dbeaver.product/25.0.4-202505041731/org.eclipse.osgi/153/0/.cp/libswt-pi3-gtk-4968r13.so
750a563b4000-750a563d4000 r-xp 0003a000 fc:01 2388785                    /home/fourandhalf/snap/dbeaver-ce/370/.local/share/DBeaverData/install-data/org.jkiss.dbeaver.product/25.0.4-202505041731/org.eclipse.osgi/153/0/.cp/libswt-pi3-gtk-4968r13.so
750a563d4000-750a563e7000 r--p 0005a000 fc:01 2388785                    /home/fourandhalf/snap/dbeaver-ce/370/.local/share/DBeaverData/install-data/org.jkiss.dbeaver.product/25.0.4-202505041731/org.eclipse.osgi/153/0/.cp/libswt-pi3-gtk-4968r13.so
750a563e7000-750a563e8000 r--p 0006c000 fc:01 2388785                    /home/fourandhalf/snap/dbeaver-ce/370/.local/share/DBeaverData/install-data/org.jkiss.dbeaver.product/25.0.4-202505041731/org.eclipse.osgi/153/0/.cp/libswt-pi3-gtk-4968r13.so
750a563e8000-750a563eb000 rw-p 0006d000 fc:01 2388785                    /home/fourandhalf/snap/dbeaver-ce/370/.local/share/DBeaverData/install-data/org.jkiss.dbeaver.product/25.0.4-202505041731/org.eclipse.osgi/153/0/.cp/libswt-pi3-gtk-4968r13.so
750a563eb000-750a563ec000 rw-p 00000000 00:00 0 
750a563ec000-750a563f0000 ---p 00000000 00:00 0 
750a563f0000-750a564ed000 rw-p 00000000 00:00 0 
750a564ed000-750a564f1000 ---p 00000000 00:00 0 
750a564f1000-750a565ee000 rw-p 00000000 00:00 0 
750a565ee000-750a565f2000 ---p 00000000 00:00 0 
750a565f2000-750a566ef000 rw-p 00000000 00:00 0 
750a566ef000-750a566f3000 ---p 00000000 00:00 0 
750a566f3000-750a567f0000 rw-p 00000000 00:00 0 
750a567f0000-750a567f4000 ---p 00000000 00:00 0 
750a567f4000-750a568f1000 rw-p 00000000 00:00 0 
750a568f1000-750a568f5000 ---p 00000000 00:00 0 
750a568f5000-750a569f2000 rw-p 00000000 00:00 0 
750a569f2000-750a569f3000 ---p 00000000 00:00 0 
750a569f3000-750a56af3000 rw-p 00000000 00:00 0 
750a56af3000-750a56af7000 ---p 00000000 00:00 0 
750a56af7000-750a56bf4000 rw-p 00000000 00:00 0 
750a56bf4000-750a56bf8000 ---p 00000000 00:00 0 
750a56bf8000-750a56cf5000 rw-p 00000000 00:00 0 
750a56cf5000-750a56cf9000 ---p 00000000 00:00 0 
750a56cf9000-750a56df6000 rw-p 00000000 00:00 0 
750a56e0f000-750a56e4d000 r--p 00000000 fc:01 14825795                   /usr/share/fonts/truetype/dejavu/DejaVuSansMono-Oblique.ttf
750a56e4d000-750a56e9f000 r--p 00000000 fc:01 14834118                   /usr/share/fonts/truetype/dejavu/DejaVuSansMono-Bold.ttf
750a56e9f000-750a56ef3000 r--p 00000000 fc:01 14834119                   /usr/share/fonts/truetype/dejavu/DejaVuSansMono.ttf
750a56ef3000-750a56ef7000 ---p 00000000 00:00 0 
750a56ef7000-750a56ff4000 rw-p 00000000 00:00 0 
750a56ff4000-750a56ff8000 ---p 00000000 00:00 0 
750a56ff8000-750a570f5000 rw-p 00000000 00:00 0 
750a570f5000-750a570f9000 ---p 00000000 00:00 0 
750a570f9000-750a571f6000 rw-p 00000000 00:00 0 
750a5722b000-750a57288000 r--p 00000000 fc:01 14833961                   /usr/share/fonts/opentype/fira/FiraSans-BoldItalic.otf
750a5728a000-750a572e2000 r--p 00000000 fc:01 14833981                   /usr/share/fonts/opentype/fira/FiraSans-Regular.otf
750a572e2000-750a5733f000 r--p 00000000 fc:01 14833961                   /usr/share/fonts/opentype/fira/FiraSans-BoldItalic.otf
750a5733f000-750a57399000 r--p 00000000 fc:01 14833976                   /usr/share/fonts/opentype/fira/FiraSans-Italic.otf
750a57399000-750a5739d000 ---p 00000000 00:00 0 
750a5739d000-750a5749a000 rw-p 00000000 00:00 0 
750a5749a000-750a5749e000 ---p 00000000 00:00 0 
750a5749e000-750a5759b000 rw-p 00000000 00:00 0 
750a5759b000-750a575f6000 r--p 00000000 fc:01 14833960                   /usr/share/fonts/opentype/fira/FiraSans-Bold.otf
750a575f6000-750a575fa000 ---p 00000000 00:00 0 
750a575fa000-750a576f7000 rw-p 00000000 00:00 0 
750a576f7000-750a576fb000 ---p 00000000 00:00 0 
750a576fb000-750a577f8000 rw-p 00000000 00:00 0 
750a577f8000-750a577fc000 ---p 00000000 00:00 0 
750a577fc000-750a578f9000 rw-p 00000000 00:00 0 
750a578f9000-750a578fd000 ---p 00000000 00:00 0 
750a578fd000-750a579fa000 rw-p 00000000 00:00 0 
750a579fa000-750a579fb000 ---p 00000000 00:00 0 
750a579fb000-750a57afb000 rw-p 00000000 00:00 0 
750a57afb000-750a57afc000 ---p 00000000 00:00 0 
750a57afc000-750a57bfc000 rw-p 00000000 00:00 0 
750a57bfc000-750a57bfd000 ---p 00000000 00:00 0 
750a57bfd000-750a57cfd000 rw-p 00000000 00:00 0 
750a57cfd000-750a57cfe000 ---p 00000000 00:00 0 
750a57cfe000-750a57dfe000 rw-p 00000000 00:00 0 
750a57dfe000-750a57dff000 ---p 00000000 00:00 0 
750a57dff000-750a57eff000 rw-p 00000000 00:00 0 
750a57eff000-750a57f00000 ---p 00000000 00:00 0 
750a57f00000-750a58000000 rw-p 00000000 00:00 0 
750a58000000-750a58649000 rw-p 00000000 00:00 0 
750a58649000-750a5c000000 ---p 00000000 00:00 0 
750a5c000000-750a5c0bc000 rw-p 00000000 00:00 0 
750a5c0bc000-750a60000000 ---p 00000000 00:00 0 
750a60000000-750a60021000 rw-p 00000000 00:00 0 
750a60021000-750a64000000 ---p 00000000 00:00 0 
750a64000000-750a64021000 rw-p 00000000 00:00 0 
750a64021000-750a68000000 ---p 00000000 00:00 0 
750a68000000-750a68f73000 rw-p 00000000 00:00 0 
750a68f73000-750a6c000000 ---p 00000000 00:00 0 
750a6c000000-750a6c40a000 rw-p 00000000 00:00 0 
750a6c40a000-750a70000000 ---p 00000000 00:00 0 
750a70000000-750a70556000 rw-p 00000000 00:00 0 
750a70556000-750a74000000 ---p 00000000 00:00 0 
750a74000000-750a74e0a000 rw-p 00000000 00:00 0 
750a74e0a000-750a78000000 ---p 00000000 00:00 0 
750a78000000-750a78021000 rw-p 00000000 00:00 0 
750a78021000-750a7c000000 ---p 00000000 00:00 0 
750a7c000000-750a7c021000 rw-p 00000000 00:00 0 
750a7c021000-750a80000000 ---p 00000000 00:00 0 
750a80000000-750a82733000 rw-p 00000000 00:00 0 
750a82733000-750a84000000 ---p 00000000 00:00 0 
750a84000000-750a84ba8000 rw-p 00000000 00:00 0 
750a84ba8000-750a88000000 ---p 00000000 00:00 0 
750a88000000-750a8808d000 rw-p 00000000 00:00 0 
750a8808d000-750a8c000000 ---p 00000000 00:00 0 
750a8c000000-750a8c021000 rw-p 00000000 00:00 0 
750a8c021000-750a90000000 ---p 00000000 00:00 0 
750a90000000-750a90021000 rw-p 00000000 00:00 0 
750a90021000-750a94000000 ---p 00000000 00:00 0 
750a94000000-750a94021000 rw-p 00000000 00:00 0 
750a94021000-750a98000000 ---p 00000000 00:00 0 
750a98000000-750a98064000 rw-p 00000000 00:00 0 
750a98064000-750a9c000000 ---p 00000000 00:00 0 
750a9c000000-750a9c021000 rw-p 00000000 00:00 0 
750a9c021000-750aa0000000 ---p 00000000 00:00 0 
750aa0000000-750aa0500000 rw-p 00000000 00:00 0 
750aa0500000-750aa0540000 rw-p 00000000 00:00 0 
750aa0540000-750aa0580000 rw-p 00000000 00:00 0 
750aa0580000-750aa0700000 rw-p 00000000 00:00 0 
750aa0700000-750aa0740000 rw-p 00000000 00:00 0 
750aa0740000-750aa0780000 rw-p 00000000 00:00 0 
750aa0780000-750aa0900000 rw-p 00000000 00:00 0 
750aa0900000-750aa0920000 rw-p 00000000 00:00 0 
750aa0920000-750aa0940000 rw-p 00000000 00:00 0 
750aa0940000-750aa0980000 rw-p 00000000 00:00 0 
750aa0980000-750aa0b00000 rw-p 00000000 00:00 0 
750aa0b00000-750aa0d00000 rw-p 00000000 00:00 0 
750aa0d00000-750aa0e00000 rw-p 00000000 00:00 0 
750aa0e00000-750aa0f80000 rw-p 00000000 00:00 0 
750aa0f80000-750aa1000000 rw-p 00000000 00:00 0 
750aa1000000-750aa1100000 rw-p 00000000 00:00 0 
750aa1100000-750aa1200000 rw-p 00000000 00:00 0 
750aa1200000-750aa1400000 rw-p 00000000 00:00 0 
750aa1400000-750aa1900000 rw-p 00000000 00:00 0 
750aa1900000-750aa1a00000 rw-p 00000000 00:00 0 
750aa1a00000-750aa1f00000 rw-p 00000000 00:00 0 
750aa1f00000-750aa2000000 rw-p 00000000 00:00 0 
750aa2000000-750aa2900000 rw-p 00000000 00:00 0 
750aa2900000-750aa2a00000 rw-p 00000000 00:00 0 
750aa2a00000-750aa37c0000 rw-p 00000000 00:00 0 
750aa37c0000-750aa3b00000 rw-p 00000000 00:00 0 
750aa3b00000-750aa3c00000 rw-p 00000000 00:00 0 
750aa3c00000-750aa3cc0000 rw-p 00000000 00:00 0 
750aa3cc0000-750aa3d00000 rw-p 00000000 00:00 0 
750aa3d00000-750aa3f00000 rw-p 00000000 00:00 0 
750aa3f00000-750aa4000000 rw-p 00000000 00:00 0 
750aa4000000-750aa4021000 rw-p 00000000 00:00 0 
750aa4021000-750aa8000000 ---p 00000000 00:00 0 
750aa8000000-750aa8021000 rw-p 00000000 00:00 0 
750aa8021000-750aac000000 ---p 00000000 00:00 0 
750aac000000-750aac021000 rw-p 00000000 00:00 0 
750aac021000-750ab0000000 ---p 00000000 00:00 0 
750ab0002000-750ab0005000 r--p 00000000 07:05 6197                       /usr/lib/x86_64-linux-gnu/libgcc_s.so.1
750ab0005000-750ab0017000 r-xp 00003000 07:05 6197                       /usr/lib/x86_64-linux-gnu/libgcc_s.so.1
750ab0017000-750ab001b000 r--p 00015000 07:05 6197                       /usr/lib/x86_64-linux-gnu/libgcc_s.so.1
750ab001b000-750ab001c000 r--p 00018000 07:05 6197                       /usr/lib/x86_64-linux-gnu/libgcc_s.so.1
750ab001c000-750ab001d000 rw-p 00019000 07:05 6197                       /usr/lib/x86_64-linux-gnu/libgcc_s.so.1
750ab001d000-750ab0020000 r--p 00000000 07:0d 8667                       /snap/dbeaver-ce/370/gnome-platform/usr/lib/x86_64-linux-gnu/gtk-3.0/3.0.0/immodules/im-ibus.so
750ab0020000-750ab0024000 r-xp 00003000 07:0d 8667                       /snap/dbeaver-ce/370/gnome-platform/usr/lib/x86_64-linux-gnu/gtk-3.0/3.0.0/immodules/im-ibus.so
750ab0024000-750ab0026000 r--p 00007000 07:0d 8667                       /snap/dbeaver-ce/370/gnome-platform/usr/lib/x86_64-linux-gnu/gtk-3.0/3.0.0/immodules/im-ibus.so
750ab0026000-750ab0027000 r--p 00008000 07:0d 8667                       /snap/dbeaver-ce/370/gnome-platform/usr/lib/x86_64-linux-gnu/gtk-3.0/3.0.0/immodules/im-ibus.so
750ab0027000-750ab0028000 rw-p 00009000 07:0d 8667                       /snap/dbeaver-ce/370/gnome-platform/usr/lib/x86_64-linux-gnu/gtk-3.0/3.0.0/immodules/im-ibus.so
750ab0028000-750ab002e000 r--p 00000000 fc:01 2388788                    /home/fourandhalf/snap/dbeaver-ce/370/.local/share/DBeaverData/install-data/org.jkiss.dbeaver.product/25.0.4-202505041731/org.eclipse.osgi/153/0/.cp/libswt-cairo-gtk-4968r13.so
750ab002e000-750ab0031000 r-xp 00006000 fc:01 2388788                    /home/fourandhalf/snap/dbeaver-ce/370/.local/share/DBeaverData/install-data/org.jkiss.dbeaver.product/25.0.4-202505041731/org.eclipse.osgi/153/0/.cp/libswt-cairo-gtk-4968r13.so
750ab0031000-750ab0033000 r--p 00009000 fc:01 2388788                    /home/fourandhalf/snap/dbeaver-ce/370/.local/share/DBeaverData/install-data/org.jkiss.dbeaver.product/25.0.4-202505041731/org.eclipse.osgi/153/0/.cp/libswt-cairo-gtk-4968r13.so
750ab0033000-750ab0034000 r--p 0000a000 fc:01 2388788                    /home/fourandhalf/snap/dbeaver-ce/370/.local/share/DBeaverData/install-data/org.jkiss.dbeaver.product/25.0.4-202505041731/org.eclipse.osgi/153/0/.cp/libswt-cairo-gtk-4968r13.so
750ab0034000-750ab0035000 rw-p 0000b000 fc:01 2388788                    /home/fourandhalf/snap/dbeaver-ce/370/.local/share/DBeaverData/install-data/org.jkiss.dbeaver.product/25.0.4-202505041731/org.eclipse.osgi/153/0/.cp/libswt-cairo-gtk-4968r13.so
750ab0035000-750ab0036000 r--p 00000000 07:0d 9225                       /snap/dbeaver-ce/370/gnome-platform/usr/lib/x86_64-linux-gnu/libgthread-2.0.so.0.6400.6
750ab0036000-750ab0037000 r-xp 00001000 07:0d 9225                       /snap/dbeaver-ce/370/gnome-platform/usr/lib/x86_64-linux-gnu/libgthread-2.0.so.0.6400.6
750ab0037000-750ab0038000 r--p 00002000 07:0d 9225                       /snap/dbeaver-ce/370/gnome-platform/usr/lib/x86_64-linux-gnu/libgthread-2.0.so.0.6400.6
750ab0038000-750ab0039000 r--p 00002000 07:0d 9225                       /snap/dbeaver-ce/370/gnome-platform/usr/lib/x86_64-linux-gnu/libgthread-2.0.so.0.6400.6
750ab0039000-750ab003a000 rw-p 00003000 07:0d 9225                       /snap/dbeaver-ce/370/gnome-platform/usr/lib/x86_64-linux-gnu/libgthread-2.0.so.0.6400.6
750ab003a000-750ab0079000 r--p 00000000 fc:01 2388784                    /home/fourandhalf/snap/dbeaver-ce/370/.local/share/DBeaverData/install-data/org.jkiss.dbeaver.product/25.0.4-202505041731/org.eclipse.osgi/153/0/.cp/libswt-gtk-4968r13.so
750ab0079000-750ab00a2000 r-xp 0003f000 fc:01 2388784                    /home/fourandhalf/snap/dbeaver-ce/370/.local/share/DBeaverData/install-data/org.jkiss.dbeaver.product/25.0.4-202505041731/org.eclipse.osgi/153/0/.cp/libswt-gtk-4968r13.so
750ab00a2000-750ab00c7000 r--p 00068000 fc:01 2388784                    /home/fourandhalf/snap/dbeaver-ce/370/.local/share/DBeaverData/install-data/org.jkiss.dbeaver.product/25.0.4-202505041731/org.eclipse.osgi/153/0/.cp/libswt-gtk-4968r13.so
750ab00c7000-750ab00c8000 r--p 0008c000 fc:01 2388784                    /home/fourandhalf/snap/dbeaver-ce/370/.local/share/DBeaverData/install-data/org.jkiss.dbeaver.product/25.0.4-202505041731/org.eclipse.osgi/153/0/.cp/libswt-gtk-4968r13.so
750ab00c8000-750ab00d0000 rw-p 0008d000 fc:01 2388784                    /home/fourandhalf/snap/dbeaver-ce/370/.local/share/DBeaverData/install-data/org.jkiss.dbeaver.product/25.0.4-202505041731/org.eclipse.osgi/153/0/.cp/libswt-gtk-4968r13.so
750ab00d0000-750ab00d4000 rw-p 00000000 00:00 0 
750ab00d4000-750ab00d5000 ---p 00000000 00:00 0 
750ab00d5000-750ab01d5000 rw-p 00000000 00:00 0 
750ab01d5000-750ab01d9000 ---p 00000000 00:00 0 
750ab01d9000-750ab02d6000 rw-p 00000000 00:00 0 
750ab02d6000-750ab02da000 ---p 00000000 00:00 0 
750ab02da000-750ab03d7000 rw-p 00000000 00:00 0 
750ab03d7000-750ab03db000 ---p 00000000 00:00 0 
750ab03db000-750ab04d8000 rw-p 00000000 00:00 0 
750ab04d8000-750ab04dc000 ---p 00000000 00:00 0 
750ab04dc000-750ab05d9000 rw-p 00000000 00:00 0 
750ab05d9000-750ab05dd000 ---p 00000000 00:00 0 
750ab05dd000-750ab06da000 rw-p 00000000 00:00 0 
750ab06da000-750ab06de000 ---p 00000000 00:00 0 
750ab06de000-750ab07db000 rw-p 00000000 00:00 0 
750ab07db000-750ab07df000 ---p 00000000 00:00 0 
750ab07df000-750ab08dc000 rw-p 00000000 00:00 0 
750ab08dc000-750ab08e0000 ---p 00000000 00:00 0 
750ab08e0000-750ab09dd000 rw-p 00000000 00:00 0 
750ab09dd000-750ab0a35000 r--p 00000000 fc:01 14833981                   /usr/share/fonts/opentype/fira/FiraSans-Regular.otf
750ab0a39000-750ab0a8d000 r--p 00000000 fc:01 14834119                   /usr/share/fonts/truetype/dejavu/DejaVuSansMono.ttf
750ab0a8d000-750ab0a98000 r--s 00000000 fc:01 15990821                   /var/snap/dbeaver-ce/common/fontconfig/b56b85a1-ccbd-4af6-95fa-f58d824ff5b3-le64.cache-7
750ab0a98000-750ab0a9e000 r--s 00000000 fc:01 15990849                   /var/snap/dbeaver-ce/common/fontconfig/74be3a16-43ae-4b67-8d9d-7fc332380716-le64.cache-7
750ab0a9e000-750ab0b13000 r--s 00000000 fc:01 15990847                   /var/snap/dbeaver-ce/common/fontconfig/34657b66-6be0-47e2-93de-9a5ccdd881b0-le64.cache-7
750ab0b13000-750ab0b19000 r--s 00000000 fc:01 15990845                   /var/snap/dbeaver-ce/common/fontconfig/7ed2b87a-f830-4087-8fb9-a46431287aae-le64.cache-7
750ab0b19000-750ab0b2c000 r--s 00000000 fc:01 15990843                   /var/snap/dbeaver-ce/common/fontconfig/bacc964f-0235-4778-8648-6019787e0d42-le64.cache-7
750ab0b2c000-750ab0b38000 r--s 00000000 fc:01 15990841                   /var/snap/dbeaver-ce/common/fontconfig/443b5a52-b868-464b-a190-176f5d71486b-le64.cache-7
750ab0b38000-750ab0b44000 r--s 00000000 fc:01 15990809                   /var/snap/dbeaver-ce/common/fontconfig/77992a84-5276-4983-9244-f28cb6e100a6-le64.cache-7
750ab0b44000-750ab0b52000 r--s 00000000 fc:01 15990839                   /var/snap/dbeaver-ce/common/fontconfig/98b44c13-9982-485f-b797-8297858c84ae-le64.cache-7
750ab0b52000-750ab0b77000 r--s 00000000 fc:01 15990838                   /var/snap/dbeaver-ce/common/fontconfig/2fc37890-fed5-4334-8300-95a19baf3ed6-le64.cache-7
750ab0b77000-750ab0b9f000 r--s 00000000 fc:01 15990805                   /var/snap/dbeaver-ce/common/fontconfig/39783740-1db4-4ea7-80e3-6e72cf38a2b8-le64.cache-7
750ab0bb5000-750ab0bc2000 r--p 00000000 fc:01 2372931                    /home/fourandhalf/snap/dbeaver-ce/370/.local/share/icons/Adwaita/icon-theme.cache
750ab0bc2000-750ab0bcf000 r--p 00000000 fc:01 2372931                    /home/fourandhalf/snap/dbeaver-ce/370/.local/share/icons/Adwaita/icon-theme.cache
750ab0bcf000-750ab0c2a000 r--p 00000000 fc:01 14833960                   /usr/share/fonts/opentype/fira/FiraSans-Bold.otf
750ab0c2a000-750ab0c2b000 r--p 00000000 07:05 6289                       /usr/lib/x86_64-linux-gnu/libnss_dns-2.31.so
750ab0c2b000-750ab0c2f000 r-xp 00001000 07:05 6289                       /usr/lib/x86_64-linux-gnu/libnss_dns-2.31.so
750ab0c2f000-750ab0c30000 r--p 00005000 07:05 6289                       /usr/lib/x86_64-linux-gnu/libnss_dns-2.31.so
750ab0c30000-750ab0c31000 r--p 00005000 07:05 6289                       /usr/lib/x86_64-linux-gnu/libnss_dns-2.31.so
750ab0c31000-750ab0c32000 rw-p 00006000 07:05 6289                       /usr/lib/x86_64-linux-gnu/libnss_dns-2.31.so
750ab0c32000-750ab0c33000 r--p 00000000 07:05 6295                       /usr/lib/x86_64-linux-gnu/libnss_mdns4_minimal.so.2
750ab0c33000-750ab0c35000 r-xp 00001000 07:05 6295                       /usr/lib/x86_64-linux-gnu/libnss_mdns4_minimal.so.2
750ab0c35000-750ab0c36000 r--p 00003000 07:05 6295                       /usr/lib/x86_64-linux-gnu/libnss_mdns4_minimal.so.2
750ab0c36000-750ab0c37000 r--p 00003000 07:05 6295                       /usr/lib/x86_64-linux-gnu/libnss_mdns4_minimal.so.2
750ab0c37000-750ab0c38000 rw-p 00004000 07:05 6295                       /usr/lib/x86_64-linux-gnu/libnss_mdns4_minimal.so.2
750ab0c40000-750ab0c43000 r--p 00000000 fc:01 2388806                    /home/fourandhalf/snap/dbeaver-ce/370/.local/share/DBeaverData/install-data/org.jkiss.dbeaver.product/25.0.4-202505041731/org.eclipse.osgi/153/0/.cp/libswt-atk-gtk-4968r13.so
750ab0c43000-750ab0c47000 r-xp 00003000 fc:01 2388806                    /home/fourandhalf/snap/dbeaver-ce/370/.local/share/DBeaverData/install-data/org.jkiss.dbeaver.product/25.0.4-202505041731/org.eclipse.osgi/153/0/.cp/libswt-atk-gtk-4968r13.so
750ab0c47000-750ab0c49000 r--p 00007000 fc:01 2388806                    /home/fourandhalf/snap/dbeaver-ce/370/.local/share/DBeaverData/install-data/org.jkiss.dbeaver.product/25.0.4-202505041731/org.eclipse.osgi/153/0/.cp/libswt-atk-gtk-4968r13.so
750ab0c49000-750ab0c4a000 r--p 00008000 fc:01 2388806                    /home/fourandhalf/snap/dbeaver-ce/370/.local/share/DBeaverData/install-data/org.jkiss.dbeaver.product/25.0.4-202505041731/org.eclipse.osgi/153/0/.cp/libswt-atk-gtk-4968r13.so
750ab0c4a000-750ab0c4b000 rw-p 00009000 fc:01 2388806                    /home/fourandhalf/snap/dbeaver-ce/370/.local/share/DBeaverData/install-data/org.jkiss.dbeaver.product/25.0.4-202505041731/org.eclipse.osgi/153/0/.cp/libswt-atk-gtk-4968r13.so
750ab0c4b000-750ab0c4d000 r-xp 00000000 07:0b 1770                       /snap/dbeaver-ce/370/usr/share/dbeaver-ce/jre/lib/libextnet.so
750ab0c4d000-750ab0c4e000 r--p 00001000 07:0b 1770                       /snap/dbeaver-ce/370/usr/share/dbeaver-ce/jre/lib/libextnet.so
750ab0c4e000-750ab0c4f000 rw-p 00002000 07:0b 1770                       /snap/dbeaver-ce/370/usr/share/dbeaver-ce/jre/lib/libextnet.so
750ab0c4f000-750ab0c71000 r--s 00000000 07:0d 17804                      /snap/dbeaver-ce/370/gnome-platform/usr/share/mime/mime.cache
750ab0c71000-750ab0c85000 r--p 00000000 07:0d 9511                       /snap/dbeaver-ce/370/gnome-platform/usr/lib/x86_64-linux-gnu/libvorbisenc.so.2.0.11
750ab0c85000-750ab0c88000 r-xp 00014000 07:0d 9511                       /snap/dbeaver-ce/370/gnome-platform/usr/lib/x86_64-linux-gnu/libvorbisenc.so.2.0.11
750ab0c88000-750ab0cff000 r--p 00017000 07:0d 9511                       /snap/dbeaver-ce/370/gnome-platform/usr/lib/x86_64-linux-gnu/libvorbisenc.so.2.0.11
750ab0cff000-750ab0d1b000 r--p 0008d000 07:0d 9511                       /snap/dbeaver-ce/370/gnome-platform/usr/lib/x86_64-linux-gnu/libvorbisenc.so.2.0.11
750ab0d1b000-750ab0d1c000 rw-p 000a9000 07:0d 9511                       /snap/dbeaver-ce/370/gnome-platform/usr/lib/x86_64-linux-gnu/libvorbisenc.so.2.0.11
750ab0d1c000-750ab0d24000 r--p 00000000 07:0d 8856                       /snap/dbeaver-ce/370/gnome-platform/usr/lib/x86_64-linux-gnu/libFLAC.so.8.3.0
750ab0d24000-750ab0d4d000 r-xp 00008000 07:0d 8856                       /snap/dbeaver-ce/370/gnome-platform/usr/lib/x86_64-linux-gnu/libFLAC.so.8.3.0
750ab0d4d000-750ab0d57000 r--p 00031000 07:0d 8856                       /snap/dbeaver-ce/370/gnome-platform/usr/lib/x86_64-linux-gnu/libFLAC.so.8.3.0
750ab0d57000-750ab0d58000 ---p 0003b000 07:0d 8856                       /snap/dbeaver-ce/370/gnome-platform/usr/lib/x86_64-linux-gnu/libFLAC.so.8.3.0
750ab0d58000-750ab0d59000 r--p 0003b000 07:0d 8856                       /snap/dbeaver-ce/370/gnome-platform/usr/lib/x86_64-linux-gnu/libFLAC.so.8.3.0
750ab0d59000-750ab0d5a000 rw-p 0003c000 07:0d 8856                       /snap/dbeaver-ce/370/gnome-platform/usr/lib/x86_64-linux-gnu/libFLAC.so.8.3.0
750ab0d5a000-750ab0d5e000 r--p 00000000 07:05 6285                       /usr/lib/x86_64-linux-gnu/libnsl-2.31.so
750ab0d5e000-750ab0d6e000 r-xp 00004000 07:05 6285                       /usr/lib/x86_64-linux-gnu/libnsl-2.31.so
750ab0d6e000-750ab0d73000 r--p 00014000 07:05 6285                       /usr/lib/x86_64-linux-gnu/libnsl-2.31.so
750ab0d73000-750ab0d74000 r--p 00018000 07:05 6285                       /usr/lib/x86_64-linux-gnu/libnsl-2.31.so
750ab0d74000-750ab0d75000 rw-p 00019000 07:05 6285                       /usr/lib/x86_64-linux-gnu/libnsl-2.31.so
750ab0d75000-750ab0d77000 rw-p 00000000 00:00 0 
750ab0d77000-750ab0d7a000 r--p 00000000 07:05 6133                       /usr/lib/x86_64-linux-gnu/libapparmor.so.1.6.1
750ab0d7a000-750ab0d83000 r-xp 00003000 07:05 6133                       /usr/lib/x86_64-linux-gnu/libapparmor.so.1.6.1
750ab0d83000-750ab0d8a000 r--p 0000c000 07:05 6133                       /usr/lib/x86_64-linux-gnu/libapparmor.so.1.6.1
750ab0d8a000-750ab0d8b000 r--p 00012000 07:05 6133                       /usr/lib/x86_64-linux-gnu/libapparmor.so.1.6.1
750ab0d8b000-750ab0d8c000 rw-p 00013000 07:05 6133                       /usr/lib/x86_64-linux-gnu/libapparmor.so.1.6.1
750ab0d8c000-750ab0d8d000 r-xp 00000000 07:0b 1775                       /snap/dbeaver-ce/370/usr/share/dbeaver-ce/jre/lib/libjaas.so
750ab0d8d000-750ab0d8e000 ---p 00001000 07:0b 1775                       /snap/dbeaver-ce/370/usr/share/dbeaver-ce/jre/lib/libjaas.so
750ab0d8e000-750ab0d8f000 r--p 00001000 07:0b 1775                       /snap/dbeaver-ce/370/usr/share/dbeaver-ce/jre/lib/libjaas.so
750ab0d8f000-750ab0d90000 rw-p 00002000 07:0b 1775                       /snap/dbeaver-ce/370/usr/share/dbeaver-ce/jre/lib/libjaas.so
750ab0d90000-750ab0d97000 r--s 00000000 fc:01 15990844                   /var/snap/dbeaver-ce/common/fontconfig/95964d48-6269-4754-af9d-b9b83eda526e-le64.cache-7
750ab0d97000-750ab0d9b000 r--s 00000000 fc:01 280973                     /home/fourandhalf/snap/dbeaver-ce/common/.cache/fontconfig/baa704bd-7969-42b3-85bc-1abaf3a2d11e-le64.cache-7
750ab0d9b000-750ab0d9d000 r--p 00000000 07:0d 8448                       /snap/dbeaver-ce/370/gnome-platform/usr/lib/x86_64-linux-gnu/gdk-pixbuf-2.0/2.10.0/loaders/libpixbufloader-png.so
750ab0d9d000-750ab0da0000 r-xp 00002000 07:0d 8448                       /snap/dbeaver-ce/370/gnome-platform/usr/lib/x86_64-linux-gnu/gdk-pixbuf-2.0/2.10.0/loaders/libpixbufloader-png.so
750ab0da0000-750ab0da1000 r--p 00005000 07:0d 8448                       /snap/dbeaver-ce/370/gnome-platform/usr/lib/x86_64-linux-gnu/gdk-pixbuf-2.0/2.10.0/loaders/libpixbufloader-png.so
750ab0da1000-750ab0da2000 r--p 00005000 07:0d 8448                       /snap/dbeaver-ce/370/gnome-platform/usr/lib/x86_64-linux-gnu/gdk-pixbuf-2.0/2.10.0/loaders/libpixbufloader-png.so
750ab0da2000-750ab0da3000 rw-p 00006000 07:0d 8448                       /snap/dbeaver-ce/370/gnome-platform/usr/lib/x86_64-linux-gnu/gdk-pixbuf-2.0/2.10.0/loaders/libpixbufloader-png.so
750ab0da3000-750ab0da8000 r-xp 00000000 07:0d 8953                       /snap/dbeaver-ce/370/gnome-platform/usr/lib/x86_64-linux-gnu/libasyncns.so.0.3.1
750ab0da8000-750ab0fa7000 ---p 00005000 07:0d 8953                       /snap/dbeaver-ce/370/gnome-platform/usr/lib/x86_64-linux-gnu/libasyncns.so.0.3.1
750ab0fa7000-750ab0fa8000 r--p 00004000 07:0d 8953                       /snap/dbeaver-ce/370/gnome-platform/usr/lib/x86_64-linux-gnu/libasyncns.so.0.3.1
750ab0fa8000-750ab0fa9000 rw-p 00005000 07:0d 8953                       /snap/dbeaver-ce/370/gnome-platform/usr/lib/x86_64-linux-gnu/libasyncns.so.0.3.1
750ab0fa9000-750ab0fb0000 r--p 00000000 07:0d 9460                       /snap/dbeaver-ce/370/gnome-platform/usr/lib/x86_64-linux-gnu/libsndfile.so.1.0.28
750ab0fb0000-750ab1003000 r-xp 00007000 07:0d 9460                       /snap/dbeaver-ce/370/gnome-platform/usr/lib/x86_64-linux-gnu/libsndfile.so.1.0.28
750ab1003000-750ab1020000 r--p 0005a000 07:0d 9460                       /snap/dbeaver-ce/370/gnome-platform/usr/lib/x86_64-linux-gnu/libsndfile.so.1.0.28
750ab1020000-750ab1021000 ---p 00077000 07:0d 9460                       /snap/dbeaver-ce/370/gnome-platform/usr/lib/x86_64-linux-gnu/libsndfile.so.1.0.28
750ab1021000-750ab1024000 r--p 00077000 07:0d 9460                       /snap/dbeaver-ce/370/gnome-platform/usr/lib/x86_64-linux-gnu/libsndfile.so.1.0.28
750ab1024000-750ab1025000 rw-p 0007a000 07:0d 9460                       /snap/dbeaver-ce/370/gnome-platform/usr/lib/x86_64-linux-gnu/libsndfile.so.1.0.28
750ab1025000-750ab1027000 rw-p 00000000 00:00 0 
750ab1027000-750ab102a000 r--p 00000000 07:0d 9531                       /snap/dbeaver-ce/370/gnome-platform/usr/lib/x86_64-linux-gnu/libwrap.so.0.7.6
750ab102a000-750ab102f000 r-xp 00003000 07:0d 9531                       /snap/dbeaver-ce/370/gnome-platform/usr/lib/x86_64-linux-gnu/libwrap.so.0.7.6
750ab102f000-750ab1031000 r--p 00008000 07:0d 9531                       /snap/dbeaver-ce/370/gnome-platform/usr/lib/x86_64-linux-gnu/libwrap.so.0.7.6
750ab1031000-750ab1032000 r--p 00009000 07:0d 9531                       /snap/dbeaver-ce/370/gnome-platform/usr/lib/x86_64-linux-gnu/libwrap.so.0.7.6
750ab1032000-750ab1033000 rw-p 0000a000 07:0d 9531                       /snap/dbeaver-ce/370/gnome-platform/usr/lib/x86_64-linux-gnu/libwrap.so.0.7.6
750ab1033000-750ab1044000 r--p 00000000 07:0d 10008                      /snap/dbeaver-ce/370/gnome-platform/usr/lib/x86_64-linux-gnu/pulseaudio/libpulsecommon-13.99.so
750ab1044000-750ab108c000 r-xp 00011000 07:0d 10008                      /snap/dbeaver-ce/370/gnome-platform/usr/lib/x86_64-linux-gnu/pulseaudio/libpulsecommon-13.99.so
750ab108c000-750ab10b1000 r--p 00059000 07:0d 10008                      /snap/dbeaver-ce/370/gnome-platform/usr/lib/x86_64-linux-gnu/pulseaudio/libpulsecommon-13.99.so
750ab10b1000-750ab10b2000 ---p 0007e000 07:0d 10008                      /snap/dbeaver-ce/370/gnome-platform/usr/lib/x86_64-linux-gnu/pulseaudio/libpulsecommon-13.99.so
750ab10b2000-750ab10b4000 r--p 0007e000 07:0d 10008                      /snap/dbeaver-ce/370/gnome-platform/usr/lib/x86_64-linux-gnu/pulseaudio/libpulsecommon-13.99.so
750ab10b4000-750ab10b5000 rw-p 00080000 07:0d 10008                      /snap/dbeaver-ce/370/gnome-platform/usr/lib/x86_64-linux-gnu/pulseaudio/libpulsecommon-13.99.so
750ab10b5000-750ab10b7000 r--p 00000000 07:0d 9346                       /snap/dbeaver-ce/370/gnome-platform/usr/lib/x86_64-linux-gnu/libogg.so.0.8.4
750ab10b7000-750ab10bc000 r-xp 00002000 07:0d 9346                       /snap/dbeaver-ce/370/gnome-platform/usr/lib/x86_64-linux-gnu/libogg.so.0.8.4
750ab10bc000-750ab10bf000 r--p 00007000 07:0d 9346                       /snap/dbeaver-ce/370/gnome-platform/usr/lib/x86_64-linux-gnu/libogg.so.0.8.4
750ab10bf000-750ab10c0000 ---p 0000a000 07:0d 9346                       /snap/dbeaver-ce/370/gnome-platform/usr/lib/x86_64-linux-gnu/libogg.so.0.8.4
750ab10c0000-750ab10c1000 r--p 0000a000 07:0d 9346                       /snap/dbeaver-ce/370/gnome-platform/usr/lib/x86_64-linux-gnu/libogg.so.0.8.4
750ab10c1000-750ab10c2000 rw-p 0000b000 07:0d 9346                       /snap/dbeaver-ce/370/gnome-platform/usr/lib/x86_64-linux-gnu/libogg.so.0.8.4
750ab10c2000-750ab10c5000 r--p 00000000 07:0d 9509                       /snap/dbeaver-ce/370/gnome-platform/usr/lib/x86_64-linux-gnu/libvorbis.so.0.4.8
750ab10c5000-750ab10dc000 r-xp 00003000 07:0d 9509                       /snap/dbeaver-ce/370/gnome-platform/usr/lib/x86_64-linux-gnu/libvorbis.so.0.4.8
750ab10dc000-750ab10ed000 r--p 0001a000 07:0d 9509                       /snap/dbeaver-ce/370/gnome-platform/usr/lib/x86_64-linux-gnu/libvorbis.so.0.4.8
750ab10ed000-750ab10ee000 ---p 0002b000 07:0d 9509                       /snap/dbeaver-ce/370/gnome-platform/usr/lib/x86_64-linux-gnu/libvorbis.so.0.4.8
750ab10ee000-750ab10ef000 r--p 0002b000 07:0d 9509                       /snap/dbeaver-ce/370/gnome-platform/usr/lib/x86_64-linux-gnu/libvorbis.so.0.4.8
750ab10ef000-750ab10f0000 rw-p 0002c000 07:0d 9509                       /snap/dbeaver-ce/370/gnome-platform/usr/lib/x86_64-linux-gnu/libvorbis.so.0.4.8
750ab10f0000-750ab10fc000 r--p 00000000 07:0d 9439                       /snap/dbeaver-ce/370/gnome-platform/usr/lib/x86_64-linux-gnu/libpulse.so.0.21.2
750ab10fc000-750ab112c000 r-xp 0000c000 07:0d 9439                       /snap/dbeaver-ce/370/gnome-platform/usr/lib/x86_64-linux-gnu/libpulse.so.0.21.2
750ab112c000-750ab1142000 r--p 0003c000 07:0d 9439                       /snap/dbeaver-ce/370/gnome-platform/usr/lib/x86_64-linux-gnu/libpulse.so.0.21.2
750ab1142000-750ab1144000 r--p 00051000 07:0d 9439                       /snap/dbeaver-ce/370/gnome-platform/usr/lib/x86_64-linux-gnu/libpulse.so.0.21.2
750ab1144000-750ab1145000 rw-p 00053000 07:0d 9439                       /snap/dbeaver-ce/370/gnome-platform/usr/lib/x86_64-linux-gnu/libpulse.so.0.21.2
750ab1145000-750ab1149000 r--p 00000000 07:0d 9478                       /snap/dbeaver-ce/370/gnome-platform/usr/lib/x86_64-linux-gnu/libtdb.so.1.4.5
750ab1149000-750ab1157000 r-xp 00004000 07:0d 9478                       /snap/dbeaver-ce/370/gnome-platform/usr/lib/x86_64-linux-gnu/libtdb.so.1.4.5
750ab1157000-750ab115d000 r--p 00012000 07:0d 9478                       /snap/dbeaver-ce/370/gnome-platform/usr/lib/x86_64-linux-gnu/libtdb.so.1.4.5
750ab115d000-750ab115e000 r--p 00017000 07:0d 9478                       /snap/dbeaver-ce/370/gnome-platform/usr/lib/x86_64-linux-gnu/libtdb.so.1.4.5
750ab115e000-750ab115f000 rw-p 00018000 07:0d 9478                       /snap/dbeaver-ce/370/gnome-platform/usr/lib/x86_64-linux-gnu/libtdb.so.1.4.5
750ab115f000-750ab1163000 r--p 00000000 07:0d 787                        /snap/dbeaver-ce/370/gnome-platform/usr/lib/libcanberra.so.0.2.5
750ab1163000-750ab1174000 r-xp 00004000 07:0d 787                        /snap/dbeaver-ce/370/gnome-platform/usr/lib/libcanberra.so.0.2.5
750ab1174000-750ab1178000 r--p 00015000 07:0d 787                        /snap/dbeaver-ce/370/gnome-platform/usr/lib/libcanberra.so.0.2.5
750ab1178000-750ab1179000 r--p 00018000 07:0d 787                        /snap/dbeaver-ce/370/gnome-platform/usr/lib/libcanberra.so.0.2.5
750ab1179000-750ab117a000 rw-p 00019000 07:0d 787                        /snap/dbeaver-ce/370/gnome-platform/usr/lib/libcanberra.so.0.2.5
750ab1194000-750ab1196000 r--p 00000000 07:0d 8444                       /snap/dbeaver-ce/370/gnome-platform/usr/lib/x86_64-linux-gnu/gdk-pixbuf-2.0/2.10.0/loaders/libpixbufloader-gif.so
750ab1196000-750ab119a000 r-xp 00002000 07:0d 8444                       /snap/dbeaver-ce/370/gnome-platform/usr/lib/x86_64-linux-gnu/gdk-pixbuf-2.0/2.10.0/loaders/libpixbufloader-gif.so
750ab119a000-750ab119b000 r--p 00006000 07:0d 8444                       /snap/dbeaver-ce/370/gnome-platform/usr/lib/x86_64-linux-gnu/gdk-pixbuf-2.0/2.10.0/loaders/libpixbufloader-gif.so
750ab119b000-750ab119c000 r--p 00006000 07:0d 8444                       /snap/dbeaver-ce/370/gnome-platform/usr/lib/x86_64-linux-gnu/gdk-pixbuf-2.0/2.10.0/loaders/libpixbufloader-gif.so
750ab119c000-750ab119d000 rw-p 00007000 07:0d 8444                       /snap/dbeaver-ce/370/gnome-platform/usr/lib/x86_64-linux-gnu/gdk-pixbuf-2.0/2.10.0/loaders/libpixbufloader-gif.so
750ab119d000-750ab11a2000 r-xp 00000000 07:0b 1785                       /snap/dbeaver-ce/370/usr/share/dbeaver-ce/jre/lib/libmanagement_ext.so
750ab11a2000-750ab11a3000 ---p 00005000 07:0b 1785                       /snap/dbeaver-ce/370/usr/share/dbeaver-ce/jre/lib/libmanagement_ext.so
750ab11a3000-750ab11a4000 r--p 00005000 07:0b 1785                       /snap/dbeaver-ce/370/usr/share/dbeaver-ce/jre/lib/libmanagement_ext.so
750ab11a4000-750ab11a5000 rw-p 00006000 07:0b 1785                       /snap/dbeaver-ce/370/usr/share/dbeaver-ce/jre/lib/libmanagement_ext.so
750ab11a5000-750ab11a9000 r-xp 00000000 07:0b 1784                       /snap/dbeaver-ce/370/usr/share/dbeaver-ce/jre/lib/libmanagement.so
750ab11a9000-750ab11aa000 r--p 00003000 07:0b 1784                       /snap/dbeaver-ce/370/usr/share/dbeaver-ce/jre/lib/libmanagement.so
750ab11aa000-750ab11ab000 rw-p 00004000 07:0b 1784                       /snap/dbeaver-ce/370/usr/share/dbeaver-ce/jre/lib/libmanagement.so
750ab11ab000-750ab11ac000 r--p 00000000 07:0d 8451                       /snap/dbeaver-ce/370/gnome-platform/usr/lib/x86_64-linux-gnu/gdk-pixbuf-2.0/2.10.0/loaders/libpixbufloader-svg.so
750ab11ac000-750ab11ad000 r-xp 00001000 07:0d 8451                       /snap/dbeaver-ce/370/gnome-platform/usr/lib/x86_64-linux-gnu/gdk-pixbuf-2.0/2.10.0/loaders/libpixbufloader-svg.so
750ab11ad000-750ab11ae000 r--p 00002000 07:0d 8451                       /snap/dbeaver-ce/370/gnome-platform/usr/lib/x86_64-linux-gnu/gdk-pixbuf-2.0/2.10.0/loaders/libpixbufloader-svg.so
750ab11ae000-750ab11af000 r--p 00002000 07:0d 8451                       /snap/dbeaver-ce/370/gnome-platform/usr/lib/x86_64-linux-gnu/gdk-pixbuf-2.0/2.10.0/loaders/libpixbufloader-svg.so
750ab11af000-750ab11b0000 rw-p 00003000 07:0d 8451                       /snap/dbeaver-ce/370/gnome-platform/usr/lib/x86_64-linux-gnu/gdk-pixbuf-2.0/2.10.0/loaders/libpixbufloader-svg.so
750ab11b0000-750ab11b2000 r--p 00000000 07:0d 9513                       /snap/dbeaver-ce/370/gnome-platform/usr/lib/x86_64-linux-gnu/libvorbisfile.so.3.3.7
750ab11b2000-750ab11b7000 r-xp 00002000 07:0d 9513                       /snap/dbeaver-ce/370/gnome-platform/usr/lib/x86_64-linux-gnu/libvorbisfile.so.3.3.7
750ab11b7000-750ab11b8000 r--p 00007000 07:0d 9513                       /snap/dbeaver-ce/370/gnome-platform/usr/lib/x86_64-linux-gnu/libvorbisfile.so.3.3.7
750ab11b8000-750ab11b9000 ---p 00008000 07:0d 9513                       /snap/dbeaver-ce/370/gnome-platform/usr/lib/x86_64-linux-gnu/libvorbisfile.so.3.3.7
750ab11b9000-750ab11ba000 r--p 00008000 07:0d 9513                       /snap/dbeaver-ce/370/gnome-platform/usr/lib/x86_64-linux-gnu/libvorbisfile.so.3.3.7
750ab11ba000-750ab11bb000 rw-p 00009000 07:0d 9513                       /snap/dbeaver-ce/370/gnome-platform/usr/lib/x86_64-linux-gnu/libvorbisfile.so.3.3.7
750ab11bb000-750ab11bf000 r--p 00000000 07:05 6213                       /usr/lib/x86_64-linux-gnu/libgpg-error.so.0.28.0
750ab11bf000-750ab11d2000 r-xp 00004000 07:05 6213                       /usr/lib/x86_64-linux-gnu/libgpg-error.so.0.28.0
750ab11d2000-750ab11dc000 r--p 00017000 07:05 6213                       /usr/lib/x86_64-linux-gnu/libgpg-error.so.0.28.0
750ab11dc000-750ab11dd000 r--p 00020000 07:05 6213                       /usr/lib/x86_64-linux-gnu/libgpg-error.so.0.28.0
750ab11dd000-750ab11de000 rw-p 00021000 07:05 6213                       /usr/lib/x86_64-linux-gnu/libgpg-error.so.0.28.0
750ab11de000-750ab11ea000 r--p 00000000 07:0d 9104                       /snap/dbeaver-ce/370/gnome-platform/usr/lib/x86_64-linux-gnu/libgcrypt.so.20.2.5
750ab11ea000-750ab12b8000 r-xp 0000c000 07:0d 9104                       /snap/dbeaver-ce/370/gnome-platform/usr/lib/x86_64-linux-gnu/libgcrypt.so.20.2.5
750ab12b8000-750ab12f5000 r--p 000da000 07:0d 9104                       /snap/dbeaver-ce/370/gnome-platform/usr/lib/x86_64-linux-gnu/libgcrypt.so.20.2.5
750ab12f5000-750ab12f7000 r--p 00116000 07:0d 9104                       /snap/dbeaver-ce/370/gnome-platform/usr/lib/x86_64-linux-gnu/libgcrypt.so.20.2.5
750ab12f7000-750ab12fc000 rw-p 00118000 07:0d 9104                       /snap/dbeaver-ce/370/gnome-platform/usr/lib/x86_64-linux-gnu/libgcrypt.so.20.2.5
750ab12fc000-750ab12fe000 r--p 00000000 07:05 6244                       /usr/lib/x86_64-linux-gnu/liblz4.so.1.9.2
750ab12fe000-750ab1318000 r-xp 00002000 07:05 6244                       /usr/lib/x86_64-linux-gnu/liblz4.so.1.9.2
750ab1318000-750ab131b000 r--p 0001c000 07:05 6244                       /usr/lib/x86_64-linux-gnu/liblz4.so.1.9.2
750ab131b000-750ab131c000 r--p 0001e000 07:05 6244                       /usr/lib/x86_64-linux-gnu/liblz4.so.1.9.2
750ab131c000-750ab131d000 rw-p 0001f000 07:05 6244                       /usr/lib/x86_64-linux-gnu/liblz4.so.1.9.2
750ab131d000-750ab1320000 r--p 00000000 07:05 6246                       /usr/lib/x86_64-linux-gnu/liblzma.so.5.2.4
750ab1320000-750ab1338000 r-xp 00003000 07:05 6246                       /usr/lib/x86_64-linux-gnu/liblzma.so.5.2.4
750ab1338000-750ab1343000 r--p 0001b000 07:05 6246                       /usr/lib/x86_64-linux-gnu/liblzma.so.5.2.4
750ab1343000-750ab1344000 ---p 00026000 07:05 6246                       /usr/lib/x86_64-linux-gnu/liblzma.so.5.2.4
750ab1344000-750ab1345000 r--p 00026000 07:05 6246                       /usr/lib/x86_64-linux-gnu/liblzma.so.5.2.4
750ab1345000-750ab1346000 rw-p 00027000 07:05 6246                       /usr/lib/x86_64-linux-gnu/liblzma.so.5.2.4
750ab1346000-750ab1356000 r--p 00000000 07:05 6356                       /usr/lib/x86_64-linux-gnu/libsystemd.so.0.28.0
750ab1356000-750ab13cb000 r-xp 00010000 07:05 6356                       /usr/lib/x86_64-linux-gnu/libsystemd.so.0.28.0
750ab13cb000-750ab13f0000 r--p 00085000 07:05 6356                       /usr/lib/x86_64-linux-gnu/libsystemd.so.0.28.0
750ab13f0000-750ab13f3000 r--p 000a9000 07:05 6356                       /usr/lib/x86_64-linux-gnu/libsystemd.so.0.28.0
750ab13f3000-750ab13f4000 rw-p 000ac000 07:05 6356                       /usr/lib/x86_64-linux-gnu/libsystemd.so.0.28.0
750ab13f4000-750ab13f5000 rw-p 00000000 00:00 0 
750ab13f5000-750ab1404000 r--p 00000000 07:0b 490                        /snap/dbeaver-ce/370/usr/lib/x86_64-linux-gnu/libatspi.so.0.0.1
750ab1404000-750ab141a000 r-xp 0000f000 07:0b 490                        /snap/dbeaver-ce/370/usr/lib/x86_64-linux-gnu/libatspi.so.0.0.1
750ab141a000-750ab1427000 r--p 00025000 07:0b 490                        /snap/dbeaver-ce/370/usr/lib/x86_64-linux-gnu/libatspi.so.0.0.1
750ab1427000-750ab1428000 ---p 00032000 07:0b 490                        /snap/dbeaver-ce/370/usr/lib/x86_64-linux-gnu/libatspi.so.0.0.1
750ab1428000-750ab142b000 r--p 00032000 07:0b 490                        /snap/dbeaver-ce/370/usr/lib/x86_64-linux-gnu/libatspi.so.0.0.1
750ab142b000-750ab142c000 rw-p 00035000 07:0b 490                        /snap/dbeaver-ce/370/usr/lib/x86_64-linux-gnu/libatspi.so.0.0.1
750ab142c000-750ab1437000 r--p 00000000 07:05 6167                       /usr/lib/x86_64-linux-gnu/libdbus-1.so.3.19.11
750ab1437000-750ab1465000 r-xp 0000b000 07:05 6167                       /usr/lib/x86_64-linux-gnu/libdbus-1.so.3.19.11
750ab1465000-750ab147a000 r--p 00039000 07:05 6167                       /usr/lib/x86_64-linux-gnu/libdbus-1.so.3.19.11
750ab147a000-750ab147b000 ---p 0004e000 07:05 6167                       /usr/lib/x86_64-linux-gnu/libdbus-1.so.3.19.11
750ab147b000-750ab147c000 r--p 0004e000 07:05 6167                       /usr/lib/x86_64-linux-gnu/libdbus-1.so.3.19.11
750ab147c000-750ab147d000 rw-p 0004f000 07:05 6167                       /usr/lib/x86_64-linux-gnu/libdbus-1.so.3.19.11
750ab147d000-750ab1489000 r--p 00000000 07:0b 486                        /snap/dbeaver-ce/370/usr/lib/x86_64-linux-gnu/libatk-bridge-2.0.so.0.0.0
750ab1489000-750ab14a2000 r-xp 0000c000 07:0b 486                        /snap/dbeaver-ce/370/usr/lib/x86_64-linux-gnu/libatk-bridge-2.0.so.0.0.0
750ab14a2000-750ab14b0000 r--p 00025000 07:0b 486                        /snap/dbeaver-ce/370/usr/lib/x86_64-linux-gnu/libatk-bridge-2.0.so.0.0.0
750ab14b0000-750ab14b1000 ---p 00033000 07:0b 486                        /snap/dbeaver-ce/370/usr/lib/x86_64-linux-gnu/libatk-bridge-2.0.so.0.0.0
750ab14b1000-750ab14b2000 r--p 00033000 07:0b 486                        /snap/dbeaver-ce/370/usr/lib/x86_64-linux-gnu/libatk-bridge-2.0.so.0.0.0
750ab14b2000-750ab14b3000 rw-p 00034000 07:0b 486                        /snap/dbeaver-ce/370/usr/lib/x86_64-linux-gnu/libatk-bridge-2.0.so.0.0.0
750ab14b3000-750ab14b4000 rw-p 00000000 00:00 0 
750ab14b4000-750ab14bf000 r--p 00000000 07:0b 484                        /snap/dbeaver-ce/370/usr/lib/x86_64-linux-gnu/libatk-1.0.so.0.23510.1
750ab14bf000-750ab14ce000 r-xp 0000b000 07:0b 484                        /snap/dbeaver-ce/370/usr/lib/x86_64-linux-gnu/libatk-1.0.so.0.23510.1
750ab14ce000-750ab14da000 r--p 0001a000 07:0b 484                        /snap/dbeaver-ce/370/usr/lib/x86_64-linux-gnu/libatk-1.0.so.0.23510.1
750ab14da000-750ab14dd000 r--p 00025000 07:0b 484                        /snap/dbeaver-ce/370/usr/lib/x86_64-linux-gnu/libatk-1.0.so.0.23510.1
750ab14dd000-750ab14de000 rw-p 00028000 07:0b 484                        /snap/dbeaver-ce/370/usr/lib/x86_64-linux-gnu/libatk-1.0.so.0.23510.1
750ab14de000-750ab1563000 r--p 00000000 07:0b 594                        /snap/dbeaver-ce/370/usr/lib/x86_64-linux-gnu/libgtk-3.so.0.2404.16
750ab1563000-750ab18d2000 r-xp 00085000 07:0b 594                        /snap/dbeaver-ce/370/usr/lib/x86_64-linux-gnu/libgtk-3.so.0.2404.16
750ab18d2000-750ab1c76000 r--p 003f4000 07:0b 594                        /snap/dbeaver-ce/370/usr/lib/x86_64-linux-gnu/libgtk-3.so.0.2404.16
750ab1c76000-750ab1c87000 r--p 00797000 07:0b 594                        /snap/dbeaver-ce/370/usr/lib/x86_64-linux-gnu/libgtk-3.so.0.2404.16
750ab1c87000-750ab1c89000 rw-p 007a8000 07:0b 594                        /snap/dbeaver-ce/370/usr/lib/x86_64-linux-gnu/libgtk-3.so.0.2404.16
750ab1c89000-750ab1c8f000 rw-p 00000000 00:00 0 
750ab1c8f000-750ab1c93000 r--p 00000000 07:05 6144                       /usr/lib/x86_64-linux-gnu/libbsd.so.0.10.0
750ab1c93000-750ab1ca2000 r-xp 00004000 07:05 6144                       /usr/lib/x86_64-linux-gnu/libbsd.so.0.10.0
750ab1ca2000-750ab1ca5000 r--p 00013000 07:05 6144                       /usr/lib/x86_64-linux-gnu/libbsd.so.0.10.0
750ab1ca5000-750ab1ca6000 ---p 00016000 07:05 6144                       /usr/lib/x86_64-linux-gnu/libbsd.so.0.10.0
750ab1ca6000-750ab1ca7000 r--p 00016000 07:05 6144                       /usr/lib/x86_64-linux-gnu/libbsd.so.0.10.0
750ab1ca7000-750ab1ca8000 rw-p 00017000 07:05 6144                       /usr/lib/x86_64-linux-gnu/libbsd.so.0.10.0
750ab1ca8000-750ab1ca9000 rw-p 00000000 00:00 0 
750ab1ca9000-750ab1cab000 r--p 00000000 07:0d 9389                       /snap/dbeaver-ce/370/gnome-platform/usr/lib/x86_64-linux-gnu/libpcre2-8.so.0.9.0
750ab1cab000-750ab1d10000 r-xp 00002000 07:0d 9389                       /snap/dbeaver-ce/370/gnome-platform/usr/lib/x86_64-linux-gnu/libpcre2-8.so.0.9.0
750ab1d10000-750ab1d38000 r--p 00067000 07:0d 9389                       /snap/dbeaver-ce/370/gnome-platform/usr/lib/x86_64-linux-gnu/libpcre2-8.so.0.9.0
750ab1d38000-750ab1d39000 r--p 0008e000 07:0d 9389                       /snap/dbeaver-ce/370/gnome-platform/usr/lib/x86_64-linux-gnu/libpcre2-8.so.0.9.0
750ab1d39000-750ab1d3a000 rw-p 0008f000 07:0d 9389                       /snap/dbeaver-ce/370/gnome-platform/usr/lib/x86_64-linux-gnu/libpcre2-8.so.0.9.0
750ab1d3a000-750ab1d44000 r--p 00000000 07:05 6142                       /usr/lib/x86_64-linux-gnu/libblkid.so.1.1.0
750ab1d44000-750ab1d7a000 r-xp 0000a000 07:05 6142                       /usr/lib/x86_64-linux-gnu/libblkid.so.1.1.0
750ab1d7a000-750ab1d8a000 r--p 00040000 07:05 6142                       /usr/lib/x86_64-linux-gnu/libblkid.so.1.1.0
750ab1d8a000-750ab1d8b000 ---p 00050000 07:05 6142                       /usr/lib/x86_64-linux-gnu/libblkid.so.1.1.0
750ab1d8b000-750ab1d90000 r--p 00050000 07:05 6142                       /usr/lib/x86_64-linux-gnu/libblkid.so.1.1.0
750ab1d90000-750ab1d91000 rw-p 00055000 07:05 6142                       /usr/lib/x86_64-linux-gnu/libblkid.so.1.1.0
750ab1d91000-750ab1d94000 r--p 00000000 07:0b 554                        /snap/dbeaver-ce/370/usr/lib/x86_64-linux-gnu/libgraphite2.so.3.2.1
750ab1d94000-750ab1db6000 r-xp 00003000 07:0b 554                        /snap/dbeaver-ce/370/usr/lib/x86_64-linux-gnu/libgraphite2.so.3.2.1
750ab1db6000-750ab1dbb000 r--p 00025000 07:0b 554                        /snap/dbeaver-ce/370/usr/lib/x86_64-linux-gnu/libgraphite2.so.3.2.1
750ab1dbb000-750ab1dbd000 r--p 00029000 07:0b 554                        /snap/dbeaver-ce/370/usr/lib/x86_64-linux-gnu/libgraphite2.so.3.2.1
750ab1dbd000-750ab1dbe000 rw-p 0002b000 07:0b 554                        /snap/dbeaver-ce/370/usr/lib/x86_64-linux-gnu/libgraphite2.so.3.2.1
750ab1dbe000-750ab1dc3000 r--p 00000000 07:0b 662                        /snap/dbeaver-ce/370/usr/lib/x86_64-linux-gnu/libpng16.so.16.37.0
750ab1dc3000-750ab1de8000 r-xp 00005000 07:0b 662                        /snap/dbeaver-ce/370/usr/lib/x86_64-linux-gnu/libpng16.so.16.37.0
750ab1de8000-750ab1df4000 r--p 0002a000 07:0b 662                        /snap/dbeaver-ce/370/usr/lib/x86_64-linux-gnu/libpng16.so.16.37.0
750ab1df4000-750ab1df5000 r--p 00035000 07:0b 662                        /snap/dbeaver-ce/370/usr/lib/x86_64-linux-gnu/libpng16.so.16.37.0
750ab1df5000-750ab1df6000 rw-p 00036000 07:0b 662                        /snap/dbeaver-ce/370/usr/lib/x86_64-linux-gnu/libpng16.so.16.37.0
750ab1df6000-750ab1dff000 r-xp 00000000 07:0b 474                        /snap/dbeaver-ce/370/usr/lib/x86_64-linux-gnu/libXrender.so.1.3.0
750ab1dff000-750ab1ffe000 ---p 00009000 07:0b 474                        /snap/dbeaver-ce/370/usr/lib/x86_64-linux-gnu/libXrender.so.1.3.0
750ab1ffe000-750ab1fff000 r--p 00008000 07:0b 474                        /snap/dbeaver-ce/370/usr/lib/x86_64-linux-gnu/libXrender.so.1.3.0
750ab1fff000-750ab2000000 rw-p 00009000 07:0b 474                        /snap/dbeaver-ce/370/usr/lib/x86_64-linux-gnu/libXrender.so.1.3.0
750ab2000000-750ab4000000 rw-p 00000000 00:00 0 
750ab4000000-750ab4021000 rw-p 00000000 00:00 0 
750ab4021000-750ab8000000 ---p 00000000 00:00 0 
750ab8000000-750ab803d000 rw-p 00000000 00:00 0 
750ab803d000-750abc000000 ---p 00000000 00:00 0 
750abc000000-750abc024000 rw-p 00000000 00:00 0 
750abc024000-750ac0000000 ---p 00000000 00:00 0 
750ac0000000-750ac0002000 r--s 00000000 fc:01 15990818                   /var/snap/dbeaver-ce/common/fontconfig/db3effa1-7b1c-4bdd-b2c0-53b09db797d6-le64.cache-7
750ac0002000-750ac0004000 r--p 00000000 07:0b 462                        /snap/dbeaver-ce/370/usr/lib/x86_64-linux-gnu/libXdmcp.so.6.0.0
750ac0004000-750ac0006000 r-xp 00002000 07:0b 462                        /snap/dbeaver-ce/370/usr/lib/x86_64-linux-gnu/libXdmcp.so.6.0.0
750ac0006000-750ac0008000 r--p 00004000 07:0b 462                        /snap/dbeaver-ce/370/usr/lib/x86_64-linux-gnu/libXdmcp.so.6.0.0
750ac0008000-750ac0009000 r--p 00005000 07:0b 462                        /snap/dbeaver-ce/370/usr/lib/x86_64-linux-gnu/libXdmcp.so.6.0.0
750ac0009000-750ac000a000 rw-p 00006000 07:0b 462                        /snap/dbeaver-ce/370/usr/lib/x86_64-linux-gnu/libXdmcp.so.6.0.0
750ac000a000-750ac000b000 r--p 00000000 07:0b 454                        /snap/dbeaver-ce/370/usr/lib/x86_64-linux-gnu/libXau.so.6.0.0
750ac000b000-750ac000d000 r-xp 00001000 07:0b 454                        /snap/dbeaver-ce/370/usr/lib/x86_64-linux-gnu/libXau.so.6.0.0
750ac000d000-750ac000e000 r--p 00003000 07:0b 454                        /snap/dbeaver-ce/370/usr/lib/x86_64-linux-gnu/libXau.so.6.0.0
750ac000e000-750ac000f000 r--p 00003000 07:0b 454                        /snap/dbeaver-ce/370/usr/lib/x86_64-linux-gnu/libXau.so.6.0.0
750ac000f000-750ac0010000 rw-p 00004000 07:0b 454                        /snap/dbeaver-ce/370/usr/lib/x86_64-linux-gnu/libXau.so.6.0.0
750ac0010000-750ac0012000 r--p 00000000 07:0b 513                        /snap/dbeaver-ce/370/usr/lib/x86_64-linux-gnu/libdatrie.so.1.3.5
750ac0012000-750ac0016000 r-xp 00002000 07:0b 513                        /snap/dbeaver-ce/370/usr/lib/x86_64-linux-gnu/libdatrie.so.1.3.5
750ac0016000-750ac0018000 r--p 00006000 07:0b 513                        /snap/dbeaver-ce/370/usr/lib/x86_64-linux-gnu/libdatrie.so.1.3.5
750ac0018000-750ac0019000 r--p 00007000 07:0b 513                        /snap/dbeaver-ce/370/usr/lib/x86_64-linux-gnu/libdatrie.so.1.3.5
750ac0019000-750ac001a000 rw-p 00008000 07:0b 513                        /snap/dbeaver-ce/370/usr/lib/x86_64-linux-gnu/libdatrie.so.1.3.5
750ac001a000-750ac001f000 r--p 00000000 07:0b 722                        /snap/dbeaver-ce/370/usr/lib/x86_64-linux-gnu/libxcb-render.so.0.0.0
750ac001f000-750ac0024000 r-xp 00005000 07:0b 722                        /snap/dbeaver-ce/370/usr/lib/x86_64-linux-gnu/libxcb-render.so.0.0.0
750ac0024000-750ac0026000 r--p 0000a000 07:0b 722                        /snap/dbeaver-ce/370/usr/lib/x86_64-linux-gnu/libxcb-render.so.0.0.0
750ac0026000-750ac0027000 ---p 0000c000 07:0b 722                        /snap/dbeaver-ce/370/usr/lib/x86_64-linux-gnu/libxcb-render.so.0.0.0
750ac0027000-750ac0028000 r--p 0000c000 07:0b 722                        /snap/dbeaver-ce/370/usr/lib/x86_64-linux-gnu/libxcb-render.so.0.0.0
750ac0028000-750ac0029000 rw-p 0000d000 07:0b 722                        /snap/dbeaver-ce/370/usr/lib/x86_64-linux-gnu/libxcb-render.so.0.0.0
750ac0029000-750ac002a000 r--p 00000000 07:0b 724                        /snap/dbeaver-ce/370/usr/lib/x86_64-linux-gnu/libxcb-shm.so.0.0.0
750ac002a000-750ac002b000 r-xp 00001000 07:0b 724                        /snap/dbeaver-ce/370/usr/lib/x86_64-linux-gnu/libxcb-shm.so.0.0.0
750ac002b000-750ac002c000 r--p 00002000 07:0b 724                        /snap/dbeaver-ce/370/usr/lib/x86_64-linux-gnu/libxcb-shm.so.0.0.0
750ac002c000-750ac002d000 r--p 00002000 07:0b 724                        /snap/dbeaver-ce/370/usr/lib/x86_64-linux-gnu/libxcb-shm.so.0.0.0
750ac002d000-750ac002e000 rw-p 00003000 07:0b 724                        /snap/dbeaver-ce/370/usr/lib/x86_64-linux-gnu/libxcb-shm.so.0.0.0
750ac002e000-750ac0038000 r--p 00000000 07:0b 660                        /snap/dbeaver-ce/370/usr/lib/x86_64-linux-gnu/libpixman-1.so.0.38.4
750ac0038000-750ac00bc000 r-xp 0000a000 07:0b 660                        /snap/dbeaver-ce/370/usr/lib/x86_64-linux-gnu/libpixman-1.so.0.38.4
750ac00bc000-750ac00cc000 r--p 0008e000 07:0b 660                        /snap/dbeaver-ce/370/usr/lib/x86_64-linux-gnu/libpixman-1.so.0.38.4
750ac00cc000-750ac00d4000 r--p 0009d000 07:0b 660                        /snap/dbeaver-ce/370/usr/lib/x86_64-linux-gnu/libpixman-1.so.0.38.4
750ac00d4000-750ac00d5000 rw-p 000a5000 07:0b 660                        /snap/dbeaver-ce/370/usr/lib/x86_64-linux-gnu/libpixman-1.so.0.38.4
750ac00d5000-750ac00e0000 r--p 00000000 07:0b 730                        /snap/dbeaver-ce/370/usr/lib/x86_64-linux-gnu/libxcb.so.1.1.0
750ac00e0000-750ac00f4000 r-xp 0000b000 07:0b 730                        /snap/dbeaver-ce/370/usr/lib/x86_64-linux-gnu/libxcb.so.1.1.0
750ac00f4000-750ac00fd000 r--p 0001f000 07:0b 730                        /snap/dbeaver-ce/370/usr/lib/x86_64-linux-gnu/libxcb.so.1.1.0
750ac00fd000-750ac00fe000 r--p 00027000 07:0b 730                        /snap/dbeaver-ce/370/usr/lib/x86_64-linux-gnu/libxcb.so.1.1.0
750ac00fe000-750ac00ff000 rw-p 00028000 07:0b 730                        /snap/dbeaver-ce/370/usr/lib/x86_64-linux-gnu/libxcb.so.1.1.0
750ac00ff000-750ac0101000 r--p 00000000 07:05 6372                       /usr/lib/x86_64-linux-gnu/libuuid.so.1.3.0
750ac0101000-750ac0105000 r-xp 00002000 07:05 6372                       /usr/lib/x86_64-linux-gnu/libuuid.so.1.3.0
750ac0105000-750ac0106000 r--p 00006000 07:05 6372                       /usr/lib/x86_64-linux-gnu/libuuid.so.1.3.0
750ac0106000-750ac0107000 r--p 00006000 07:05 6372                       /usr/lib/x86_64-linux-gnu/libuuid.so.1.3.0
750ac0107000-750ac0108000 rw-p 00007000 07:05 6372                       /usr/lib/x86_64-linux-gnu/libuuid.so.1.3.0
750ac0108000-750ac010c000 r--p 00000000 07:05 6182                       /usr/lib/x86_64-linux-gnu/libexpat.so.1.6.11
750ac010c000-750ac0128000 r-xp 00004000 07:05 6182                       /usr/lib/x86_64-linux-gnu/libexpat.so.1.6.11
750ac0128000-750ac0132000 r--p 00020000 07:05 6182                       /usr/lib/x86_64-linux-gnu/libexpat.so.1.6.11
750ac0132000-750ac0133000 ---p 0002a000 07:05 6182                       /usr/lib/x86_64-linux-gnu/libexpat.so.1.6.11
750ac0133000-750ac0135000 r--p 0002a000 07:05 6182                       /usr/lib/x86_64-linux-gnu/libexpat.so.1.6.11
750ac0135000-750ac0136000 rw-p 0002c000 07:05 6182                       /usr/lib/x86_64-linux-gnu/libexpat.so.1.6.11
750ac0136000-750ac0142000 r--p 00000000 07:0b 537                        /snap/dbeaver-ce/370/usr/lib/x86_64-linux-gnu/libfreetype.so.6.17.1
750ac0142000-750ac01c2000 r-xp 0000c000 07:0b 537                        /snap/dbeaver-ce/370/usr/lib/x86_64-linux-gnu/libfreetype.so.6.17.1
750ac01c2000-750ac01ec000 r--p 0008c000 07:0b 537                        /snap/dbeaver-ce/370/usr/lib/x86_64-linux-gnu/libfreetype.so.6.17.1
750ac01ec000-750ac01ed000 ---p 000b6000 07:0b 537                        /snap/dbeaver-ce/370/usr/lib/x86_64-linux-gnu/libfreetype.so.6.17.1
750ac01ed000-750ac01f4000 r--p 000b6000 07:0b 537                        /snap/dbeaver-ce/370/usr/lib/x86_64-linux-gnu/libfreetype.so.6.17.1
750ac01f4000-750ac01f5000 rw-p 000bd000 07:0b 537                        /snap/dbeaver-ce/370/usr/lib/x86_64-linux-gnu/libfreetype.so.6.17.1
750ac01f5000-750ac01f7000 r--p 00000000 07:05 6320                       /usr/lib/x86_64-linux-gnu/libpcre.so.3.13.3
750ac01f7000-750ac0248000 r-xp 00002000 07:05 6320                       /usr/lib/x86_64-linux-gnu/libpcre.so.3.13.3
750ac0248000-750ac0266000 r--p 00053000 07:05 6320                       /usr/lib/x86_64-linux-gnu/libpcre.so.3.13.3
750ac0266000-750ac0267000 r--p 00070000 07:05 6320                       /usr/lib/x86_64-linux-gnu/libpcre.so.3.13.3
750ac0267000-750ac0268000 rw-p 00071000 07:05 6320                       /usr/lib/x86_64-linux-gnu/libpcre.so.3.13.3
750ac0268000-750ac026a000 r--p 00000000 07:0d 9077                       /snap/dbeaver-ce/370/gnome-platform/usr/lib/x86_64-linux-gnu/libffi.so.7.1.0
750ac026a000-750ac0271000 r-xp 00002000 07:0d 9077                       /snap/dbeaver-ce/370/gnome-platform/usr/lib/x86_64-linux-gnu/libffi.so.7.1.0
750ac0271000-750ac0273000 r--p 00009000 07:0d 9077                       /snap/dbeaver-ce/370/gnome-platform/usr/lib/x86_64-linux-gnu/libffi.so.7.1.0
750ac0273000-750ac0274000 r--p 0000a000 07:0d 9077                       /snap/dbeaver-ce/370/gnome-platform/usr/lib/x86_64-linux-gnu/libffi.so.7.1.0
750ac0274000-750ac0275000 rw-p 0000b000 07:0d 9077                       /snap/dbeaver-ce/370/gnome-platform/usr/lib/x86_64-linux-gnu/libffi.so.7.1.0
750ac0275000-750ac0279000 r--p 00000000 07:05 6337                       /usr/lib/x86_64-linux-gnu/libresolv-2.31.so
750ac0279000-750ac0289000 r-xp 00004000 07:05 6337                       /usr/lib/x86_64-linux-gnu/libresolv-2.31.so
750ac0289000-750ac028d000 r--p 00014000 07:05 6337                       /usr/lib/x86_64-linux-gnu/libresolv-2.31.so
750ac028d000-750ac028e000 r--p 00017000 07:05 6337                       /usr/lib/x86_64-linux-gnu/libresolv-2.31.so
750ac028e000-750ac028f000 rw-p 00018000 07:05 6337                       /usr/lib/x86_64-linux-gnu/libresolv-2.31.so
750ac028f000-750ac0291000 rw-p 00000000 00:00 0 
750ac0291000-750ac0297000 r--p 00000000 07:05 6343                       /usr/lib/x86_64-linux-gnu/libselinux.so.1
750ac0297000-750ac02b0000 r-xp 00006000 07:05 6343                       /usr/lib/x86_64-linux-gnu/libselinux.so.1
750ac02b0000-750ac02b7000 r--p 0001f000 07:05 6343                       /usr/lib/x86_64-linux-gnu/libselinux.so.1
750ac02b7000-750ac02b8000 ---p 00026000 07:05 6343                       /usr/lib/x86_64-linux-gnu/libselinux.so.1
750ac02b8000-750ac02b9000 r--p 00026000 07:05 6343                       /usr/lib/x86_64-linux-gnu/libselinux.so.1
750ac02b9000-750ac02ba000 rw-p 00027000 07:05 6343                       /usr/lib/x86_64-linux-gnu/libselinux.so.1
750ac02ba000-750ac02bc000 rw-p 00000000 00:00 0 
750ac02bc000-750ac02c7000 r--p 00000000 07:05 6261                       /usr/lib/x86_64-linux-gnu/libmount.so.1.1.0
750ac02c7000-750ac0305000 r-xp 0000b000 07:05 6261                       /usr/lib/x86_64-linux-gnu/libmount.so.1.1.0
750ac0305000-750ac0318000 r--p 00049000 07:05 6261                       /usr/lib/x86_64-linux-gnu/libmount.so.1.1.0
750ac0318000-750ac031b000 r--p 0005b000 07:05 6261                       /usr/lib/x86_64-linux-gnu/libmount.so.1.1.0
750ac031b000-750ac031c000 rw-p 0005e000 07:05 6261                       /usr/lib/x86_64-linux-gnu/libmount.so.1.1.0
750ac031c000-750ac031e000 r--p 00000000 07:05 6380                       /usr/lib/x86_64-linux-gnu/libz.so.1.2.11
750ac031e000-750ac032f000 r-xp 00002000 07:05 6380                       /usr/lib/x86_64-linux-gnu/libz.so.1.2.11
750ac032f000-750ac0335000 r--p 00013000 07:05 6380                       /usr/lib/x86_64-linux-gnu/libz.so.1.2.11
750ac0335000-750ac0336000 ---p 00019000 07:05 6380                       /usr/lib/x86_64-linux-gnu/libz.so.1.2.11
750ac0336000-750ac0337000 r--p 00019000 07:05 6380                       /usr/lib/x86_64-linux-gnu/libz.so.1.2.11
750ac0337000-750ac0338000 rw-p 0001a000 07:05 6380                       /usr/lib/x86_64-linux-gnu/libz.so.1.2.11
750ac0339000-750ac033b000 r--p 00000000 07:0d 784                        /snap/dbeaver-ce/370/gnome-platform/usr/lib/libcanberra-gtk3.so.0.1.9
750ac033b000-750ac033e000 r-xp 00002000 07:0d 784                        /snap/dbeaver-ce/370/gnome-platform/usr/lib/libcanberra-gtk3.so.0.1.9
750ac033e000-750ac033f000 r--p 00005000 07:0d 784                        /snap/dbeaver-ce/370/gnome-platform/usr/lib/libcanberra-gtk3.so.0.1.9
750ac033f000-750ac0340000 r--p 00005000 07:0d 784                        /snap/dbeaver-ce/370/gnome-platform/usr/lib/libcanberra-gtk3.so.0.1.9
750ac0340000-750ac0341000 rw-p 00006000 07:0d 784                        /snap/dbeaver-ce/370/gnome-platform/usr/lib/libcanberra-gtk3.so.0.1.9
750ac0341000-750ac0343000 r--p 00000000 07:0d 776                        /snap/dbeaver-ce/370/gnome-platform/usr/lib/gtk-3.0/modules/libcanberra-gtk3-module.so
750ac0343000-750ac0347000 r-xp 00002000 07:0d 776                        /snap/dbeaver-ce/370/gnome-platform/usr/lib/gtk-3.0/modules/libcanberra-gtk3-module.so
750ac0347000-750ac0348000 r--p 00006000 07:0d 776                        /snap/dbeaver-ce/370/gnome-platform/usr/lib/gtk-3.0/modules/libcanberra-gtk3-module.so
750ac0348000-750ac0349000 r--p 00006000 07:0d 776                        /snap/dbeaver-ce/370/gnome-platform/usr/lib/gtk-3.0/modules/libcanberra-gtk3-module.so
750ac0349000-750ac034a000 rw-p 00007000 07:0d 776                        /snap/dbeaver-ce/370/gnome-platform/usr/lib/gtk-3.0/modules/libcanberra-gtk3-module.so
750ac034a000-750ac034b000 r--p 00000000 07:0d 8658                       /snap/dbeaver-ce/370/gnome-platform/usr/lib/x86_64-linux-gnu/gtk-2.0/modules/libatk-bridge.so
750ac034b000-750ac034c000 r-xp 00001000 07:0d 8658                       /snap/dbeaver-ce/370/gnome-platform/usr/lib/x86_64-linux-gnu/gtk-2.0/modules/libatk-bridge.so
750ac034c000-750ac034d000 r--p 00002000 07:0d 8658                       /snap/dbeaver-ce/370/gnome-platform/usr/lib/x86_64-linux-gnu/gtk-2.0/modules/libatk-bridge.so
750ac034d000-750ac034e000 r--p 00002000 07:0d 8658                       /snap/dbeaver-ce/370/gnome-platform/usr/lib/x86_64-linux-gnu/gtk-2.0/modules/libatk-bridge.so
750ac034e000-750ac034f000 rw-p 00003000 07:0d 8658                       /snap/dbeaver-ce/370/gnome-platform/usr/lib/x86_64-linux-gnu/gtk-2.0/modules/libatk-bridge.so
750ac034f000-750ac0350000 r--p 00000000 07:0d 9142                       /snap/dbeaver-ce/370/gnome-platform/usr/lib/x86_64-linux-gnu/libgmodule-2.0.so.0.6400.6
750ac0350000-750ac0352000 r-xp 00001000 07:0d 9142                       /snap/dbeaver-ce/370/gnome-platform/usr/lib/x86_64-linux-gnu/libgmodule-2.0.so.0.6400.6
750ac0352000-750ac0353000 r--p 00003000 07:0d 9142                       /snap/dbeaver-ce/370/gnome-platform/usr/lib/x86_64-linux-gnu/libgmodule-2.0.so.0.6400.6
750ac0353000-750ac0354000 r--p 00003000 07:0d 9142                       /snap/dbeaver-ce/370/gnome-platform/usr/lib/x86_64-linux-gnu/libgmodule-2.0.so.0.6400.6
750ac0354000-750ac0355000 rw-p 00004000 07:0d 9142                       /snap/dbeaver-ce/370/gnome-platform/usr/lib/x86_64-linux-gnu/libgmodule-2.0.so.0.6400.6
750ac0355000-750ac035e000 r--p 00000000 07:0b 600                        /snap/dbeaver-ce/370/usr/lib/x86_64-linux-gnu/libharfbuzz.so.0.20600.4
750ac035e000-750ac0425000 r-xp 00009000 07:0b 600                        /snap/dbeaver-ce/370/usr/lib/x86_64-linux-gnu/libharfbuzz.so.0.20600.4
750ac0425000-750ac0457000 r--p 000d0000 07:0b 600                        /snap/dbeaver-ce/370/usr/lib/x86_64-linux-gnu/libharfbuzz.so.0.20600.4
750ac0457000-750ac0458000 r--p 00101000 07:0b 600                        /snap/dbeaver-ce/370/usr/lib/x86_64-linux-gnu/libharfbuzz.so.0.20600.4
750ac0458000-750ac0459000 rw-p 00102000 07:0b 600                        /snap/dbeaver-ce/370/usr/lib/x86_64-linux-gnu/libharfbuzz.so.0.20600.4
750ac0459000-750ac045b000 r--p 00000000 07:0b 689                        /snap/dbeaver-ce/370/usr/lib/x86_64-linux-gnu/libthai.so.0.3.1
750ac045b000-750ac045f000 r-xp 00002000 07:0b 689                        /snap/dbeaver-ce/370/usr/lib/x86_64-linux-gnu/libthai.so.0.3.1
750ac045f000-750ac0462000 r--p 00006000 07:0b 689                        /snap/dbeaver-ce/370/usr/lib/x86_64-linux-gnu/libthai.so.0.3.1
750ac0462000-750ac0463000 r--p 00008000 07:0b 689                        /snap/dbeaver-ce/370/usr/lib/x86_64-linux-gnu/libthai.so.0.3.1
750ac0463000-750ac0464000 rw-p 00009000 07:0b 689                        /snap/dbeaver-ce/370/usr/lib/x86_64-linux-gnu/libthai.so.0.3.1
750ac0464000-750ac046b000 r--p 00000000 07:0b 656                        /snap/dbeaver-ce/370/usr/lib/x86_64-linux-gnu/libpangoft2-1.0.so.0.4400.7
750ac046b000-750ac0476000 r-xp 00007000 07:0b 656                        /snap/dbeaver-ce/370/usr/lib/x86_64-linux-gnu/libpangoft2-1.0.so.0.4400.7
750ac0476000-750ac047a000 r--p 00012000 07:0b 656                        /snap/dbeaver-ce/370/usr/lib/x86_64-linux-gnu/libpangoft2-1.0.so.0.4400.7
750ac047a000-750ac047b000 ---p 00016000 07:0b 656                        /snap/dbeaver-ce/370/usr/lib/x86_64-linux-gnu/libpangoft2-1.0.so.0.4400.7
750ac047b000-750ac047c000 r--p 00016000 07:0b 656                        /snap/dbeaver-ce/370/usr/lib/x86_64-linux-gnu/libpangoft2-1.0.so.0.4400.7
750ac047c000-750ac047d000 rw-p 00017000 07:0b 656                        /snap/dbeaver-ce/370/usr/lib/x86_64-linux-gnu/libpangoft2-1.0.so.0.4400.7
750ac047d000-750ac047f000 r--p 00000000 07:0b 539                        /snap/dbeaver-ce/370/usr/lib/x86_64-linux-gnu/libfribidi.so.0.4.0
750ac047f000-750ac0483000 r-xp 00002000 07:0b 539                        /snap/dbeaver-ce/370/usr/lib/x86_64-linux-gnu/libfribidi.so.0.4.0
750ac0483000-750ac0498000 r--p 00006000 07:0b 539                        /snap/dbeaver-ce/370/usr/lib/x86_64-linux-gnu/libfribidi.so.0.4.0
750ac0498000-750ac0499000 r--p 0001a000 07:0b 539                        /snap/dbeaver-ce/370/usr/lib/x86_64-linux-gnu/libfribidi.so.0.4.0
750ac0499000-750ac049a000 rw-p 0001b000 07:0b 539                        /snap/dbeaver-ce/370/usr/lib/x86_64-linux-gnu/libfribidi.so.0.4.0
750ac049a000-750ac04fa000 r--p 00000000 07:0b 531                        /snap/dbeaver-ce/370/usr/lib/x86_64-linux-gnu/libepoxy.so.0.0.0
750ac04fa000-750ac0560000 r-xp 00060000 07:0b 531                        /snap/dbeaver-ce/370/usr/lib/x86_64-linux-gnu/libepoxy.so.0.0.0
750ac0560000-750ac05bd000 r--p 000c6000 07:0b 531                        /snap/dbeaver-ce/370/usr/lib/x86_64-linux-gnu/libepoxy.so.0.0.0
750ac05bd000-750ac05be000 ---p 00123000 07:0b 531                        /snap/dbeaver-ce/370/usr/lib/x86_64-linux-gnu/libepoxy.so.0.0.0
750ac05be000-750ac05c6000 r--p 00123000 07:0b 531                        /snap/dbeaver-ce/370/usr/lib/x86_64-linux-gnu/libepoxy.so.0.0.0
750ac05c6000-750ac05cd000 rw-p 0012b000 07:0b 531                        /snap/dbeaver-ce/370/usr/lib/x86_64-linux-gnu/libepoxy.so.0.0.0
750ac05cd000-750ac05df000 r--p 00000000 07:0b 504                        /snap/dbeaver-ce/370/usr/lib/x86_64-linux-gnu/libcairo.so.2.11600.0
750ac05df000-750ac06ae000 r-xp 00012000 07:0b 504                        /snap/dbeaver-ce/370/usr/lib/x86_64-linux-gnu/libcairo.so.2.11600.0
750ac06ae000-750ac06ea000 r--p 000e1000 07:0b 504                        /snap/dbeaver-ce/370/usr/lib/x86_64-linux-gnu/libcairo.so.2.11600.0
750ac06ea000-750ac06ee000 r--p 0011c000 07:0b 504                        /snap/dbeaver-ce/370/usr/lib/x86_64-linux-gnu/libcairo.so.2.11600.0
750ac06ee000-750ac06ef000 rw-p 00120000 07:0b 504                        /snap/dbeaver-ce/370/usr/lib/x86_64-linux-gnu/libcairo.so.2.11600.0
750ac06ef000-750ac06f0000 rw-p 00000000 00:00 0 
750ac06f0000-750ac06f4000 r--p 00000000 07:0b 464                        /snap/dbeaver-ce/370/usr/lib/x86_64-linux-gnu/libXext.so.6.4.0
750ac06f4000-750ac06ff000 r-xp 00004000 07:0b 464                        /snap/dbeaver-ce/370/usr/lib/x86_64-linux-gnu/libXext.so.6.4.0
750ac06ff000-750ac0703000 r--p 0000f000 07:0b 464                        /snap/dbeaver-ce/370/usr/lib/x86_64-linux-gnu/libXext.so.6.4.0
750ac0703000-750ac0704000 r--p 00012000 07:0b 464                        /snap/dbeaver-ce/370/usr/lib/x86_64-linux-gnu/libXext.so.6.4.0
750ac0704000-750ac0705000 rw-p 00013000 07:0b 464                        /snap/dbeaver-ce/370/usr/lib/x86_64-linux-gnu/libXext.so.6.4.0
750ac0705000-750ac071d000 r--p 00000000 07:0b 452                        /snap/dbeaver-ce/370/usr/lib/x86_64-linux-gnu/libX11.so.6.3.0
750ac071d000-750ac07a8000 r-xp 00018000 07:0b 452                        /snap/dbeaver-ce/370/usr/lib/x86_64-linux-gnu/libX11.so.6.3.0
750ac07a8000-750ac083c000 r--p 000a3000 07:0b 452                        /snap/dbeaver-ce/370/usr/lib/x86_64-linux-gnu/libX11.so.6.3.0
750ac083c000-750ac083d000 ---p 00137000 07:0b 452                        /snap/dbeaver-ce/370/usr/lib/x86_64-linux-gnu/libX11.so.6.3.0
750ac083d000-750ac083e000 r--p 00137000 07:0b 452                        /snap/dbeaver-ce/370/usr/lib/x86_64-linux-gnu/libX11.so.6.3.0
750ac083e000-750ac0842000 rw-p 00138000 07:0b 452                        /snap/dbeaver-ce/370/usr/lib/x86_64-linux-gnu/libX11.so.6.3.0
750ac0842000-750ac0847000 r--p 00000000 07:0b 695                        /snap/dbeaver-ce/370/usr/lib/x86_64-linux-gnu/libwayland-client.so.0.3.0
750ac0847000-750ac084d000 r-xp 00005000 07:0b 695                        /snap/dbeaver-ce/370/usr/lib/x86_64-linux-gnu/libwayland-client.so.0.3.0
750ac084d000-750ac0850000 r--p 0000b000 07:0b 695                        /snap/dbeaver-ce/370/usr/lib/x86_64-linux-gnu/libwayland-client.so.0.3.0
750ac0850000-750ac0852000 r--p 0000d000 07:0b 695                        /snap/dbeaver-ce/370/usr/lib/x86_64-linux-gnu/libwayland-client.so.0.3.0
750ac0852000-750ac0853000 rw-p 0000f000 07:0b 695                        /snap/dbeaver-ce/370/usr/lib/x86_64-linux-gnu/libwayland-client.so.0.3.0
750ac0853000-750ac0854000 r--p 00000000 07:0b 699                        /snap/dbeaver-ce/370/usr/lib/x86_64-linux-gnu/libwayland-egl.so.1.0.0
750ac0854000-750ac0855000 r-xp 00001000 07:0b 699                        /snap/dbeaver-ce/370/usr/lib/x86_64-linux-gnu/libwayland-egl.so.1.0.0
750ac0855000-750ac0856000 r--p 00002000 07:0b 699                        /snap/dbeaver-ce/370/usr/lib/x86_64-linux-gnu/libwayland-egl.so.1.0.0
750ac0856000-750ac0857000 r--p 00002000 07:0b 699                        /snap/dbeaver-ce/370/usr/lib/x86_64-linux-gnu/libwayland-egl.so.1.0.0
750ac0857000-750ac0858000 rw-p 00003000 07:0b 699                        /snap/dbeaver-ce/370/usr/lib/x86_64-linux-gnu/libwayland-egl.so.1.0.0
750ac0858000-750ac085a000 r--p 00000000 07:0b 697                        /snap/dbeaver-ce/370/usr/lib/x86_64-linux-gnu/libwayland-cursor.so.0.0.0
750ac085a000-750ac085d000 r-xp 00002000 07:0b 697                        /snap/dbeaver-ce/370/usr/lib/x86_64-linux-gnu/libwayland-cursor.so.0.0.0
750ac085d000-750ac085e000 r--p 00005000 07:0b 697                        /snap/dbeaver-ce/370/usr/lib/x86_64-linux-gnu/libwayland-cursor.so.0.0.0
750ac085e000-750ac085f000 r--p 00005000 07:0b 697                        /snap/dbeaver-ce/370/usr/lib/x86_64-linux-gnu/libwayland-cursor.so.0.0.0
750ac085f000-750ac0863000 rw-p 00006000 07:0b 697                        /snap/dbeaver-ce/370/usr/lib/x86_64-linux-gnu/libwayland-cursor.so.0.0.0
750ac0863000-750ac0867000 r--p 00000000 07:0b 732                        /snap/dbeaver-ce/370/usr/lib/x86_64-linux-gnu/libxkbcommon.so.0.0.0
750ac0867000-750ac0883000 r-xp 00004000 07:0b 732                        /snap/dbeaver-ce/370/usr/lib/x86_64-linux-gnu/libxkbcommon.so.0.0.0
750ac0883000-750ac08a2000 r--p 00020000 07:0b 732                        /snap/dbeaver-ce/370/usr/lib/x86_64-linux-gnu/libxkbcommon.so.0.0.0
750ac08a2000-750ac08a4000 r--p 0003e000 07:0b 732                        /snap/dbeaver-ce/370/usr/lib/x86_64-linux-gnu/libxkbcommon.so.0.0.0
750ac08a4000-750ac08a5000 rw-p 00040000 07:0b 732                        /snap/dbeaver-ce/370/usr/lib/x86_64-linux-gnu/libxkbcommon.so.0.0.0
750ac08a5000-750ac08a7000 r--p 00000000 07:0b 466                        /snap/dbeaver-ce/370/usr/lib/x86_64-linux-gnu/libXfixes.so.3.1.0
750ac08a7000-750ac08aa000 r-xp 00002000 07:0b 466                        /snap/dbeaver-ce/370/usr/lib/x86_64-linux-gnu/libXfixes.so.3.1.0
750ac08aa000-750ac08ab000 r--p 00005000 07:0b 466                        /snap/dbeaver-ce/370/usr/lib/x86_64-linux-gnu/libXfixes.so.3.1.0
750ac08ab000-750ac08ac000 r--p 00005000 07:0b 466                        /snap/dbeaver-ce/370/usr/lib/x86_64-linux-gnu/libXfixes.so.3.1.0
750ac08ac000-750ac08ad000 rw-p 00006000 07:0b 466                        /snap/dbeaver-ce/370/usr/lib/x86_64-linux-gnu/libXfixes.so.3.1.0
750ac08ad000-750ac08b0000 r--p 00000000 07:0b 458                        /snap/dbeaver-ce/370/usr/lib/x86_64-linux-gnu/libXcursor.so.1.0.2
750ac08b0000-750ac08b6000 r-xp 00003000 07:0b 458                        /snap/dbeaver-ce/370/usr/lib/x86_64-linux-gnu/libXcursor.so.1.0.2
750ac08b6000-750ac08b8000 r--p 00009000 07:0b 458                        /snap/dbeaver-ce/370/usr/lib/x86_64-linux-gnu/libXcursor.so.1.0.2
750ac08b8000-750ac08b9000 r--p 0000a000 07:0b 458                        /snap/dbeaver-ce/370/usr/lib/x86_64-linux-gnu/libXcursor.so.1.0.2
750ac08b9000-750ac08ba000 rw-p 0000b000 07:0b 458                        /snap/dbeaver-ce/370/usr/lib/x86_64-linux-gnu/libXcursor.so.1.0.2
750ac08ba000-750ac08bc000 r--p 00000000 07:0b 472                        /snap/dbeaver-ce/370/usr/lib/x86_64-linux-gnu/libXrandr.so.2.2.0
750ac08bc000-750ac08c3000 r-xp 00002000 07:0b 472                        /snap/dbeaver-ce/370/usr/lib/x86_64-linux-gnu/libXrandr.so.2.2.0
750ac08c3000-750ac08c5000 r--p 00009000 07:0b 472                        /snap/dbeaver-ce/370/usr/lib/x86_64-linux-gnu/libXrandr.so.2.2.0
750ac08c5000-750ac08c6000 r--p 0000a000 07:0b 472                        /snap/dbeaver-ce/370/usr/lib/x86_64-linux-gnu/libXrandr.so.2.2.0
750ac08c6000-750ac08c7000 rw-p 0000b000 07:0b 472                        /snap/dbeaver-ce/370/usr/lib/x86_64-linux-gnu/libXrandr.so.2.2.0
750ac08c7000-750ac08ce000 r--p 00000000 07:0b 535                        /snap/dbeaver-ce/370/usr/lib/x86_64-linux-gnu/libfontconfig.so.1.12.0
750ac08ce000-750ac08f3000 r-xp 00007000 07:0b 535                        /snap/dbeaver-ce/370/usr/lib/x86_64-linux-gnu/libfontconfig.so.1.12.0
750ac08f3000-750ac090b000 r--p 0002c000 07:0b 535                        /snap/dbeaver-ce/370/usr/lib/x86_64-linux-gnu/libfontconfig.so.1.12.0
750ac090b000-750ac090d000 r--p 00043000 07:0b 535                        /snap/dbeaver-ce/370/usr/lib/x86_64-linux-gnu/libfontconfig.so.1.12.0
750ac090d000-750ac090e000 rw-p 00045000 07:0b 535                        /snap/dbeaver-ce/370/usr/lib/x86_64-linux-gnu/libfontconfig.so.1.12.0
750ac090e000-750ac092a000 r--p 00000000 07:0d 9139                       /snap/dbeaver-ce/370/gnome-platform/usr/lib/x86_64-linux-gnu/libglib-2.0.so.0.6400.6
750ac092a000-750ac09c4000 r-xp 0001c000 07:0d 9139                       /snap/dbeaver-ce/370/gnome-platform/usr/lib/x86_64-linux-gnu/libglib-2.0.so.0.6400.6
750ac09c4000-750ac0a49000 r--p 000b6000 07:0d 9139                       /snap/dbeaver-ce/370/gnome-platform/usr/lib/x86_64-linux-gnu/libglib-2.0.so.0.6400.6
750ac0a49000-750ac0a4a000 r--p 0013a000 07:0d 9139                       /snap/dbeaver-ce/370/gnome-platform/usr/lib/x86_64-linux-gnu/libglib-2.0.so.0.6400.6
750ac0a4a000-750ac0a4b000 rw-p 0013b000 07:0d 9139                       /snap/dbeaver-ce/370/gnome-platform/usr/lib/x86_64-linux-gnu/libglib-2.0.so.0.6400.6
750ac0a4b000-750ac0a4c000 rw-p 00000000 00:00 0 
750ac0a4c000-750ac0a59000 r--p 00000000 07:0d 9171                       /snap/dbeaver-ce/370/gnome-platform/usr/lib/x86_64-linux-gnu/libgobject-2.0.so.0.6400.6
750ac0a59000-750ac0a92000 r-xp 0000d000 07:0d 9171                       /snap/dbeaver-ce/370/gnome-platform/usr/lib/x86_64-linux-gnu/libgobject-2.0.so.0.6400.6
750ac0a92000-750ac0aaa000 r--p 00046000 07:0d 9171                       /snap/dbeaver-ce/370/gnome-platform/usr/lib/x86_64-linux-gnu/libgobject-2.0.so.0.6400.6
750ac0aaa000-750ac0aab000 ---p 0005e000 07:0d 9171                       /snap/dbeaver-ce/370/gnome-platform/usr/lib/x86_64-linux-gnu/libgobject-2.0.so.0.6400.6
750ac0aab000-750ac0aad000 r--p 0005e000 07:0d 9171                       /snap/dbeaver-ce/370/gnome-platform/usr/lib/x86_64-linux-gnu/libgobject-2.0.so.0.6400.6
750ac0aad000-750ac0aae000 rw-p 00060000 07:0d 9171                       /snap/dbeaver-ce/370/gnome-platform/usr/lib/x86_64-linux-gnu/libgobject-2.0.so.0.6400.6
750ac0aae000-750ac0ae6000 r--p 00000000 07:0d 9127                       /snap/dbeaver-ce/370/gnome-platform/usr/lib/x86_64-linux-gnu/libgio-2.0.so.0.6400.6
750ac0ae6000-750ac0c15000 r-xp 00038000 07:0d 9127                       /snap/dbeaver-ce/370/gnome-platform/usr/lib/x86_64-linux-gnu/libgio-2.0.so.0.6400.6
750ac0c15000-750ac0c9e000 r--p 00167000 07:0d 9127                       /snap/dbeaver-ce/370/gnome-platform/usr/lib/x86_64-linux-gnu/libgio-2.0.so.0.6400.6
750ac0c9e000-750ac0ca5000 r--p 001ef000 07:0d 9127                       /snap/dbeaver-ce/370/gnome-platform/usr/lib/x86_64-linux-gnu/libgio-2.0.so.0.6400.6
750ac0ca5000-750ac0ca8000 rw-p 001f6000 07:0d 9127                       /snap/dbeaver-ce/370/gnome-platform/usr/lib/x86_64-linux-gnu/libgio-2.0.so.0.6400.6
750ac0ca8000-750ac0ca9000 rw-p 00000000 00:00 0 
750ac0ca9000-750ac0caf000 r--p 00000000 07:0b 547                        /snap/dbeaver-ce/370/usr/lib/x86_64-linux-gnu/libgdk_pixbuf-2.0.so.0.4000.0
750ac0caf000-750ac0cc6000 r-xp 00006000 07:0b 547                        /snap/dbeaver-ce/370/usr/lib/x86_64-linux-gnu/libgdk_pixbuf-2.0.so.0.4000.0
750ac0cc6000-750ac0ccf000 r--p 0001d000 07:0b 547                        /snap/dbeaver-ce/370/usr/lib/x86_64-linux-gnu/libgdk_pixbuf-2.0.so.0.4000.0
750ac0ccf000-750ac0cd0000 r--p 00025000 07:0b 547                        /snap/dbeaver-ce/370/usr/lib/x86_64-linux-gnu/libgdk_pixbuf-2.0.so.0.4000.0
750ac0cd0000-750ac0cd1000 rw-p 00026000 07:0b 547                        /snap/dbeaver-ce/370/usr/lib/x86_64-linux-gnu/libgdk_pixbuf-2.0.so.0.4000.0
750ac0cd1000-750ac0ce0000 r--p 00000000 07:0b 652                        /snap/dbeaver-ce/370/usr/lib/x86_64-linux-gnu/libpango-1.0.so.0.4400.7
750ac0ce0000-750ac0d05000 r-xp 0000f000 07:0b 652                        /snap/dbeaver-ce/370/usr/lib/x86_64-linux-gnu/libpango-1.0.so.0.4400.7
750ac0d05000-750ac0d1c000 r--p 00034000 07:0b 652                        /snap/dbeaver-ce/370/usr/lib/x86_64-linux-gnu/libpango-1.0.so.0.4400.7
750ac0d1c000-750ac0d1f000 r--p 0004a000 07:0b 652                        /snap/dbeaver-ce/370/usr/lib/x86_64-linux-gnu/libpango-1.0.so.0.4400.7
750ac0d1f000-750ac0d20000 rw-p 0004d000 07:0b 652                        /snap/dbeaver-ce/370/usr/lib/x86_64-linux-gnu/libpango-1.0.so.0.4400.7
750ac0d20000-750ac0d4a000 r--p 00000000 07:0b 545                        /snap/dbeaver-ce/370/usr/lib/x86_64-linux-gnu/libgdk-3.so.0.2404.16
750ac0d4a000-750ac0dcb000 r-xp 0002a000 07:0b 545                        /snap/dbeaver-ce/370/usr/lib/x86_64-linux-gnu/libgdk-3.so.0.2404.16
750ac0dcb000-750ac0e1a000 r--p 000ab000 07:0b 545                        /snap/dbeaver-ce/370/usr/lib/x86_64-linux-gnu/libgdk-3.so.0.2404.16
750ac0e1a000-750ac0e23000 r--p 000f9000 07:0b 545                        /snap/dbeaver-ce/370/usr/lib/x86_64-linux-gnu/libgdk-3.so.0.2404.16
750ac0e23000-750ac0e25000 rw-p 00102000 07:0b 545                        /snap/dbeaver-ce/370/usr/lib/x86_64-linux-gnu/libgdk-3.so.0.2404.16
750ac0e25000-750ac0e29000 ---p 00000000 00:00 0 
750ac0e29000-750ac0f26000 rw-p 00000000 00:00 0 
750ac0f26000-750ac0f2a000 ---p 00000000 00:00 0 
750ac0f2a000-750ac1027000 rw-p 00000000 00:00 0 
750ac1027000-750ac102b000 ---p 00000000 00:00 0 
750ac102b000-750ac1128000 rw-p 00000000 00:00 0 
750ac1128000-750ac112c000 ---p 00000000 00:00 0 
750ac112c000-750ac1229000 rw-p 00000000 00:00 0 
750ac1229000-750ac122d000 ---p 00000000 00:00 0 
750ac122d000-750ac132a000 rw-p 00000000 00:00 0 
750ac132a000-750ac132e000 ---p 00000000 00:00 0 
750ac132e000-750ac142b000 rw-p 00000000 00:00 0 
750ac142b000-750ac142f000 ---p 00000000 00:00 0 
750ac142f000-750ac152c000 rw-p 00000000 00:00 0 
750ac152c000-750ac1530000 ---p 00000000 00:00 0 
750ac1530000-750ac162d000 rw-p 00000000 00:00 0 
750ac162d000-750ac1631000 ---p 00000000 00:00 0 
750ac1631000-750ac172e000 rw-p 00000000 00:00 0 
750ac172e000-750ac1782000 r--p 00000000 07:0d 889                        /snap/dbeaver-ce/370/gnome-platform/usr/lib/locale/aa_DJ.utf8/LC_CTYPE
750ac1782000-750ac19fa000 r--p 00000000 07:0d 888                        /snap/dbeaver-ce/370/gnome-platform/usr/lib/locale/aa_DJ.utf8/LC_COLLATE
750ac19fa000-750ac19fb000 ---p 00000000 00:00 0 
750ac19fb000-750ac1afb000 rw-p 00000000 00:00 0 
750ac1afb000-750ac1afc000 ---p 00000000 00:00 0 
750ac1afc000-750ac1bfc000 rw-p 00000000 00:00 0 
750ac1bfc000-750ac1bfd000 ---p 00000000 00:00 0 
750ac1bfd000-750ac1cfd000 rw-p 00000000 00:00 0 
750ac1cfd000-750ac1cfe000 ---p 00000000 00:00 0 
750ac1cfe000-750ac1dfe000 rw-p 00000000 00:00 0 
750ac1dfe000-750ac21d8000 rw-p 00000000 00:00 0 
750ac21d8000-750ac2224000 ---p 00000000 00:00 0 
750ac2224000-750ac2228000 rw-p 00000000 00:00 0 
750ac2228000-750ac222c000 ---p 00000000 00:00 0 
750ac222c000-750ac2230000 rw-p 00000000 00:00 0 
750ac2230000-750ac2ff4000 ---p 00000000 00:00 0 
750ac2ff4000-750ac2ff8000 rw-p 00000000 00:00 0 
750ac2ff8000-750ac3000000 ---p 00000000 00:00 0 
750ac3000000-750ac4530000 rwxp 00000000 00:00 0 
750ac4530000-750aca537000 ---p 00000000 00:00 0 
750aca537000-750aca7a7000 rwxp 00000000 00:00 0 
750aca7a7000-750acaac9000 ---p 00000000 00:00 0 
750acaac9000-750acb309000 rwxp 00000000 00:00 0 
750acb309000-750ad2000000 ---p 00000000 00:00 0 
750ad2000000-750ad2001000 r--p 00000000 00:00 0 
750ad2001000-750ad2002000 r--p 00000000 07:0b 460                        /snap/dbeaver-ce/370/usr/lib/x86_64-linux-gnu/libXdamage.so.1.1.0
750ad2002000-750ad2003000 r-xp 00001000 07:0b 460                        /snap/dbeaver-ce/370/usr/lib/x86_64-linux-gnu/libXdamage.so.1.1.0
750ad2003000-750ad2004000 r--p 00002000 07:0b 460                        /snap/dbeaver-ce/370/usr/lib/x86_64-linux-gnu/libXdamage.so.1.1.0
750ad2004000-750ad2005000 r--p 00002000 07:0b 460                        /snap/dbeaver-ce/370/usr/lib/x86_64-linux-gnu/libXdamage.so.1.1.0
750ad2005000-750ad2006000 rw-p 00003000 07:0b 460                        /snap/dbeaver-ce/370/usr/lib/x86_64-linux-gnu/libXdamage.so.1.1.0
750ad2006000-750ad2008000 r--p 00000000 07:0b 468                        /snap/dbeaver-ce/370/usr/lib/x86_64-linux-gnu/libXi.so.6.1.0
750ad2008000-750ad2013000 r-xp 00002000 07:0b 468                        /snap/dbeaver-ce/370/usr/lib/x86_64-linux-gnu/libXi.so.6.1.0
750ad2013000-750ad2016000 r--p 0000d000 07:0b 468                        /snap/dbeaver-ce/370/usr/lib/x86_64-linux-gnu/libXi.so.6.1.0
750ad2016000-750ad2017000 r--p 0000f000 07:0b 468                        /snap/dbeaver-ce/370/usr/lib/x86_64-linux-gnu/libXi.so.6.1.0
750ad2017000-750ad2018000 rw-p 00010000 07:0b 468                        /snap/dbeaver-ce/370/usr/lib/x86_64-linux-gnu/libXi.so.6.1.0
750ad2018000-750ad201c000 r--p 00000000 07:0b 502                        /snap/dbeaver-ce/370/usr/lib/x86_64-linux-gnu/libcairo-gobject.so.2.11600.0
750ad201c000-750ad201e000 r-xp 00004000 07:0b 502                        /snap/dbeaver-ce/370/usr/lib/x86_64-linux-gnu/libcairo-gobject.so.2.11600.0
750ad201e000-750ad2020000 r--p 00006000 07:0b 502                        /snap/dbeaver-ce/370/usr/lib/x86_64-linux-gnu/libcairo-gobject.so.2.11600.0
750ad2020000-750ad2021000 ---p 00008000 07:0b 502                        /snap/dbeaver-ce/370/usr/lib/x86_64-linux-gnu/libcairo-gobject.so.2.11600.0
750ad2021000-750ad2023000 r--p 00008000 07:0b 502                        /snap/dbeaver-ce/370/usr/lib/x86_64-linux-gnu/libcairo-gobject.so.2.11600.0
750ad2023000-750ad2024000 rw-p 0000a000 07:0b 502                        /snap/dbeaver-ce/370/usr/lib/x86_64-linux-gnu/libcairo-gobject.so.2.11600.0
750ad2024000-750ad2029000 r--p 00000000 07:0b 654                        /snap/dbeaver-ce/370/usr/lib/x86_64-linux-gnu/libpangocairo-1.0.so.0.4400.7
750ad2029000-750ad2031000 r-xp 00005000 07:0b 654                        /snap/dbeaver-ce/370/usr/lib/x86_64-linux-gnu/libpangocairo-1.0.so.0.4400.7
750ad2031000-750ad2034000 r--p 0000d000 07:0b 654                        /snap/dbeaver-ce/370/usr/lib/x86_64-linux-gnu/libpangocairo-1.0.so.0.4400.7
750ad2034000-750ad2035000 r--p 0000f000 07:0b 654                        /snap/dbeaver-ce/370/usr/lib/x86_64-linux-gnu/libpangocairo-1.0.so.0.4400.7
750ad2035000-750ad2036000 rw-p 00010000 07:0b 654                        /snap/dbeaver-ce/370/usr/lib/x86_64-linux-gnu/libpangocairo-1.0.so.0.4400.7
750ad2036000-750ad21b8000 rw-p 00000000 00:00 0 
750ad21b8000-750ad4000000 r--s 00000000 07:0b 1795                       /snap/dbeaver-ce/370/usr/share/dbeaver-ce/jre/lib/modules
750ad4000000-750ad6ef6000 rw-p 00000000 00:00 0 
750ad6ef6000-750ad8000000 ---p 00000000 00:00 0 
750ad8000000-750ad8003000 r--s 00000000 fc:01 15990797                   /var/snap/dbeaver-ce/common/fontconfig/8b235238-5774-4580-8019-63df601176f8-le64.cache-7
750ad8003000-750ad8004000 r--p 00000000 07:0b 456                        /snap/dbeaver-ce/370/usr/lib/x86_64-linux-gnu/libXcomposite.so.1.0.0
750ad8004000-750ad8005000 r-xp 00001000 07:0b 456                        /snap/dbeaver-ce/370/usr/lib/x86_64-linux-gnu/libXcomposite.so.1.0.0
750ad8005000-750ad8006000 r--p 00002000 07:0b 456                        /snap/dbeaver-ce/370/usr/lib/x86_64-linux-gnu/libXcomposite.so.1.0.0
750ad8006000-750ad8007000 r--p 00002000 07:0b 456                        /snap/dbeaver-ce/370/usr/lib/x86_64-linux-gnu/libXcomposite.so.1.0.0
750ad8007000-750ad8008000 rw-p 00003000 07:0b 456                        /snap/dbeaver-ce/370/usr/lib/x86_64-linux-gnu/libXcomposite.so.1.0.0
750ad8008000-750ad800c000 r--p 00000000 07:0b 2150                       /snap/dbeaver-ce/370/usr/share/dbeaver-ce/plugins/org.eclipse.equinox.launcher.gtk.linux.x86_64_1.2.1300.v20250212-0927/eclipse_11909.so
750ad800c000-750ad8016000 r-xp 00004000 07:0b 2150                       /snap/dbeaver-ce/370/usr/share/dbeaver-ce/plugins/org.eclipse.equinox.launcher.gtk.linux.x86_64_1.2.1300.v20250212-0927/eclipse_11909.so
750ad8016000-750ad8019000 r--p 0000e000 07:0b 2150                       /snap/dbeaver-ce/370/usr/share/dbeaver-ce/plugins/org.eclipse.equinox.launcher.gtk.linux.x86_64_1.2.1300.v20250212-0927/eclipse_11909.so
750ad8019000-750ad801a000 r--p 00010000 07:0b 2150                       /snap/dbeaver-ce/370/usr/share/dbeaver-ce/plugins/org.eclipse.equinox.launcher.gtk.linux.x86_64_1.2.1300.v20250212-0927/eclipse_11909.so
750ad801a000-750ad801b000 rw-p 00011000 07:0b 2150                       /snap/dbeaver-ce/370/usr/share/dbeaver-ce/plugins/org.eclipse.equinox.launcher.gtk.linux.x86_64_1.2.1300.v20250212-0927/eclipse_11909.so
750ad801b000-750ad801c000 rw-p 00000000 00:00 0 
750ad801c000-750ad8028000 r-xp 00000000 07:0b 1787                       /snap/dbeaver-ce/370/usr/share/dbeaver-ce/jre/lib/libnet.so
750ad8028000-750ad8029000 r--p 0000b000 07:0b 1787                       /snap/dbeaver-ce/370/usr/share/dbeaver-ce/jre/lib/libnet.so
750ad8029000-750ad802a000 rw-p 0000c000 07:0b 1787                       /snap/dbeaver-ce/370/usr/share/dbeaver-ce/jre/lib/libnet.so
750ad802a000-750ad803e000 r-xp 00000000 07:0b 1788                       /snap/dbeaver-ce/370/usr/share/dbeaver-ce/jre/lib/libnio.so
750ad803e000-750ad803f000 r--p 00013000 07:0b 1788                       /snap/dbeaver-ce/370/usr/share/dbeaver-ce/jre/lib/libnio.so
750ad803f000-750ad8040000 rw-p 00014000 07:0b 1788                       /snap/dbeaver-ce/370/usr/share/dbeaver-ce/jre/lib/libnio.so
750ad8040000-750ad805b000 r-xp 00000000 07:0b 1794                       /snap/dbeaver-ce/370/usr/share/dbeaver-ce/jre/lib/libzip.so
750ad805b000-750ad805c000 r--p 0001a000 07:0b 1794                       /snap/dbeaver-ce/370/usr/share/dbeaver-ce/jre/lib/libzip.so
750ad805c000-750ad805d000 rw-p 0001b000 07:0b 1794                       /snap/dbeaver-ce/370/usr/share/dbeaver-ce/jre/lib/libzip.so
750ad805d000-750ad80b8000 rw-p 00000000 00:00 0 
750ad80f9000-750ad85fe000 rw-p 00000000 00:00 0 
750ad85fe000-750ad85ff000 ---p 00000000 00:00 0 
750ad85ff000-750ad86ff000 rw-p 00000000 00:00 0 
750ad86ff000-750ad8700000 ---p 00000000 00:00 0 
750ad8700000-750ad8800000 rw-p 00000000 00:00 0 
750ad8800000-750ad883b000 rw-p 00000000 00:00 0 
750ad883b000-750ad8844000 ---p 00000000 00:00 0 
750ad8844000-750ad8846000 rw-p 00000000 00:00 0 
750ad8846000-750ad89fe000 ---p 00000000 00:00 0 
750ad89fe000-750ad89ff000 rw-p 00000000 00:00 0 
750ad89ff000-750ad8a00000 ---p 00000000 00:00 0 
750ad8a00000-750ad8a3b000 rw-p 00000000 00:00 0 
750ad8a3b000-750ad8a44000 ---p 00000000 00:00 0 
750ad8a44000-750ad8a46000 rw-p 00000000 00:00 0 
750ad8a46000-750ad8bfe000 ---p 00000000 00:00 0 
750ad8bfe000-750ad8bff000 rw-p 00000000 00:00 0 
750ad8bff000-750ad8c00000 ---p 00000000 00:00 0 
750ad8c00000-750ad8c01000 r--s 00000000 fc:01 15990846                   /var/snap/dbeaver-ce/common/fontconfig/2d774f1e-e8dc-417c-b715-30617840e4e2-le64.cache-7
750ad8c01000-750ad8c02000 r--s 00000000 fc:01 15990842                   /var/snap/dbeaver-ce/common/fontconfig/443a9861-0a1e-455e-880e-507bbbce37f6-le64.cache-7
750ad8c02000-750ad8c03000 r--p 00000000 07:0d 14446                      /snap/dbeaver-ce/370/gnome-platform/usr/share/locale/en/LC_MESSAGES/gtk30-properties.mo
750ad8c03000-750ad8c04000 r--p 00000000 07:0d 14447                      /snap/dbeaver-ce/370/gnome-platform/usr/share/locale/en/LC_MESSAGES/gtk30.mo
750ad8c04000-750ad8c05000 r--p 00000000 07:0b 470                        /snap/dbeaver-ce/370/usr/lib/x86_64-linux-gnu/libXinerama.so.1.0.0
750ad8c05000-750ad8c06000 r-xp 00001000 07:0b 470                        /snap/dbeaver-ce/370/usr/lib/x86_64-linux-gnu/libXinerama.so.1.0.0
750ad8c06000-750ad8c07000 r--p 00002000 07:0b 470                        /snap/dbeaver-ce/370/usr/lib/x86_64-linux-gnu/libXinerama.so.1.0.0
750ad8c07000-750ad8c08000 r--p 00002000 07:0b 470                        /snap/dbeaver-ce/370/usr/lib/x86_64-linux-gnu/libXinerama.so.1.0.0
750ad8c08000-750ad8c09000 rw-p 00003000 07:0b 470                        /snap/dbeaver-ce/370/usr/lib/x86_64-linux-gnu/libXinerama.so.1.0.0
750ad8c09000-750ad8c0a000 r--p 00000000 07:0d 938                        /snap/dbeaver-ce/370/gnome-platform/usr/lib/locale/aa_ET/LC_NUMERIC
750ad8c0a000-750ad8c0b000 r--p 00000000 07:0d 3083                       /snap/dbeaver-ce/370/gnome-platform/usr/lib/locale/en_US.utf8/LC_TIME
750ad8c0b000-750ad8c0c000 r--p 00000000 07:0d 2126                       /snap/dbeaver-ce/370/gnome-platform/usr/lib/locale/chr_US/LC_MONETARY
750ad8c0c000-750ad8c0d000 r--p 00000000 07:0d 2657                       /snap/dbeaver-ce/370/gnome-platform/usr/lib/locale/en_AG/LC_MESSAGES/SYS_LC_MESSAGES
750ad8c0d000-750ad8c0e000 r--p 00000000 07:0d 2129                       /snap/dbeaver-ce/370/gnome-platform/usr/lib/locale/chr_US/LC_PAPER
750ad8c0e000-750ad8c0f000 r--p 00000000 07:0d 1805                       /snap/dbeaver-ce/370/gnome-platform/usr/lib/locale/bi_VU/LC_NAME
750ad8c0f000-750ad8c10000 r--p 00000000 07:0d 3071                       /snap/dbeaver-ce/370/gnome-platform/usr/lib/locale/en_US.utf8/LC_ADDRESS
750ad8c10000-750ad8c11000 r--p 00000000 07:0d 2130                       /snap/dbeaver-ce/370/gnome-platform/usr/lib/locale/chr_US/LC_TELEPHONE
750ad8c11000-750ad8c12000 r--p 00000000 07:0d 2123                       /snap/dbeaver-ce/370/gnome-platform/usr/lib/locale/chr_US/LC_MEASUREMENT
750ad8c12000-750ad8c19000 r--s 00000000 07:05 6105                       /usr/lib/x86_64-linux-gnu/gconv/gconv-modules.cache
750ad8c19000-750ad8c1a000 ---p 00000000 00:00 0 
750ad8c1a000-750ad8d1a000 rw-p 00000000 00:00 0 
750ad8d1a000-750ad9576000 rw-p 00000000 00:00 0 
750ad9576000-750ad9650000 ---p 00000000 00:00 0 
750ad9650000-750ad967b000 rw-p 00000000 00:00 0 
750ad967b000-750ad973b000 ---p 00000000 00:00 0 
750ad973b000-750ad9740000 rw-p 00000000 00:00 0 
750ad9740000-750ad9747000 ---p 00000000 00:00 0 
750ad9747000-750ad9767000 r-xp 00000000 07:0b 1776                       /snap/dbeaver-ce/370/usr/share/dbeaver-ce/jre/lib/libjava.so
750ad9767000-750ad9768000 ---p 00020000 07:0b 1776                       /snap/dbeaver-ce/370/usr/share/dbeaver-ce/jre/lib/libjava.so
750ad9768000-750ad9769000 r--p 00020000 07:0b 1776                       /snap/dbeaver-ce/370/usr/share/dbeaver-ce/jre/lib/libjava.so
750ad9769000-750ad976a000 rw-p 00021000 07:0b 1776                       /snap/dbeaver-ce/370/usr/share/dbeaver-ce/jre/lib/libjava.so
750ad976a000-750ad976b000 rw-p 00000000 00:00 0 
750ad976b000-750ad9773000 rw-s 00000000 fc:01 13639640                   /tmp/hsperfdata_fourandhalf/17287
750ad9773000-750ad978e000 r-xp 00000000 07:0b 1779                       /snap/dbeaver-ce/370/usr/share/dbeaver-ce/jre/lib/libjimage.so
750ad978e000-750ad978f000 ---p 0001b000 07:0b 1779                       /snap/dbeaver-ce/370/usr/share/dbeaver-ce/jre/lib/libjimage.so
750ad978f000-750ad9791000 r--p 0001b000 07:0b 1779                       /snap/dbeaver-ce/370/usr/share/dbeaver-ce/jre/lib/libjimage.so
750ad9791000-750ad9792000 rw-p 0001d000 07:0b 1779                       /snap/dbeaver-ce/370/usr/share/dbeaver-ce/jre/lib/libjimage.so
750ad9792000-750ad9796000 ---p 00000000 00:00 0 
750ad9796000-750ad9893000 rw-p 00000000 00:00 0 
750ad9893000-750ad98a0000 r--p 00000000 07:05 6249                       /usr/lib/x86_64-linux-gnu/libm-2.31.so
750ad98a0000-750ad9947000 r-xp 0000d000 07:05 6249                       /usr/lib/x86_64-linux-gnu/libm-2.31.so
750ad9947000-750ad99e0000 r--p 000b4000 07:05 6249                       /usr/lib/x86_64-linux-gnu/libm-2.31.so
750ad99e0000-750ad99e1000 r--p 0014c000 07:05 6249                       /usr/lib/x86_64-linux-gnu/libm-2.31.so
750ad99e1000-750ad99e2000 rw-p 0014d000 07:05 6249                       /usr/lib/x86_64-linux-gnu/libm-2.31.so
750ad99e2000-750ad99e4000 r--p 00000000 07:05 6339                       /usr/lib/x86_64-linux-gnu/librt-2.31.so
750ad99e4000-750ad99e8000 r-xp 00002000 07:05 6339                       /usr/lib/x86_64-linux-gnu/librt-2.31.so
750ad99e8000-750ad99ea000 r--p 00006000 07:05 6339                       /usr/lib/x86_64-linux-gnu/librt-2.31.so
750ad99ea000-750ad99eb000 r--p 00007000 07:05 6339                       /usr/lib/x86_64-linux-gnu/librt-2.31.so
750ad99eb000-750ad99ec000 rw-p 00008000 07:05 6339                       /usr/lib/x86_64-linux-gnu/librt-2.31.so
750ad99ec000-750adae00000 r-xp 00000000 07:0b 1805                       /snap/dbeaver-ce/370/usr/share/dbeaver-ce/jre/lib/server/libjvm.so
750adae00000-750adae01000 ---p 01414000 07:0b 1805                       /snap/dbeaver-ce/370/usr/share/dbeaver-ce/jre/lib/server/libjvm.so
750adae01000-750adaed5000 r--p 01414000 07:0b 1805                       /snap/dbeaver-ce/370/usr/share/dbeaver-ce/jre/lib/server/libjvm.so
750adaed5000-750adaf05000 rw-p 014e8000 07:0b 1805                       /snap/dbeaver-ce/370/usr/share/dbeaver-ce/jre/lib/server/libjvm.so
750adaf05000-750adaf6e000 rw-p 00000000 00:00 0 
750adaf6e000-750adaf90000 r--p 00000000 07:05 6148                       /usr/lib/x86_64-linux-gnu/libc-2.31.so
750adaf90000-750adb108000 r-xp 00022000 07:05 6148                       /usr/lib/x86_64-linux-gnu/libc-2.31.so
750adb108000-750adb156000 r--p 0019a000 07:05 6148                       /usr/lib/x86_64-linux-gnu/libc-2.31.so
750adb156000-750adb15a000 r--p 001e7000 07:05 6148                       /usr/lib/x86_64-linux-gnu/libc-2.31.so
750adb15a000-750adb15c000 rw-p 001eb000 07:05 6148                       /usr/lib/x86_64-linux-gnu/libc-2.31.so
750adb15c000-750adb162000 rw-p 00000000 00:00 0 
750adb162000-750adb163000 r--p 00000000 07:05 6171                       /usr/lib/x86_64-linux-gnu/libdl-2.31.so
750adb163000-750adb165000 r-xp 00001000 07:05 6171                       /usr/lib/x86_64-linux-gnu/libdl-2.31.so
750adb165000-750adb166000 r--p 00003000 07:05 6171                       /usr/lib/x86_64-linux-gnu/libdl-2.31.so
750adb166000-750adb167000 r--p 00003000 07:05 6171                       /usr/lib/x86_64-linux-gnu/libdl-2.31.so
750adb167000-750adb168000 rw-p 00004000 07:05 6171                       /usr/lib/x86_64-linux-gnu/libdl-2.31.so
750adb168000-750adb16e000 r--p 00000000 07:05 6331                       /usr/lib/x86_64-linux-gnu/libpthread-2.31.so
750adb16e000-750adb17f000 r-xp 00006000 07:05 6331                       /usr/lib/x86_64-linux-gnu/libpthread-2.31.so
750adb17f000-750adb185000 r--p 00017000 07:05 6331                       /usr/lib/x86_64-linux-gnu/libpthread-2.31.so
750adb185000-750adb186000 r--p 0001c000 07:05 6331                       /usr/lib/x86_64-linux-gnu/libpthread-2.31.so
750adb186000-750adb187000 rw-p 0001d000 07:05 6331                       /usr/lib/x86_64-linux-gnu/libpthread-2.31.so
750adb187000-750adb18b000 rw-p 00000000 00:00 0 
750adb18b000-750adb18c000 r--p 00000000 07:0d 3074                       /snap/dbeaver-ce/370/gnome-platform/usr/lib/locale/en_US.utf8/LC_IDENTIFICATION
750adb18c000-750adb18f000 r--p 00000000 07:05 6291                       /usr/lib/x86_64-linux-gnu/libnss_files-2.31.so
750adb18f000-750adb196000 r-xp 00003000 07:05 6291                       /usr/lib/x86_64-linux-gnu/libnss_files-2.31.so
750adb196000-750adb198000 r--p 0000a000 07:05 6291                       /usr/lib/x86_64-linux-gnu/libnss_files-2.31.so
750adb198000-750adb199000 r--p 0000b000 07:05 6291                       /usr/lib/x86_64-linux-gnu/libnss_files-2.31.so
750adb199000-750adb19a000 rw-p 0000c000 07:05 6291                       /usr/lib/x86_64-linux-gnu/libnss_files-2.31.so
750adb19a000-750adb1a0000 rw-p 00000000 00:00 0 
750adb1a0000-750adb1a1000 ---p 00000000 00:00 0 
750adb1a1000-750adb1a2000 r--p 00000000 00:00 0 
750adb1a2000-750adb1bb000 r-xp 00000000 07:0b 1780                       /snap/dbeaver-ce/370/usr/share/dbeaver-ce/jre/lib/libjli.so
750adb1bb000-750adb1bc000 r--p 00018000 07:0b 1780                       /snap/dbeaver-ce/370/usr/share/dbeaver-ce/jre/lib/libjli.so
750adb1bc000-750adb1bd000 rw-p 00019000 07:0b 1780                       /snap/dbeaver-ce/370/usr/share/dbeaver-ce/jre/lib/libjli.so
750adb1bd000-750adb1be000 r--p 00000000 07:0d 286                        /snap/dbeaver-ce/370/gnome-platform/lib/x86_64-linux-gnu/bindtextdomain.so
750adb1be000-750adb1bf000 r-xp 00001000 07:0d 286                        /snap/dbeaver-ce/370/gnome-platform/lib/x86_64-linux-gnu/bindtextdomain.so
750adb1bf000-750adb1c0000 r--p 00002000 07:0d 286                        /snap/dbeaver-ce/370/gnome-platform/lib/x86_64-linux-gnu/bindtextdomain.so
750adb1c0000-750adb1c1000 r--p 00002000 07:0d 286                        /snap/dbeaver-ce/370/gnome-platform/lib/x86_64-linux-gnu/bindtextdomain.so
750adb1c1000-750adb1c2000 rw-p 00003000 07:0d 286                        /snap/dbeaver-ce/370/gnome-platform/lib/x86_64-linux-gnu/bindtextdomain.so
750adb1c2000-750adb1c4000 rw-p 00000000 00:00 0 
750adb1c4000-750adb1c8000 r--p 00000000 00:00 0                          [vvar]
750adb1c8000-750adb1ca000 r-xp 00000000 00:00 0                          [vdso]
750adb1ca000-750adb1cb000 r--p 00000000 07:05 6123                       /usr/lib/x86_64-linux-gnu/ld-2.31.so
750adb1cb000-750adb1ee000 r-xp 00001000 07:05 6123                       /usr/lib/x86_64-linux-gnu/ld-2.31.so
750adb1ee000-750adb1f6000 r--p 00024000 07:05 6123                       /usr/lib/x86_64-linux-gnu/ld-2.31.so
750adb1f6000-750adb1f7000 ---p 00000000 00:00 0 
750adb1f7000-750adb1f8000 r--p 0002c000 07:05 6123                       /usr/lib/x86_64-linux-gnu/ld-2.31.so
750adb1f8000-750adb1f9000 rw-p 0002d000 07:05 6123                       /usr/lib/x86_64-linux-gnu/ld-2.31.so
750adb1f9000-750adb1fa000 rw-p 00000000 00:00 0 
7ffef92a9000-7ffef92cc000 rw-p 00000000 00:00 0                          [stack]
ffffffffff600000-ffffffffff601000 --xp 00000000 00:00 0                  [vsyscall]
Total number of mappings: 1055


VM Arguments:
jvm_args: -XX:+IgnoreUnrecognizedVMOptions -Dosgi.requiredJavaVersion=17 -Dfile.encoding=UTF-8 --add-opens=java.base/java.io=ALL-UNNAMED --add-opens=java.base/java.lang=ALL-UNNAMED --add-opens=java.base/java.lang.reflect=ALL-UNNAMED --add-opens=java.base/java.net=ALL-UNNAMED --add-opens=java.base/java.nio=ALL-UNNAMED --add-opens=java.base/java.nio.charset=ALL-UNNAMED --add-opens=java.base/java.text=ALL-UNNAMED --add-opens=java.base/java.time=ALL-UNNAMED --add-opens=java.base/java.util=ALL-UNNAMED --add-opens=java.base/java.util.concurrent=ALL-UNNAMED --add-opens=java.base/java.util.concurrent.atomic=ALL-UNNAMED --add-opens=java.base/jdk.internal.vm=ALL-UNNAMED --add-opens=java.base/jdk.internal.misc=ALL-UNNAMED --add-opens=java.base/sun.nio.ch=ALL-UNNAMED --add-opens=java.base/sun.nio.fs=ALL-UNNAMED --add-opens=java.base/sun.security.ssl=ALL-UNNAMED --add-opens=java.base/sun.security.action=ALL-UNNAMED --add-opens=java.base/sun.security.util=ALL-UNNAMED --add-opens=java.security.jgss/sun.security.jgss=ALL-UNNAMED --add-opens=java.security.jgss/sun.security.krb5=ALL-UNNAMED --add-opens=java.desktop/java.awt=ALL-UNNAMED --add-opens=java.desktop/java.awt.peer=ALL-UNNAMED --add-opens=java.sql/java.sql=ALL-UNNAMED -Xms64m -Xmx1024m -Ddbeaver.distribution.type=deb -Duser.home=/home/fourandhalf/snap/dbeaver-ce/370 -Dorg.eclipse.swt.browser.DefaultType=webkit -Dorg.eclipse.swt.browser.UseWebKitGTK=true -Ddbeaver.io.tmpdir=/home/fourandhalf/Downloads 
java_command: /snap/dbeaver-ce/370/usr/share/dbeaver-ce//plugins/org.jkiss.dbeaver.launcher_1.0.28.202505041731.jar -os linux -ws gtk -arch x86_64 -showsplash -launcher /snap/dbeaver-ce/370/usr/share/dbeaver-ce/dbeaver -name Dbeaver --launcher.library /snap/dbeaver-ce/370/usr/share/dbeaver-ce//plugins/org.eclipse.equinox.launcher.gtk.linux.x86_64_1.2.1300.v20250212-0927/eclipse_11909.so -startup /snap/dbeaver-ce/370/usr/share/dbeaver-ce//plugins/org.jkiss.dbeaver.launcher_1.0.28.202505041731.jar --launcher.overrideVmargs -exitdata 801e -vm /snap/dbeaver-ce/370/usr/share/dbeaver-ce/jre/bin/java -vmargs -XX:+IgnoreUnrecognizedVMOptions -Dosgi.requiredJavaVersion=17 -Dfile.encoding=UTF-8 --add-opens=java.base/java.io=ALL-UNNAMED --add-opens=java.base/java.lang=ALL-UNNAMED --add-opens=java.base/java.lang.reflect=ALL-UNNAMED --add-opens=java.base/java.net=ALL-UNNAMED --add-opens=java.base/java.nio=ALL-UNNAMED --add-opens=java.base/java.nio.charset=ALL-UNNAMED --add-opens=java.base/java.text=ALL-UNNAMED --add-opens=java.base/java.time=ALL-UNNAMED --add-opens=java.base/java.util=ALL-UNNAMED --add-opens=java.base/java.util.concurrent=ALL-UNNAMED --add-opens=java.base/java.util.concurrent.atomic=ALL-UNNAMED --add-opens=java.base/jdk.internal.vm=ALL-UNNAMED --add-opens=java.base/jdk.internal.misc=ALL-UNNAMED --add-opens=java.base/sun.nio.ch=ALL-UNNAMED --add-opens=java.base/sun.nio.fs=ALL-UNNAMED --add-opens=java.base/sun.security.ssl=ALL-UNNAMED --add-opens=java.base/sun.security.action=ALL-UNNAMED --add-opens=java.base/sun.security.util=ALL-UNNAMED --add-opens=java.security.jgss/sun.security.jgss=ALL-UNNAMED --add-opens=java.security.jgss/sun.security.krb5=ALL-UNNAMED --add-opens=java.desktop/java.awt=ALL-UNNAMED --add-opens=java.desktop/java.awt.peer=ALL-UNNAMED --add-opens=java.sql/java.sql=ALL-UNNAMED -Xms64m -Xmx1024m -Ddbeaver.distribution.type=deb -jar /snap/dbeaver-ce/370/usr/share/dbeaver-ce//plugins/org.jkiss.dbeaver.launcher_1.0.28.202505041731.jar
java_class_path (initial): /snap/dbeaver-ce/370/usr/share/dbeaver-ce//plugins/org.jkiss.dbeaver.launcher_1.0.28.202505041731.jar
Launcher Type: SUN_STANDARD

[Global flags]
     intx CICompilerCount                          = 4                                         {product} {ergonomic}
     uint ConcGCThreads                            = 2                                         {product} {ergonomic}
     uint G1ConcRefinementThreads                  = 8                                         {product} {ergonomic}
   size_t G1HeapRegionSize                         = 1048576                                   {product} {ergonomic}
    uintx GCDrainStackTargetSize                   = 64                                        {product} {ergonomic}
     bool IgnoreUnrecognizedVMOptions              = true                                      {product} {command line}
   size_t InitialHeapSize                          = 67108864                                  {product} {command line}
   size_t MarkStackSize                            = 4194304                                   {product} {ergonomic}
   size_t MaxHeapSize                              = 1073741824                                {product} {command line}
   size_t MaxNewSize                               = 643825664                                 {product} {ergonomic}
   size_t MinHeapDeltaBytes                        = 1048576                                   {product} {ergonomic}
   size_t MinHeapSize                              = 67108864                                  {product} {command line}
    uintx NonNMethodCodeHeapSize                   = 5839372                                {pd product} {ergonomic}
    uintx NonProfiledCodeHeapSize                  = 122909434                              {pd product} {ergonomic}
    uintx ProfiledCodeHeapSize                     = 122909434                              {pd product} {ergonomic}
    uintx ReservedCodeCacheSize                    = 251658240                              {pd product} {ergonomic}
     bool SegmentedCodeCache                       = true                                      {product} {ergonomic}
   size_t SoftMaxHeapSize                          = 1073741824                             {manageable} {ergonomic}
     bool UseCompressedOops                        = true                           {product lp64_product} {ergonomic}
     bool UseG1GC                                  = true                                      {product} {ergonomic}

Logging:
Log output configuration:
 #0: stdout all=warning uptime,level,tags foldmultilines=false
 #1: stderr all=off uptime,level,tags foldmultilines=false

Environment Variables:
_JAVA_OPTIONS=-Duser.home=/home/fourandhalf/snap/dbeaver-ce/370 -Dorg.eclipse.swt.browser.DefaultType=webkit -Dorg.eclipse.swt.browser.UseWebKitGTK=true -Ddbeaver.io.tmpdir=/home/fourandhalf/Downloads
PATH=/snap/dbeaver-ce/370/usr/sbin:/snap/dbeaver-ce/370/usr/bin:/snap/dbeaver-ce/370/sbin:/snap/dbeaver-ce/370/bin:/usr/local/sbin:/usr/local/bin:/usr/sbin:/usr/bin:/sbin:/bin:/usr/games:/usr/local/games:/snap/dbeaver-ce/370/gnome-platform/usr/bin
USERNAME=fourandhalf
XDG_CACHE_HOME=/home/fourandhalf/snap/dbeaver-ce/common/.cache
XDG_CONFIG_HOME=/home/fourandhalf/snap/dbeaver-ce/370/.config
LD_LIBRARY_PATH=/var/lib/snapd/lib/gl:/var/lib/snapd/lib/gl32:/var/lib/snapd/void:/snap/dbeaver-ce/370/usr/lib:/snap/dbeaver-ce/370/usr/lib/x86_64-linux-gnu:/snap/dbeaver-ce/370/gnome-platform/lib/x86_64-linux-gnu:/snap/dbeaver-ce/370/gnome-platform/usr/lib/x86_64-linux-gnu:/snap/dbeaver-ce/370/gnome-platform/usr/lib:/snap/dbeaver-ce/370/gnome-platform/lib:/snap/dbeaver-ce/370/gnome-platform/usr/lib/x86_64-linux-gnu/dri:/var/lib/snapd/lib/gl:/var/lib/snapd/lib/gl/vdpau:/snap/dbeaver-ce/370/gnome-platform/usr/lib/x86_64-linux-gnu/libunity:/snap/dbeaver-ce/370/gnome-platform/usr/lib/x86_64-linux-gnu/pulseaudio
LD_PRELOAD=:/snap/dbeaver-ce/370/gnome-platform/$LIB/bindtextdomain.so
SHELL=/bin/bash
DISPLAY=:1
LANG=en_US.UTF-8
TERM=xterm-256color
TMPDIR=/tmp

Active Locale:
LC_ALL=en_US.UTF-8
LC_COLLATE=en_US.UTF-8
LC_CTYPE=en_US.UTF-8
LC_MESSAGES=en_US.UTF-8
LC_MONETARY=en_US.UTF-8
LC_NUMERIC=en_US.UTF-8
LC_TIME=en_US.UTF-8

Signal Handlers:
   SIGSEGV: crash_handler in libjvm.so, mask=11100100010111111101111111111110, flags=SA_RESTART|SA_SIGINFO, unblocked
    SIGBUS: crash_handler in libjvm.so, mask=11100100010111111101111111111110, flags=SA_RESTART|SA_SIGINFO, unblocked
    SIGFPE: crash_handler in libjvm.so, mask=11100100010111111101111111111110, flags=SA_RESTART|SA_SIGINFO, unblocked
   SIGPIPE: SIG_IGN, mask=00000000000010000000000000000000, flags=SA_RESTART, blocked
  *** Handler was modified!
  *** Expected: javaSignalHandler in libjvm.so, mask=11100100110111111111111111111110, flags=SA_RESTART|SA_SIGINFO
   SIGXFSZ: javaSignalHandler in libjvm.so, mask=11100100010111111101111111111110, flags=SA_RESTART|SA_SIGINFO, blocked
    SIGILL: crash_handler in libjvm.so, mask=11100100010111111101111111111110, flags=SA_RESTART|SA_SIGINFO, unblocked
   SIGUSR2: SR_handler in libjvm.so, mask=00000000000000000000000000000000, flags=SA_RESTART|SA_SIGINFO, blocked
    SIGHUP: UserHandler in libjvm.so, mask=11100100010111111101111111111110, flags=SA_RESTART|SA_SIGINFO, blocked
    SIGINT: UserHandler in libjvm.so, mask=11100100010111111101111111111110, flags=SA_RESTART|SA_SIGINFO, blocked
   SIGTERM: UserHandler in libjvm.so, mask=11100100010111111101111111111110, flags=SA_RESTART|SA_SIGINFO, blocked
   SIGQUIT: UserHandler in libjvm.so, mask=11100100010111111101111111111110, flags=SA_RESTART|SA_SIGINFO, blocked
   SIGTRAP: crash_handler in libjvm.so, mask=11100100010111111101111111111110, flags=SA_RESTART|SA_SIGINFO, unblocked


Periodic native trim disabled

---------------  S Y S T E M  ---------------

OS:
Debian bookworm/sid
uname: Linux 6.12.10-76061203-generic #202412060638~1743109366~22.04~1fce33b SMP PREEMPT_DYNAMIC Thu M x86_64
OS uptime: 0 days 5:46 hours
libc: glibc 2.31 NPTL 2.31 
rlimit (soft/hard): STACK 8192k/infinity , CORE 0k/infinity , NPROC 28842/28842 , NOFILE 1048576/1048576 , AS infinity/infinity , CPU infinity/infinity , DATA infinity/infinity , FSIZE infinity/infinity , MEMLOCK 943440k/943440k
load average: 2.14 1.64 1.43

/proc/meminfo:
MemTotal:        7547520 kB
MemFree:          282060 kB
MemAvailable:    1528508 kB
Buffers:           20932 kB
Cached:          1780308 kB
SwapCached:         8020 kB
Active:          2936984 kB
Inactive:        1982080 kB
Active(anon):    2246720 kB
Inactive(anon):  1033208 kB
Active(file):     690264 kB
Inactive(file):   948872 kB
Unevictable:         120 kB
Mlocked:             120 kB
SwapTotal:      11741684 kB
SwapFree:        8957296 kB
Zswap:                 0 kB
Zswapped:              0 kB
Dirty:              1992 kB
Writeback:             0 kB
AnonPages:       3113632 kB
Mapped:          1006976 kB
Shmem:            163220 kB
KReclaimable:     147684 kB
Slab:             417652 kB
SReclaimable:     147684 kB
SUnreclaim:       269968 kB
KernelStack:       27008 kB
PageTables:        84900 kB
SecPageTables:      4516 kB
NFS_Unstable:          0 kB
Bounce:                0 kB
WritebackTmp:          0 kB
CommitLimit:    15515444 kB
Committed_AS:   21655600 kB
VmallocTotal:   34359738367 kB
VmallocUsed:      211056 kB
VmallocChunk:          0 kB
Percpu:             8512 kB
HardwareCorrupted:     0 kB
AnonHugePages:         0 kB
ShmemHugePages:        0 kB
ShmemPmdMapped:        0 kB
FileHugePages:         0 kB
FilePmdMapped:         0 kB
Unaccepted:            0 kB
HugePages_Total:       0
HugePages_Free:        0
HugePages_Rsvd:        0
HugePages_Surp:        0
Hugepagesize:       2048 kB
Hugetlb:               0 kB
DirectMap4k:     2002192 kB
DirectMap2M:     5797888 kB
DirectMap1G:     1048576 kB

/sys/kernel/mm/transparent_hugepage/enabled: always [madvise] never
/sys/kernel/mm/transparent_hugepage/hpage_pmd_size: 2097152
/sys/kernel/mm/transparent_hugepage/defrag (defrag/compaction efforts parameter): always defer defer+madvise [madvise] never

Process Memory:
Virtual Size: 6879712K (peak: 6882688K)
Resident Set Size: 429016K (peak: 474664K) (anon: 388992K, file: 38872K, shmem: 1152K)
Swapped out: 67700K
C-Heap outstanding allocations: 91689K, retained: 127294K (may have wrapped)
glibc malloc tunables: (default)

/proc/sys/kernel/threads-max (system-wide limit on the number of threads): <Not Available>
/proc/sys/vm/max_map_count (maximum number of memory map areas a process may have): <Not Available>
/proc/sys/vm/swappiness (control to define how aggressively the kernel swaps out anonymous memory): <Not Available>
/proc/sys/kernel/pid_max (system-wide limit on number of process identifiers): 4194304

container information not found.
Steal ticks since vm start: 0
Steal ticks percentage since vm start:  0.000

CPU: total 8 (initial active 8) (8 cores per cpu, 2 threads per core) family 23 model 24 stepping 1 microcode 0x8108102, cx8, cmov, fxsr, ht, mmx, 3dnowpref, sse, sse2, sse3, ssse3, sse4a, sse4.1, sse4.2, popcnt, lzcnt, tsc, tscinvbit, avx, avx2, aes, clmul, bmi1, bmi2, adx, sha, fma, vzeroupper, clflush, clflushopt, rdtscp, f16c
CPU Model and flags from /proc/cpuinfo:
model name	: AMD Ryzen 5 3550H with Radeon Vega Mobile Gfx
flags		: fpu vme de pse tsc msr pae mce cx8 apic sep mtrr pge mca cmov pat pse36 clflush mmx fxsr sse sse2 ht syscall nx mmxext fxsr_opt pdpe1gb rdtscp lm constant_tsc rep_good nopl nonstop_tsc cpuid extd_apicid aperfmperf rapl pni pclmulqdq monitor ssse3 fma cx16 sse4_1 sse4_2 movbe popcnt aes xsave avx f16c rdrand lahf_lm cmp_legacy svm extapic cr8_legacy abm sse4a misalignsse 3dnowprefetch osvw skinit wdt tce topoext perfctr_core perfctr_nb bpext perfctr_llc mwaitx cpb hw_pstate ssbd ibpb vmmcall fsgsbase bmi1 avx2 smep bmi2 rdseed adx smap clflushopt sha_ni xsaveopt xsavec xgetbv1 clzero irperf xsaveerptr arat npt lbrv svm_lock nrip_save tsc_scale vmcb_clean flushbyasid decodeassists pausefilter pfthreshold avic v_vmsave_vmload vgif overflow_recov succor smca sev sev_es

Online cpus: 0-7
Offline cpus: 
BIOS frequency limitation: 2100000
Frequency switch latency (ns): 0
Available cpu frequencies: 2100000 1700000 1400000 
Current governor: schedutil
Core performance/turbo boost: 1

Memory: 4k page, physical 7547520k(1528508k free), swap 11741684k(8957552k free)
Page Sizes: 4k

vm_info: OpenJDK 64-Bit Server VM (21.0.5+11-LTS) for linux-amd64 JRE (21.0.5+11-LTS), built on 2024-10-15T00:00:00Z by "admin" with gcc 11.3.0

END.
